AMB-960 visual anatomy scan
head=8f4a40570524600d1ea0d90ab39f4dace6950ad4
date=2026-06-11T17:48:49Z

Native/Ambitions/Features/Time/TimeViewModel.swift:7:    var state: AsyncViewState<TimeDashboard>
Native/Ambitions/Features/Time/TimeViewModel.swift:22:    init(state: AsyncViewState<TimeDashboard> = .loading) {
Native/Ambitions/Features/Time/TimeViewModel.swift:34:            state = .loaded(try await service.loadTimeDashboard(now: now))
Native/Ambitions/Features/You/YouViewModel.swift:8:    var state: AsyncViewState<YouDashboard>
Native/Ambitions/Features/You/YouViewModel.swift:28:    var loadedDashboard: YouDashboard? {
Native/Ambitions/Features/You/YouViewModel.swift:33:    init(state: AsyncViewState<YouDashboard> = .loading) {
Native/Ambitions/Features/You/YouViewModel.swift:42:        guard let dashboard = loadedDashboard else { return false }
Native/Ambitions/Features/You/YouViewModel.swift:57:            let dashboard = try await service.loadYouDashboard()
Native/Ambitions/Features/You/YouViewModel.swift:86:    private func syncEditor(with dashboard: YouDashboard) {
Native/Ambitions/Features/Goals/CreateGoalScreen.swift:24:        ScrollView {
Native/Ambitions/Features/Goals/CreateGoalScreen.swift:25:            VStack(alignment: .leading, spacing: theme.spacing.lg) {
Native/Ambitions/Features/Goals/CreateGoalScreen.swift:26:                HeroCard {
Native/Ambitions/Features/Goals/CreateGoalScreen.swift:27:                    VStack(alignment: .leading, spacing: theme.spacing.sm) {
Native/Ambitions/Features/Goals/CreateGoalScreen.swift:41:                .ambitionPanelAccessibility()
Native/Ambitions/Features/Goals/CreateGoalScreen.swift:44:                    EmptyStateCard(
Native/Ambitions/Features/Goals/CreateGoalScreen.swift:54:                intakeCard
Native/Ambitions/Features/Goals/CreateGoalScreen.swift:56:                    captureGoalHandoffCard(handoff)
Native/Ambitions/Features/Goals/CreateGoalScreen.swift:58:                composerHeroCard
Native/Ambitions/Features/Goals/CreateGoalScreen.swift:63:                        LoadingSkeletonCard(lineCount: 5)
Native/Ambitions/Features/Goals/CreateGoalScreen.swift:66:                    LoadingSkeletonCard(lineCount: 7)
Native/Ambitions/Features/Goals/CreateGoalScreen.swift:68:                    AppCard(state: .warning) {
Native/Ambitions/Features/Goals/CreateGoalScreen.swift:69:                        VStack(alignment: .leading, spacing: theme.spacing.sm) {
Native/Ambitions/Features/Goals/CreateGoalScreen.swift:82:                        clarificationCard(clarification)
Native/Ambitions/Features/Goals/CreateGoalScreen.swift:85:                    goalSeedReviewCard(preview.goalSeedReviewState)
Native/Ambitions/Features/Goals/CreateGoalScreen.swift:87:                    strategyCard(preview)
Native/Ambitions/Features/Goals/CreateGoalScreen.swift:90:                        feasibilityCard(feasibility, preview: preview)
Native/Ambitions/Features/Goals/CreateGoalScreen.swift:94:                        milestoneCard(preview)
Native/Ambitions/Features/Goals/CreateGoalScreen.swift:97:                    trustCard(preview.trust)
Native/Ambitions/Features/Goals/CreateGoalScreen.swift:149:    private var composerHeroCard: some View {
Native/Ambitions/Features/Goals/CreateGoalScreen.swift:150:        AppCard(state: heroVisualState) {
Native/Ambitions/Features/Goals/CreateGoalScreen.swift:151:            VStack(alignment: .leading, spacing: theme.spacing.md) {
Native/Ambitions/Features/Goals/CreateGoalScreen.swift:157:                    TagPill(heroBadgeTitle, state: heroVisualState)
Native/Ambitions/Features/Goals/CreateGoalScreen.swift:161:                    TagPill(viewModel.selectedPace.rawValue.capitalized, icon: "dial.medium", state: .selected)
Native/Ambitions/Features/Goals/CreateGoalScreen.swift:163:                        TagPill("Date \(selectedTargetDate)", icon: "calendar", state: .default)
Native/Ambitions/Features/Goals/CreateGoalScreen.swift:166:                        TagPill("Grow into Goal", icon: "tray.full", state: .default)
Native/Ambitions/Features/Goals/CreateGoalScreen.swift:176:    private var intakeCard: some View {
Native/Ambitions/Features/Goals/CreateGoalScreen.swift:177:        AppCard {
Native/Ambitions/Features/Goals/CreateGoalScreen.swift:178:            VStack(alignment: .leading, spacing: theme.spacing.md) {
Native/Ambitions/Features/Goals/CreateGoalScreen.swift:210:    private func captureGoalHandoffCard(_ handoff: CaptureGoalHandoffState) -> some View {
Native/Ambitions/Features/Goals/CreateGoalScreen.swift:211:        AppCard(state: .selected) {
Native/Ambitions/Features/Goals/CreateGoalScreen.swift:212:            VStack(alignment: .leading, spacing: theme.spacing.sm) {
Native/Ambitions/Features/Goals/CreateGoalScreen.swift:223:                    TagPill(handoff.confirmationLabel, icon: "checkmark.seal", state: .selected)
Native/Ambitions/Features/Goals/CreateGoalScreen.swift:224:                    TagPill(handoff.privacyLabel, icon: "lock", state: .default)
Native/Ambitions/Features/Goals/CreateGoalScreen.swift:233:    private func goalSeedReviewCard(_ review: GoalSeedReviewState) -> some View {
Native/Ambitions/Features/Goals/CreateGoalScreen.swift:234:        AppCard(state: review.state) {
Native/Ambitions/Features/Goals/CreateGoalScreen.swift:235:            VStack(alignment: .leading, spacing: theme.spacing.sm) {
Native/Ambitions/Features/Goals/CreateGoalScreen.swift:240:                    TagPill("Confirm first", icon: "checkmark.seal", state: review.state)
Native/Ambitions/Features/Goals/CreateGoalScreen.swift:260:    private func clarificationCard(_ clarification: GoalClarificationState) -> some View {
Native/Ambitions/Features/Goals/CreateGoalScreen.swift:261:        AppCard(state: .warning) {
Native/Ambitions/Features/Goals/CreateGoalScreen.swift:262:            VStack(alignment: .leading, spacing: theme.spacing.md) {
Native/Ambitions/Features/Goals/CreateGoalScreen.swift:269:                    VStack(alignment: .leading, spacing: theme.spacing.xs) {
Native/Ambitions/Features/Goals/CreateGoalScreen.swift:295:    private func strategyCard(_ preview: CreateGoalPreviewState) -> some View {
Native/Ambitions/Features/Goals/CreateGoalScreen.swift:296:        AppCard(state: preview.renderState.visualState) {
Native/Ambitions/Features/Goals/CreateGoalScreen.swift:297:            VStack(alignment: .leading, spacing: theme.spacing.md) {
Native/Ambitions/Features/Goals/CreateGoalScreen.swift:304:                        TagPill(preview.modeLabel, state: .default)
Native/Ambitions/Features/Goals/CreateGoalScreen.swift:305:                        TagPill(preview.renderState.title, state: preview.renderState.visualState)
Native/Ambitions/Features/Goals/CreateGoalScreen.swift:310:                    VStack(alignment: .leading, spacing: theme.spacing.sm) {
Native/Ambitions/Features/Goals/CreateGoalScreen.swift:327:                                    VStack(alignment: .leading, spacing: theme.spacing.xxs) {
Native/Ambitions/Features/Goals/CreateGoalScreen.swift:336:                                    TagPill(stage.stepCountLabel, state: stage.state)
Native/Ambitions/Features/Goals/CreateGoalScreen.swift:349:    private func feasibilityCard(
Native/Ambitions/Features/Goals/CreateGoalScreen.swift:353:        AppCard(state: feasibility.state) {
Native/Ambitions/Features/Goals/CreateGoalScreen.swift:354:            VStack(alignment: .leading, spacing: theme.spacing.md) {
Native/Ambitions/Features/Goals/CreateGoalScreen.swift:359:                    TagPill(preview.selectedPace.rawValue.capitalized, state: .selected)
Native/Ambitions/Features/Goals/CreateGoalScreen.swift:362:                VStack(alignment: .leading, spacing: theme.spacing.sm) {
Native/Ambitions/Features/Goals/CreateGoalScreen.swift:372:                                VStack(alignment: .leading, spacing: theme.spacing.xxs) {
Native/Ambitions/Features/Goals/CreateGoalScreen.swift:383:                                TagPill(option.badgeTitle, state: option.state)
Native/Ambitions/Features/Goals/CreateGoalScreen.swift:387:                            .background(
Native/Ambitions/Features/Goals/CreateGoalScreen.swift:388:                                RoundedRectangle(cornerRadius: theme.radius.md, style: .continuous)
Native/Ambitions/Features/Goals/CreateGoalScreen.swift:391:                            .overlay(
Native/Ambitions/Features/Goals/CreateGoalScreen.swift:392:                                RoundedRectangle(cornerRadius: theme.radius.md, style: .continuous)
Native/Ambitions/Features/Goals/CreateGoalScreen.swift:401:                    VStack(alignment: .leading, spacing: theme.spacing.xs) {
Native/Ambitions/Features/Goals/CreateGoalScreen.swift:414:                    VStack(alignment: .leading, spacing: theme.spacing.xs) {
Native/Ambitions/Features/Goals/CreateGoalScreen.swift:428:                                TagPill(deadlineGuidance.badgeTitle, state: deadlineGuidance.state)
Native/Ambitions/Features/Goals/CreateGoalScreen.swift:442:    private func milestoneCard(_ preview: CreateGoalPreviewState) -> some View {
Native/Ambitions/Features/Goals/CreateGoalScreen.swift:443:        AppCard {
Native/Ambitions/Features/Goals/CreateGoalScreen.swift:444:            VStack(alignment: .leading, spacing: theme.spacing.md) {
Native/Ambitions/Features/Goals/CreateGoalScreen.swift:452:                        VStack(alignment: .leading, spacing: theme.spacing.xxs) {
Native/Ambitions/Features/Goals/CreateGoalScreen.swift:461:                        TagPill(item.timingLabel, state: .default)
Native/Ambitions/Features/Goals/CreateGoalScreen.swift:470:    private func trustCard(_ trust: StrategyComposerTrustState) -> some View {
Native/Ambitions/Features/Goals/CreateGoalScreen.swift:471:        AppCard(state: trust.state) {
Native/Ambitions/Features/Goals/CreateGoalScreen.swift:472:            VStack(alignment: .leading, spacing: theme.spacing.md) {
Native/Ambitions/Features/Goals/CreateGoalScreen.swift:477:                    TagPill(trust.badgeTitle, state: trust.state)
Native/Ambitions/Features/Goals/CreateGoalScreen.swift:598:    .appContainer(PreviewAppContainerFactory.preview)
Native/Ambitions/Features/Goals/CreateGoalScreen.swift:612:    .appContainer(PreviewAppContainerFactory.preview)
Native/Ambitions/App/AppTab.swift:32:        let container = try decoder.singleValueContainer()
Native/Ambitions/App/AppTab.swift:45:        var container = encoder.singleValueContainer()
Native/Ambitions/Features/Motion/MotionCurrentScreen.swift:13:    let firstViewportAvoidsAnalyticsReportCardDashboardOutput: Bool
Native/Ambitions/Features/Motion/MotionCurrentScreen.swift:42:        firstViewportAvoidsAnalyticsReportCardDashboardOutput: true,
Native/Ambitions/Features/Motion/MotionCurrentScreen.swift:60:        ScrollView {
Native/Ambitions/Features/Motion/MotionCurrentScreen.swift:61:            VStack(alignment: .leading, spacing: theme.spacing.md) {
Native/Ambitions/Features/Motion/MotionCurrentScreen.swift:93:        VStack(alignment: .leading, spacing: theme.spacing.sm) {
Native/Ambitions/Features/Motion/MotionCurrentScreen.swift:149:            VStack(alignment: .leading, spacing: theme.spacing.md) {
Native/Ambitions/Features/Motion/MotionCurrentScreen.swift:161:        .overlay(alignment: .top) {
Native/Ambitions/Features/Motion/MotionCurrentScreen.swift:166:        .overlay(alignment: .bottom) {
Native/Ambitions/Features/Motion/MotionCurrentScreen.swift:200:        VStack(alignment: .leading, spacing: theme.spacing.sm) {
Native/Ambitions/Features/Motion/MotionCurrentScreen.swift:224:            VStack(alignment: .leading, spacing: theme.spacing.sm) {
Native/Ambitions/Features/Motion/MotionCurrentScreen.swift:259:        VStack(alignment: .leading, spacing: theme.spacing.xxxs) {
Native/Ambitions/Features/Motion/MotionCurrentScreen.swift:279:        .overlay(alignment: .leading) {
Native/Ambitions/Features/Motion/MotionCurrentScreen.swift:358:            VStack(alignment: .leading, spacing: reduceMotion ? theme.spacing.sm : theme.spacing.xs) {
Native/Ambitions/Features/Motion/MotionCurrentScreen.swift:395:            .overlay(Circle().stroke(tint.opacity(colorSchemeContrast == .increased ? 0.78 : 0.34), lineWidth: 1))
Native/Ambitions/Features/Motion/MotionCurrentScreen.swift:398:            VStack(alignment: .leading, spacing: 1) {
Native/Ambitions/Features/Motion/MotionCurrentScreen.swift:429:        VStack(alignment: .leading, spacing: theme.spacing.md) {
Native/Ambitions/Features/Motion/MotionCurrentScreen.swift:456:            VStack(alignment: .leading, spacing: theme.spacing.xs) {
Native/Ambitions/Features/Motion/MotionCurrentScreen.swift:484:                VStack(alignment: .leading, spacing: theme.spacing.xs) {
Native/Ambitions/Features/Motion/MotionCurrentScreen.swift:494:        .overlay(alignment: .top) {
Native/Ambitions/Features/Motion/MotionCurrentScreen.swift:499:        .overlay(alignment: .bottom) {
Native/Ambitions/Features/Motion/MotionCurrentScreen.swift:504:        .overlay(alignment: .leading) {
Native/Ambitions/Features/Motion/MotionCurrentScreen.swift:532:            VStack(alignment: .leading, spacing: theme.spacing.xs) {
Native/Ambitions/Features/Motion/MotionCurrentScreen.swift:543:                VStack(alignment: .leading, spacing: theme.spacing.xs) {
Native/Ambitions/Features/Motion/MotionCurrentScreen.swift:572:        .overlay(alignment: .bottom) {
Native/Ambitions/Features/Motion/MotionCurrentScreen.swift:595:            VStack(alignment: .leading, spacing: theme.spacing.xs) {
Native/Ambitions/Features/Motion/MotionCurrentScreen.swift:637:        VStack(alignment: .leading, spacing: theme.spacing.sm) {
Native/Ambitions/Features/Motion/MotionCurrentScreen.swift:675:                MotionChipState(title: "Local", icon: "iphone", semanticState: .protected),
Native/Ambitions/Features/Motion/MotionCurrentScreen.swift:676:                MotionChipState(title: "Source-led", icon: "link", semanticState: .trust),
Native/Ambitions/Features/Motion/MotionCurrentScreen.swift:677:                MotionChipState(title: "Receipt", icon: "checkmark.seal", semanticState: .success)
Native/Ambitions/Features/Motion/MotionCurrentScreen.swift:690:                    MotionChipState(title: "Origin", icon: "point.topleft.down.curvedto.point.bottomright.up", semanticState: .focus),
Native/Ambitions/Features/Motion/MotionCurrentScreen.swift:691:                    MotionChipState(title: "Proof seam", icon: "seal", semanticState: .success),
Native/Ambitions/Features/Motion/MotionCurrentScreen.swift:692:                    MotionChipState(title: "Receipt path", icon: "doc.text", semanticState: .trust)
Native/Ambitions/Features/Motion/MotionCurrentScreen.swift:741:                    MotionChipState(title: "Still counts", icon: "checkmark.circle", semanticState: .recovery),
Native/Ambitions/Features/Motion/MotionCurrentScreen.swift:742:                    MotionChipState(title: "Lighter path", icon: "leaf", semanticState: .focus),
Native/Ambitions/Features/Motion/MotionCurrentScreen.swift:743:                    MotionChipState(title: "Consent", icon: "hand.raised", semanticState: .trust)
Native/Ambitions/Features/Motion/MotionCurrentScreen.swift:792:                    MotionChipState(title: "Owner", icon: "person.crop.circle", semanticState: .protected),
Native/Ambitions/Features/Motion/MotionCurrentScreen.swift:793:                    MotionChipState(title: "Return point", icon: "arrow.forward.circle", semanticState: .focus),
Native/Ambitions/Features/Motion/MotionCurrentScreen.swift:794:                    MotionChipState(title: "Next seam", icon: "line.3.horizontal.decrease", semanticState: .trust)
Native/Ambitions/Features/Motion/MotionCurrentScreen.swift:917:    let chips: [MotionChipState]
Native/Ambitions/Features/Motion/MotionCurrentScreen.swift:942:    let markers: [MotionChipState]
Native/Ambitions/Features/Motion/MotionCurrentScreen.swift:975:struct MotionChipState: Identifiable {
Native/Ambitions/Features/Motion/MotionCurrentScreen.swift:1017:            VStack(alignment: .leading, spacing: spacing) {
Native/Ambitions/Features/Today/TodayStepReplacementSheet.swift:616:            ScrollView {
Native/Ambitions/Features/Today/TodayStepReplacementSheet.swift:617:                VStack(alignment: .leading, spacing: theme.spacing.lg) {
Native/Ambitions/Features/Today/TodayStepReplacementSheet.swift:619:                    originalRecommendationCard
Native/Ambitions/Features/Today/TodayStepReplacementSheet.swift:627:            .background(TodayBackgroundView())
Native/Ambitions/Features/Today/TodayStepReplacementSheet.swift:652:        VStack(alignment: .leading, spacing: theme.spacing.xs) {
Native/Ambitions/Features/Today/TodayStepReplacementSheet.swift:667:    private var originalRecommendationCard: some View {
Native/Ambitions/Features/Today/TodayStepReplacementSheet.swift:701:        VStack(alignment: .leading, spacing: theme.spacing.sm) {
Native/Ambitions/Features/Today/TodayStepReplacementSheet.swift:710:            VStack(alignment: .leading, spacing: theme.spacing.sm) {
Native/Ambitions/Features/Today/TodayStepReplacementSheet.swift:749:            replacementOptionImpactChips(option)
Native/Ambitions/Features/Today/TodayStepReplacementSheet.swift:792:    private func replacementOptionImpactChips(_ option: TodayStepReplacementOptionState) -> some View {
Native/Ambitions/Features/Today/TodayStepReplacementSheet.swift:794:            AmbitionChip(
Native/Ambitions/Features/Today/TodayStepReplacementSheet.swift:799:            AmbitionChip(option.candidate.kind.semanticLabel, role: .state, semanticState: semanticState(for: option))
Native/Ambitions/Features/Today/TodayStepReplacementSheet.swift:867:        VStack(alignment: .leading, spacing: theme.spacing.sm) {
Native/Ambitions/App/ShellTabReselectionObserver.swift:74:    func firstScrollableView() -> UIScrollView? {
Native/Ambitions/App/ShellTabReselectionObserver.swift:75:        if let scrollView = self as? UIScrollView {
Native/Ambitions/Features/You/YouRootSurface.swift:125:    let profileProjection: YouDashboard
Native/Ambitions/Features/You/YouRootSurface.swift:129:        VStack(alignment: .leading, spacing: theme.spacing.lg) {
Native/Ambitions/Features/You/YouRootSurface.swift:153:        VStack(alignment: .leading, spacing: theme.spacing.xs) {
Native/Ambitions/Features/You/YouRootSurface.swift:169:        .overlay(alignment: .leading) {
Native/Ambitions/Features/You/YouRootSurface.swift:318:        VStack(alignment: .leading, spacing: theme.spacing.sm) {
Native/Ambitions/Features/You/YouRootSurface.swift:319:            VStack(alignment: .leading, spacing: theme.spacing.xxxs) {
Native/Ambitions/Features/You/YouRootSurface.swift:330:            VStack(spacing: 0) {
Native/Ambitions/Features/You/YouRootSurface.swift:340:            .overlay(alignment: .top) {
Native/Ambitions/Features/You/YouRootSurface.swift:345:            .overlay(alignment: .bottom) {
Native/Ambitions/Features/You/YouRootSurface.swift:371:                .background(Circle().fill(accent.opacity(0.12)))
Native/Ambitions/Features/You/YouRootSurface.swift:374:            VStack(alignment: .leading, spacing: theme.spacing.xxxs) {
Native/Ambitions/Features/You/YouRootSurface.swift:406:        .background(alignment: .leading) {
Native/Ambitions/Features/You/YouRootSurface.swift:411:        .overlay(alignment: .bottom) {
Native/Ambitions/Features/You/YouRootSurface.swift:437:        VStack(alignment: .leading, spacing: theme.spacing.md) {
Native/Ambitions/Features/You/YouRootSurface.swift:439:                VStack(alignment: .leading, spacing: theme.spacing.xs) {
Native/Ambitions/Features/You/YouRootSurface.swift:440:                    VStack(alignment: .leading, spacing: theme.spacing.xxxs) {
Native/Ambitions/Features/You/YouRootSurface.swift:453:                    VStack(spacing: theme.spacing.xxs) {
Native/Ambitions/Features/You/YouRootSurface.swift:483:        .background(alignment: .leading) {
Native/Ambitions/Features/You/YouRootSurface.swift:488:        .overlay(alignment: .bottom) {
Native/Ambitions/Features/You/YouRootSurface.swift:513:            VStack(alignment: .leading, spacing: theme.spacing.xxxs) {
Native/Ambitions/Features/You/YouRootSurface.swift:515:                statusPill(accent: accent)
Native/Ambitions/Features/You/YouRootSurface.swift:526:        VStack(alignment: .leading, spacing: theme.spacing.xs) {
Native/Ambitions/Features/You/YouRootSurface.swift:530:                VStack(alignment: .leading, spacing: theme.spacing.xxs) {
Native/Ambitions/Features/You/YouRootSurface.swift:532:                    statusPill(accent: accent)
Native/Ambitions/Features/You/YouRootSurface.swift:550:            .background(Circle().fill(accent.opacity(0.12)))
Native/Ambitions/Features/You/YouRootSurface.swift:565:    private func statusPill(accent: Color) -> some View {
Native/Ambitions/Features/You/YouRootSurface.swift:575:                .background(alignment: .bottom) {
Native/Ambitions/Features/Time/WeeklyReviewScreen.swift:8:    var state: AsyncViewState<WeeklyReviewDashboard> = .loading
Native/Ambitions/Features/Time/WeeklyReviewScreen.swift:30:            state = .loaded(try await service.loadWeeklyReviewDashboard(now: now))
Native/Ambitions/Features/Time/WeeklyReviewScreen.swift:45:        ScrollView {
Native/Ambitions/Features/Time/WeeklyReviewScreen.swift:46:            LazyVStack(alignment: .leading, spacing: theme.spacing.lg) {
Native/Ambitions/Features/Time/WeeklyReviewScreen.swift:49:                    AsyncStateCard(.loading(lines: 8))
Native/Ambitions/Features/Time/WeeklyReviewScreen.swift:86:                    AppCard {
Native/Ambitions/Features/Time/WeeklyReviewScreen.swift:87:                        VStack(alignment: .leading, spacing: theme.spacing.md) {
Native/Ambitions/Features/Time/WeeklyReviewScreen.swift:107:                            VStack(alignment: .leading, spacing: theme.spacing.xxxs) {
Native/Ambitions/Features/Time/WeeklyReviewScreen.swift:159:    let dashboard: WeeklyReviewDashboard
Native/Ambitions/Features/Time/WeeklyReviewScreen.swift:162:        HeroCard(state: .selected) {
Native/Ambitions/Features/Time/WeeklyReviewScreen.swift:163:            VStack(alignment: .leading, spacing: theme.spacing.md) {
Native/Ambitions/Features/Time/WeeklyReviewScreen.swift:164:                VStack(alignment: .leading, spacing: theme.spacing.xxs) {
Native/Ambitions/Features/Time/WeeklyReviewScreen.swift:180:                ScrollView(.horizontal, showsIndicators: false) {
Native/Ambitions/Features/Time/WeeklyReviewScreen.swift:182:                        ForEach(dashboard.hero.contextPills) { pill in
Native/Ambitions/Features/Time/WeeklyReviewScreen.swift:183:                            TagPill(pill.title, icon: pill.icon, state: pill.state)
Native/Ambitions/Features/Time/WeeklyReviewScreen.swift:194:        .ambitionPanelAccessibility()
Native/Ambitions/Features/Time/WeeklyReviewScreen.swift:201:    let dashboard: WeeklyReviewDashboard
Native/Ambitions/Features/Time/WeeklyReviewScreen.swift:204:        AppCard {
Native/Ambitions/Features/Time/WeeklyReviewScreen.swift:205:            VStack(alignment: .leading, spacing: theme.spacing.md) {
Native/Ambitions/Features/Time/WeeklyReviewScreen.swift:222:        AppCard {
Native/Ambitions/Features/Time/WeeklyReviewScreen.swift:223:            VStack(alignment: .leading, spacing: theme.spacing.md) {
Native/Ambitions/Features/Time/WeeklyReviewScreen.swift:229:                VStack(alignment: .leading, spacing: theme.spacing.sm) {
Native/Ambitions/Features/Time/WeeklyReviewScreen.swift:236:                                VStack(alignment: .leading, spacing: theme.spacing.xxxs) {
Native/Ambitions/Features/Time/WeeklyReviewScreen.swift:237:                                    TagPill(item.bridgeLabel, state: item.state)
Native/Ambitions/Features/Time/WeeklyReviewScreen.swift:254:                            .background(
Native/Ambitions/Features/Time/WeeklyReviewScreen.swift:255:                                RoundedRectangle(cornerRadius: theme.radius.lg, style: .continuous)
Native/Ambitions/Features/Time/WeeklyReviewScreen.swift:258:                            .overlay(
Native/Ambitions/Features/Time/WeeklyReviewScreen.swift:259:                                RoundedRectangle(cornerRadius: theme.radius.lg, style: .continuous)
Native/Ambitions/Features/Time/WeeklyReviewScreen.swift:271:        .ambitionPanelAccessibility()
Native/Ambitions/Features/Time/WeeklyReviewScreen.swift:281:        AppCard(state: context.visualState) {
Native/Ambitions/Features/Time/WeeklyReviewScreen.swift:282:            VStack(alignment: .leading, spacing: theme.spacing.md) {
Native/Ambitions/Features/Time/WeeklyReviewScreen.swift:288:                VStack(alignment: .leading, spacing: theme.spacing.sm) {
Native/Ambitions/Features/Time/WeeklyReviewScreen.swift:298:                    VStack(alignment: .leading, spacing: theme.spacing.xxxs) {
Native/Ambitions/Features/Time/WeeklyReviewScreen.swift:313:                .background(
Native/Ambitions/Features/Time/WeeklyReviewScreen.swift:314:                    RoundedRectangle(cornerRadius: theme.radius.md, style: .continuous)
Native/Ambitions/Features/Time/WeeklyReviewScreen.swift:319:        .ambitionPanelAccessibility()
Native/Ambitions/Features/Time/TimeFeatureModels.swift:4:enum TimeDashboardMode: Sendable {
Native/Ambitions/Features/Time/TimeFeatureModels.swift:121:struct TimeHeroPillState: Identifiable, Sendable, Hashable {
Native/Ambitions/Features/Time/TimeFeatureModels.swift:136:    let contextPills: [TimeHeroPillState]
Native/Ambitions/Features/Time/TimeFeatureModels.swift:674:    let contextPills: [TimeHeroPillState]
Native/Ambitions/Features/Time/TimeFeatureModels.swift:686:struct WeeklyReviewDashboard: Sendable {
Native/Ambitions/Features/Time/TimeFeatureModels.swift:700:struct TimeDashboard: Sendable {
Native/Ambitions/Features/Time/TimeFeatureModels.swift:701:    let mode: TimeDashboardMode
Native/Ambitions/Features/Time/TimeFeatureModels.swift:734:        mode: TimeDashboardMode,
Native/Ambitions/Features/You/YouPlanningDefaultsSectionCard.swift:11:        AppCard {
Native/Ambitions/Features/You/YouPlanningDefaultsSectionCard.swift:12:            VStack(alignment: .leading, spacing: theme.spacing.md) {
Native/Ambitions/Features/You/YouPlanningDefaultsSectionCard.swift:30:        .ambitionPanelAccessibility(
Native/Ambitions/Features/You/YouPlanningDefaultsSectionCard.swift:44:        VStack(alignment: .leading, spacing: theme.spacing.xs) {
Native/Ambitions/Features/You/YouPlanningDefaultsSectionCard.swift:53:                TagPill(preference.statusLabel, state: preference.state)
Native/Ambitions/Features/You/YouPlanningDefaultsSectionCard.swift:67:        .background(RoundedRectangle(cornerRadius: theme.radius.lg, style: .continuous).fill(theme.colors.surfaceOverlay))
Native/Ambitions/Features/You/YouPlanningDefaultsSectionCard.swift:68:        .overlay(RoundedRectangle(cornerRadius: theme.radius.lg, style: .continuous).stroke(theme.colors.strokeSubtle, lineWidth: 1))
Native/Ambitions/Features/Time/TimeReflowDecisionCard.swift:19:            VStack(alignment: .leading, spacing: theme.spacing.md) {
Native/Ambitions/Features/Time/TimeReflowDecisionCard.swift:36:                VStack(alignment: .leading, spacing: theme.spacing.sm) {
Native/Ambitions/Features/Time/TimeReflowDecisionCard.swift:50:        .ambitionPanelAccessibility()
Native/Ambitions/Features/Time/TimeReflowDecisionCard.swift:75:            VStack(alignment: .leading, spacing: theme.spacing.xs) {
Native/Ambitions/Features/Time/TimeFoundationCards.swift:10:        AppCard(state: treaty.visualState) {
Native/Ambitions/Features/Time/TimeFoundationCards.swift:11:            VStack(alignment: .leading, spacing: theme.spacing.md) {
Native/Ambitions/Features/Time/TimeFoundationCards.swift:15:                    PlanTreatyTile(title: "Keep", detail: treaty.protectedWork, icon: "lock.shield", state: .selected)
Native/Ambitions/Features/Time/TimeFoundationCards.swift:16:                    PlanTreatyTile(title: "Flex", detail: treaty.flexibleWork, icon: "arrow.left.and.right", state: .default)
Native/Ambitions/Features/Time/TimeFoundationCards.swift:17:                    PlanTreatyTile(title: "Not today", detail: treaty.notTodayWork, icon: "tray", state: .warning)
Native/Ambitions/Features/Time/TimeFoundationCards.swift:18:                    PlanTreatyTile(title: "Recovery", detail: treaty.recoveryAllowance, icon: "sun.max", state: treaty.visualState)
Native/Ambitions/Features/Time/TimeFoundationCards.swift:21:                VStack(alignment: .leading, spacing: theme.spacing.xs) {
Native/Ambitions/Features/Time/TimeFoundationCards.swift:29:                        VStack(alignment: .leading, spacing: theme.spacing.xxxs) {
Native/Ambitions/Features/Time/TimeFoundationCards.swift:43:        .ambitionPanelAccessibility()
Native/Ambitions/Features/Time/TimeFoundationCards.swift:47:private struct PlanTreatyTile: View {
Native/Ambitions/Features/Time/TimeFoundationCards.swift:56:        VStack(alignment: .leading, spacing: theme.spacing.xs) {
Native/Ambitions/Features/Time/TimeFoundationCards.swift:72:        .background(
Native/Ambitions/Features/Time/TimeFoundationCards.swift:73:            RoundedRectangle(cornerRadius: theme.radius.lg, style: .continuous)
Native/Ambitions/Features/Time/TimeFoundationCards.swift:76:        .overlay(
Native/Ambitions/Features/Time/TimeFoundationCards.swift:77:            RoundedRectangle(cornerRadius: theme.radius.lg, style: .continuous)
Native/Ambitions/Features/Time/TimeFoundationCards.swift:89:        AppCard(state: envelope.visualState) {
Native/Ambitions/Features/Time/TimeFoundationCards.swift:90:            VStack(alignment: .leading, spacing: theme.spacing.md) {
Native/Ambitions/Features/Time/TimeFoundationCards.swift:94:                    TagPill(envelope.label, icon: "gauge.with.dots.needle.bottom.50percent", state: envelope.visualState)
Native/Ambitions/Features/Time/TimeFoundationCards.swift:95:                    TagPill(envelope.availableCapacity, icon: "calendar", state: envelope.visualState)
Native/Ambitions/Features/Time/TimeFoundationCards.swift:108:                VStack(alignment: .leading, spacing: theme.spacing.sm) {
Native/Ambitions/Features/Time/TimeFoundationCards.swift:116:        .ambitionPanelAccessibility()
Native/Ambitions/Features/Time/TimeFoundationCards.swift:161:            VStack(alignment: .leading, spacing: theme.spacing.xxxs) {
Native/Ambitions/Features/Time/TimeFoundationCards.swift:180:        AppCard {
Native/Ambitions/Features/Time/TimeFoundationCards.swift:181:            VStack(alignment: .leading, spacing: theme.spacing.md) {
Native/Ambitions/Features/Time/TimeFoundationCards.swift:184:                ScrollView(.horizontal, showsIndicators: false) {
Native/Ambitions/Features/Time/TimeFoundationCards.swift:187:                            VStack(alignment: .leading, spacing: theme.spacing.xs) {
Native/Ambitions/Features/Time/TimeFoundationCards.swift:206:                            .background(
Native/Ambitions/Features/Time/TimeFoundationCards.swift:207:                                RoundedRectangle(cornerRadius: theme.radius.lg, style: .continuous)
Native/Ambitions/Features/Time/TimeFoundationCards.swift:210:                            .overlay(
Native/Ambitions/Features/Time/TimeFoundationCards.swift:211:                                RoundedRectangle(cornerRadius: theme.radius.lg, style: .continuous)
Native/Ambitions/Features/Time/TimeFoundationCards.swift:220:        .ambitionPanelAccessibility()
Native/Ambitions/Features/Time/TimeFoundationCards.swift:231:        AppCard {
Native/Ambitions/Features/Time/TimeFoundationCards.swift:232:            VStack(alignment: .leading, spacing: theme.spacing.md) {
Native/Ambitions/Features/Time/TimeFoundationCards.swift:241:                    ScrollView(.horizontal, showsIndicators: false) {
Native/Ambitions/Features/Time/TimeFoundationCards.swift:248:                                    VStack(alignment: .leading, spacing: theme.spacing.xs) {
Native/Ambitions/Features/Time/TimeFoundationCards.swift:249:                                        TagPill(item.kind.title, state: item.visualState)
Native/Ambitions/Features/Time/TimeFoundationCards.swift:261:                                        TagPill(item.sourceLabel, state: .default)
Native/Ambitions/Features/Time/TimeFoundationCards.swift:265:                                    .background(
Native/Ambitions/Features/Time/TimeFoundationCards.swift:266:                                        RoundedRectangle(cornerRadius: theme.radius.lg, style: .continuous)
Native/Ambitions/Features/Time/TimeFoundationCards.swift:269:                                    .overlay(
Native/Ambitions/Features/Time/TimeFoundationCards.swift:270:                                        RoundedRectangle(cornerRadius: theme.radius.lg, style: .continuous)
Native/Ambitions/Features/Time/TimeFoundationCards.swift:284:        .ambitionPanelAccessibility()
Native/Ambitions/Features/Goals/GoalComponents.swift:157:        VStack(alignment: .leading, spacing: theme.spacing.md) {
Native/Ambitions/Features/Goals/GoalComponents.swift:181:                .background(Circle().fill(theme.colors.surfaceOverlay))
Native/Ambitions/Features/Goals/GoalComponents.swift:182:                .overlay(Circle().stroke(theme.colors.strokeSubtle, lineWidth: 1))
Native/Ambitions/Features/Goals/GoalComponents.swift:184:            VStack(alignment: .leading, spacing: theme.spacing.xxxs) {
Native/Ambitions/Features/Goals/GoalComponents.swift:203:        VStack(alignment: .leading, spacing: theme.spacing.xs) {
Native/Ambitions/Features/Goals/GoalComponents.swift:215:                    equalWeightLifeAreaChip(
Native/Ambitions/Features/Goals/GoalComponents.swift:224:        .overlay(alignment: .top) {
Native/Ambitions/Features/Goals/GoalComponents.swift:229:        .overlay(alignment: .bottom) {
Native/Ambitions/Features/Goals/GoalComponents.swift:241:    private func equalWeightLifeAreaChip(_ item: GoalsLifeAreaItemState, isSelected: Bool) -> some View {
Native/Ambitions/Features/Goals/GoalComponents.swift:242:        VStack(alignment: .leading, spacing: theme.spacing.xxxs) {
Native/Ambitions/Features/Goals/GoalComponents.swift:265:        .overlay(alignment: .top) {
Native/Ambitions/Features/Goals/GoalComponents.swift:270:        .overlay(alignment: .bottom) {
Native/Ambitions/Features/Goals/GoalComponents.swift:275:        .overlay(alignment: .leading) {
Native/Ambitions/Features/Goals/GoalComponents.swift:288:        VStack(alignment: .leading, spacing: theme.spacing.md) {
Native/Ambitions/Features/Goals/GoalComponents.swift:292:                VStack(alignment: .leading, spacing: theme.spacing.xs) {
Native/Ambitions/Features/Goals/GoalComponents.swift:318:        .background(atlasObjectTexture)
Native/Ambitions/Features/Goals/GoalComponents.swift:319:        .overlay(alignment: .top) {
Native/Ambitions/Features/Goals/GoalComponents.swift:324:        .overlay(alignment: .bottom) {
Native/Ambitions/Features/Goals/GoalComponents.swift:329:        .overlay(alignment: .leading) {
Native/Ambitions/Features/Goals/GoalComponents.swift:369:            VStack(spacing: theme.spacing.xs) {
Native/Ambitions/Features/Goals/GoalComponents.swift:375:                            .overlay(Circle().stroke(theme.colors.textPrimary.opacity(0.28), lineWidth: 1))
Native/Ambitions/Features/Goals/GoalComponents.swift:376:                        VStack(alignment: .leading, spacing: 2) {
Native/Ambitions/Features/Goals/GoalComponents.swift:418:        VStack(alignment: .leading, spacing: theme.spacing.sm) {
Native/Ambitions/Features/Goals/GoalComponents.swift:444:        .overlay(alignment: .top) {
Native/Ambitions/Features/Goals/GoalComponents.swift:453:        .overlay(alignment: .bottom) {
Native/Ambitions/Features/Goals/GoalComponents.swift:458:        .overlay(alignment: .leading) {
Native/Ambitions/Features/Goals/GoalComponents.swift:473:            VStack(alignment: .leading, spacing: theme.spacing.xxxs) {
Native/Ambitions/Features/Goals/GoalComponents.swift:496:        VStack(alignment: .leading, spacing: theme.spacing.sm) {
Native/Ambitions/Features/Goals/GoalComponents.swift:549:            VStack(alignment: .leading, spacing: theme.spacing.xxxs) {
Native/Ambitions/Features/Goals/GoalComponents.swift:560:        .background {
Native/Ambitions/Features/Goals/GoalComponents.swift:565:        .overlay(alignment: .leading) {
Native/Ambitions/Features/Goals/GoalComponents.swift:619:        return VStack(alignment: .leading, spacing: theme.spacing.xs) {
Native/Ambitions/Features/Goals/GoalComponents.swift:639:        .overlay(alignment: .top) {
Native/Ambitions/Features/Goals/GoalComponents.swift:644:        .overlay(alignment: .leading) {
Native/Ambitions/Features/Goals/GoalComponents.swift:654:        VStack(alignment: .leading, spacing: theme.spacing.xxxs) {
Native/Ambitions/Features/Goals/GoalComponents.swift:665:        .overlay(alignment: .top) {
Native/Ambitions/Features/Goals/GoalComponents.swift:770:            VStack(alignment: .leading, spacing: theme.spacing.md) {
Native/Ambitions/Features/Goals/GoalComponents.swift:787:        .overlay(alignment: .topTrailing) {
Native/Ambitions/Features/Goals/GoalComponents.swift:804:        VStack(alignment: .leading, spacing: theme.spacing.xs) {
Native/Ambitions/Features/Goals/GoalComponents.swift:817:                    .background(
Native/Ambitions/Features/Goals/GoalComponents.swift:821:                    .overlay {
Native/Ambitions/Features/Goals/GoalComponents.swift:892:        HeroCard(state: overview.heroPrimaryAction.state) {
Native/Ambitions/Features/Goals/GoalComponents.swift:893:            VStack(alignment: .leading, spacing: theme.spacing.md) {
Native/Ambitions/Features/Goals/GoalComponents.swift:894:                VStack(alignment: .leading, spacing: theme.spacing.xxs) {
Native/Ambitions/Features/Goals/GoalComponents.swift:906:                VStack(alignment: .leading, spacing: theme.spacing.xs) {
Native/Ambitions/Features/Goals/GoalComponents.swift:915:                ScrollView(.horizontal, showsIndicators: false) {
Native/Ambitions/Features/Goals/GoalComponents.swift:917:                        ForEach(overview.hero.contextPills) { pill in
Native/Ambitions/Features/Goals/GoalComponents.swift:918:                            TagPill(pill.title, icon: pill.icon, state: pill.state)
Native/Ambitions/Features/Goals/GoalComponents.swift:923:                if overview.hero.attentionPills.isEmpty == false {
Native/Ambitions/Features/Goals/GoalComponents.swift:924:                    ScrollView(.horizontal, showsIndicators: false) {
Native/Ambitions/Features/Goals/GoalComponents.swift:926:                            ForEach(overview.hero.attentionPills) { pill in
Native/Ambitions/Features/Goals/GoalComponents.swift:927:                                TagPill(pill.title, icon: pill.icon, state: pill.state)
Native/Ambitions/Features/Goals/GoalComponents.swift:940:        .ambitionPanelAccessibility()
Native/Ambitions/Features/Goals/GoalComponents.swift:958:                VStack(alignment: .leading, spacing: theme.spacing.xxxs) {
Native/Ambitions/Features/Goals/GoalComponents.swift:983:        AppCard {
Native/Ambitions/Features/Goals/GoalComponents.swift:984:            VStack(alignment: .leading, spacing: theme.spacing.sm) {
Native/Ambitions/Features/Goals/GoalComponents.swift:986:                    VStack(alignment: .leading, spacing: theme.spacing.xxxs) {
Native/Ambitions/Features/Goals/GoalComponents.swift:995:                    TagPill(summary.pill.title, icon: summary.pill.icon, state: summary.pill.state)
Native/Ambitions/Features/Goals/GoalComponents.swift:1005:        .ambitionPanelAccessibility()
Native/Ambitions/Features/Goals/GoalComponents.swift:1010:        VStack(alignment: .leading, spacing: theme.spacing.xxxs) {
Native/Ambitions/Features/Goals/GoalComponents.swift:1020:        .background(RoundedRectangle(cornerRadius: theme.radius.md, style: .continuous).fill(theme.colors.surfaceOverlay))
Native/Ambitions/Features/Goals/GoalComponents.swift:1030:        AppCard {
Native/Ambitions/Features/Goals/GoalComponents.swift:1031:            VStack(alignment: .leading, spacing: theme.spacing.md) {
Native/Ambitions/Features/Goals/GoalComponents.swift:1042:                    VStack(alignment: .leading, spacing: theme.spacing.xs) {
Native/Ambitions/Features/Goals/GoalComponents.swift:1055:                    .background(RoundedRectangle(cornerRadius: theme.radius.md, style: .continuous).fill(theme.colors.surfaceOverlay))
Native/Ambitions/Features/Goals/GoalComponents.swift:1064:        .ambitionPanelAccessibility()
Native/Ambitions/Features/Goals/GoalComponents.swift:1070:        VStack(alignment: .leading, spacing: theme.spacing.xxxs) {
Native/Ambitions/Features/Goals/GoalComponents.swift:1081:        .background(RoundedRectangle(cornerRadius: theme.radius.md, style: .continuous).fill(style.fill))
Native/Ambitions/Features/Goals/GoalComponents.swift:1082:        .overlay(RoundedRectangle(cornerRadius: theme.radius.md, style: .continuous).stroke(style.stroke, lineWidth: 1))
Native/Ambitions/Features/Goals/GoalComponents.swift:1092:        AppCard {
Native/Ambitions/Features/Goals/GoalComponents.swift:1093:            VStack(alignment: .leading, spacing: theme.spacing.md) {
Native/Ambitions/Features/Goals/GoalComponents.swift:1098:                        VStack(alignment: .leading, spacing: theme.spacing.xs) {
Native/Ambitions/Features/Goals/GoalComponents.swift:1115:                        .background(RoundedRectangle(cornerRadius: theme.radius.md, style: .continuous).fill(theme.colors.surfaceOverlay))
Native/Ambitions/Features/Goals/GoalComponents.swift:1116:                        .overlay(RoundedRectangle(cornerRadius: theme.radius.md, style: .continuous).stroke(theme.stateStyle(for: segment.state).stroke, lineWidth: 1))
Native/Ambitions/Features/Goals/GoalComponents.swift:1124:        .ambitionPanelAccessibility()
Native/Ambitions/Features/Goals/GoalComponents.swift:1128:struct GoalStateChipsSurface: View {
Native/Ambitions/Features/Goals/GoalComponents.swift:1131:    let chips: [GoalStateChipState]
Native/Ambitions/Features/Goals/GoalComponents.swift:1134:        AppCard {
Native/Ambitions/Features/Goals/GoalComponents.swift:1135:            VStack(alignment: .leading, spacing: theme.spacing.sm) {
Native/Ambitions/Features/Goals/GoalComponents.swift:1139:                        TagPill(
Native/Ambitions/Features/Goals/GoalComponents.swift:1150:        .ambitionPanelAccessibility()
Native/Ambitions/Features/Goals/GoalComponents.swift:1154:struct GoalsLifeAreasPanel: View {
Native/Ambitions/Features/Goals/GoalComponents.swift:1162:        AppCard {
Native/Ambitions/Features/Goals/GoalComponents.swift:1163:            VStack(alignment: .leading, spacing: theme.spacing.md) {
Native/Ambitions/Features/Goals/GoalComponents.swift:1172:                    ScrollView(.horizontal, showsIndicators: false) {
Native/Ambitions/Features/Goals/GoalComponents.swift:1180:                                    .background(
Native/Ambitions/Features/Goals/GoalComponents.swift:1184:                                    .overlay(
Native/Ambitions/Features/Goals/GoalComponents.swift:1211:                    EmptyStateCard(
Native/Ambitions/Features/Goals/GoalComponents.swift:1219:                            LifeAreaMapTile(item: item)
Native/Ambitions/Features/Goals/GoalComponents.swift:1223:                    VStack(alignment: .leading, spacing: theme.spacing.sm) {
Native/Ambitions/Features/Goals/GoalComponents.swift:1225:                            LifeAreaListRow(item: item)
Native/Ambitions/Features/Goals/GoalComponents.swift:1236:        .ambitionPanelAccessibility()
Native/Ambitions/Features/Goals/GoalComponents.swift:1240:private struct LifeAreaMapTile: View {
Native/Ambitions/Features/Goals/GoalComponents.swift:1246:        VStack(alignment: .leading, spacing: theme.spacing.xs) {
Native/Ambitions/Features/Goals/GoalComponents.swift:1248:                VStack(alignment: .leading, spacing: theme.spacing.xxxs) {
Native/Ambitions/Features/Goals/GoalComponents.swift:1258:                TagPill(item.nextFocus, state: item.state)
Native/Ambitions/Features/Goals/GoalComponents.swift:1263:                countPill(title: "Goals", count: item.activeGoalCount, state: item.state)
Native/Ambitions/Features/Goals/GoalComponents.swift:1264:                countPill(title: "North Stars", count: item.northStarCount, state: item.northStarCount > 0 ? .selected : .default)
Native/Ambitions/Features/Goals/GoalComponents.swift:1265:                countPill(title: "One-Step", count: item.oneStepGoalCount, state: item.oneStepGoalCount > 0 ? .selected : .default)
Native/Ambitions/Features/Goals/GoalComponents.swift:1270:        .background(RoundedRectangle(cornerRadius: theme.radius.md, style: .continuous).fill(theme.colors.surfaceOverlay))
Native/Ambitions/Features/Goals/GoalComponents.swift:1271:        .overlay(RoundedRectangle(cornerRadius: theme.radius.md, style: .continuous).stroke(theme.stateStyle(for: item.state).stroke, lineWidth: 1))
Native/Ambitions/Features/Goals/GoalComponents.swift:1279:    private func countPill(title: String, count: Int, state: AmbitionVisualState) -> some View {
Native/Ambitions/Features/Goals/GoalComponents.swift:1280:        TagPill("\(title) \(count)", state: count == 0 ? .default : state)
Native/Ambitions/Features/Goals/GoalComponents.swift:1285:private struct LifeAreaListRow: View {
Native/Ambitions/Features/Goals/GoalComponents.swift:1291:        VStack(alignment: .leading, spacing: theme.spacing.xs) {
Native/Ambitions/Features/Goals/GoalComponents.swift:1293:                VStack(alignment: .leading, spacing: theme.spacing.xxxs) {
Native/Ambitions/Features/Goals/GoalComponents.swift:1302:                TagPill(item.subtitle, state: item.state)
Native/Ambitions/Features/Goals/GoalComponents.swift:1306:                VStack(alignment: .leading, spacing: theme.spacing.xs) {
Native/Ambitions/Features/Goals/GoalComponents.swift:1312:                            VStack(alignment: .leading, spacing: theme.spacing.xxxs) {
Native/Ambitions/Features/Goals/GoalComponents.swift:1328:        .background(RoundedRectangle(cornerRadius: theme.radius.md, style: .continuous).fill(theme.colors.surfaceOverlay))
Native/Ambitions/Features/Goals/GoalComponents.swift:1342:        AppCard {
Native/Ambitions/Features/Goals/GoalComponents.swift:1343:            VStack(alignment: .leading, spacing: theme.spacing.md) {
Native/Ambitions/Features/Goals/GoalComponents.swift:1347:                    EmptyStateCard(
Native/Ambitions/Features/Goals/GoalComponents.swift:1353:                    ScrollView(.horizontal, showsIndicators: false) {
Native/Ambitions/Features/Goals/GoalComponents.swift:1370:        .ambitionPanelAccessibility()
Native/Ambitions/Features/Goals/GoalComponents.swift:1380:        VStack(alignment: .leading, spacing: theme.spacing.xs) {
Native/Ambitions/Features/Goals/GoalComponents.swift:1385:                VStack(alignment: .leading, spacing: theme.spacing.xxxs) {
Native/Ambitions/Features/Goals/GoalComponents.swift:1401:                TagPill(item.postureLabel, state: item.state)
Native/Ambitions/Features/Goals/GoalComponents.swift:1402:                TagPill(item.readinessLabel, state: item.canBeShaped ? .selected : .default)
Native/Ambitions/Features/Goals/GoalComponents.swift:1411:        .background(RoundedRectangle(cornerRadius: theme.radius.md, style: .continuous).fill(theme.colors.surfaceOverlay))
Native/Ambitions/Features/Goals/GoalComponents.swift:1412:        .overlay(RoundedRectangle(cornerRadius: theme.radius.md, style: .continuous).stroke(theme.stateStyle(for: item.state).stroke, lineWidth: 1))
Native/Ambitions/Features/Goals/GoalComponents.swift:1420:struct GoalsOneStepGoalsPanel: View {
Native/Ambitions/Features/Goals/GoalComponents.swift:1423:    let state: GoalsOneStepGoalsPanelState
Native/Ambitions/Features/Goals/GoalComponents.swift:1424:    let onPromote: (GoalsOneStepGoalPanelItemState) -> Void
Native/Ambitions/Features/Goals/GoalComponents.swift:1427:        AppCard {
Native/Ambitions/Features/Goals/GoalComponents.swift:1428:            VStack(alignment: .leading, spacing: theme.spacing.md) {
Native/Ambitions/Features/Goals/GoalComponents.swift:1432:                    EmptyStateCard(
Native/Ambitions/Features/Goals/GoalComponents.swift:1438:                    VStack(alignment: .leading, spacing: theme.spacing.sm) {
Native/Ambitions/Features/Goals/GoalComponents.swift:1440:                            OneStepGoalPanelRow(item: item, onPromote: onPromote)
Native/Ambitions/Features/Goals/GoalComponents.swift:1451:        .ambitionPanelAccessibility()
Native/Ambitions/Features/Goals/GoalComponents.swift:1455:private struct OneStepGoalPanelRow: View {
Native/Ambitions/Features/Goals/GoalComponents.swift:1458:    let item: GoalsOneStepGoalPanelItemState
Native/Ambitions/Features/Goals/GoalComponents.swift:1459:    let onPromote: (GoalsOneStepGoalPanelItemState) -> Void
Native/Ambitions/Features/Goals/GoalComponents.swift:1462:        VStack(alignment: .leading, spacing: theme.spacing.sm) {
Native/Ambitions/Features/Goals/GoalComponents.swift:1464:                VStack(alignment: .leading, spacing: theme.spacing.xxxs) {
Native/Ambitions/Features/Goals/GoalComponents.swift:1474:                VStack(alignment: .trailing, spacing: theme.spacing.xxxs) {
Native/Ambitions/Features/Goals/GoalComponents.swift:1475:                    TagPill(item.statusLabel, state: item.state)
Native/Ambitions/Features/Goals/GoalComponents.swift:1484:                    TagPill(timingLabel, icon: "calendar", state: item.state)
Native/Ambitions/Features/Goals/GoalComponents.swift:1486:                TagPill(item.suggestedNextAction, state: item.state)
Native/Ambitions/Features/Goals/GoalComponents.swift:1502:        .background(RoundedRectangle(cornerRadius: theme.radius.md, style: .continuous).fill(theme.colors.surfaceOverlay))
Native/Ambitions/Features/Goals/GoalComponents.swift:1503:        .overlay(RoundedRectangle(cornerRadius: theme.radius.md, style: .continuous).stroke(theme.stateStyle(for: item.state).stroke, lineWidth: 1))
Native/Ambitions/Features/Goals/GoalComponents.swift:1517:        AppCard {
Native/Ambitions/Features/Goals/GoalComponents.swift:1518:            VStack(alignment: .leading, spacing: theme.spacing.md) {
Native/Ambitions/Features/Goals/GoalComponents.swift:1522:                    EmptyStateCard(
Native/Ambitions/Features/Goals/GoalComponents.swift:1528:                    VStack(alignment: .leading, spacing: theme.spacing.sm) {
Native/Ambitions/Features/Goals/GoalComponents.swift:1541:        .ambitionPanelAccessibility()
Native/Ambitions/Features/Goals/GoalComponents.swift:1551:        VStack(alignment: .leading, spacing: theme.spacing.sm) {
Native/Ambitions/Features/Goals/GoalComponents.swift:1553:                VStack(alignment: .leading, spacing: theme.spacing.xxxs) {
Native/Ambitions/Features/Goals/GoalComponents.swift:1555:                        TagPill(card.lifecycleState.title, icon: card.lifecycleState.icon, state: card.lifecycleState.visualState)
Native/Ambitions/Features/Goals/GoalComponents.swift:1556:                        TagPill(card.weather.title, icon: card.weather.icon, state: card.weather.visualState)
Native/Ambitions/Features/Goals/GoalComponents.swift:1571:                VStack(alignment: .trailing, spacing: theme.spacing.xxxs) {
Native/Ambitions/Features/Goals/GoalComponents.swift:1581:            VStack(alignment: .leading, spacing: theme.spacing.xxs) {
Native/Ambitions/Features/Goals/GoalComponents.swift:1596:            .background(RoundedRectangle(cornerRadius: theme.radius.md, style: .continuous).fill(theme.colors.surfaceSecondary.opacity(0.7)))
Native/Ambitions/Features/Goals/GoalComponents.swift:1605:            VStack(alignment: .leading, spacing: theme.spacing.xxxs) {
Native/Ambitions/Features/Goals/GoalComponents.swift:1619:        .background(RoundedRectangle(cornerRadius: theme.radius.lg, style: .continuous).fill(theme.colors.surfaceOverlay))
Native/Ambitions/Features/Goals/GoalComponents.swift:1620:        .overlay(RoundedRectangle(cornerRadius: theme.radius.lg, style: .continuous).stroke(theme.colors.strokeSubtle, lineWidth: 1))
Native/Ambitions/Features/Goals/GoalComponents.swift:1623:        .ambitionPanelAccessibility()
Native/Ambitions/Features/Goals/GoalComponents.swift:1629:        VStack(alignment: .leading, spacing: theme.spacing.xxxs) {
Native/Ambitions/Features/Goals/GoalComponents.swift:1643:        .background(RoundedRectangle(cornerRadius: theme.radius.md, style: .continuous).fill(style.fill))
Native/Ambitions/Features/Goals/GoalComponents.swift:1644:        .overlay(RoundedRectangle(cornerRadius: theme.radius.md, style: .continuous).stroke(style.stroke, lineWidth: 1))
Native/Ambitions/Features/Goals/GoalComponents.swift:1656:        AppCard {
Native/Ambitions/Features/Goals/GoalComponents.swift:1657:            VStack(alignment: .leading, spacing: theme.spacing.md) {
Native/Ambitions/Features/Goals/GoalComponents.swift:1665:                    VStack(alignment: .leading, spacing: theme.spacing.sm) {
Native/Ambitions/Features/Goals/GoalComponents.swift:1673:                    .transition(.ambitionPanel)
Native/Ambitions/Features/Goals/GoalComponents.swift:1678:        .ambitionPanelAccessibility()
Native/Ambitions/Features/Goals/GoalComponents.swift:1688:        AppCard {
Native/Ambitions/Features/Goals/GoalComponents.swift:1689:            VStack(alignment: .leading, spacing: theme.spacing.md) {
Native/Ambitions/Features/Goals/GoalComponents.swift:1693:                    EmptyStateCard(
Native/Ambitions/Features/Goals/GoalComponents.swift:1699:                    VStack(alignment: .leading, spacing: theme.spacing.sm) {
Native/Ambitions/Features/Goals/GoalComponents.swift:1702:                                VStack(alignment: .leading, spacing: theme.spacing.xs) {
Native/Ambitions/Features/Goals/GoalComponents.swift:1704:                                        VStack(alignment: .leading, spacing: theme.spacing.xxxs) {
Native/Ambitions/Features/Goals/GoalComponents.swift:1713:                                        TagPill(rung.signalLabel, state: rung.state)
Native/Ambitions/Features/Goals/GoalComponents.swift:1728:                                .background(RoundedRectangle(cornerRadius: theme.radius.md, style: .continuous).fill(theme.colors.surfaceOverlay))
Native/Ambitions/Features/Goals/GoalComponents.swift:1737:        .ambitionPanelAccessibility()
Native/Ambitions/Features/Goals/GoalComponents.swift:1747:        AppCard {
Native/Ambitions/Features/Goals/GoalComponents.swift:1748:            VStack(alignment: .leading, spacing: theme.spacing.md) {
Native/Ambitions/Features/Goals/GoalComponents.swift:1751:                VStack(alignment: .leading, spacing: theme.spacing.sm) {
Native/Ambitions/Features/Goals/GoalComponents.swift:1753:                        VStack(alignment: .leading, spacing: theme.spacing.xs) {
Native/Ambitions/Features/Goals/GoalComponents.swift:1764:                            VStack(alignment: .leading, spacing: theme.spacing.xs) {
Native/Ambitions/Features/Goals/GoalComponents.swift:1771:                                        VStack(alignment: .leading, spacing: theme.spacing.xxxs) {
Native/Ambitions/Features/Goals/GoalComponents.swift:1785:                        .background(RoundedRectangle(cornerRadius: theme.radius.md, style: .continuous).fill(theme.colors.surfaceOverlay))
Native/Ambitions/Features/Goals/GoalComponents.swift:1793:        .ambitionPanelAccessibility()
Native/Ambitions/Features/Goals/GoalComponents.swift:1803:        AppCard {
Native/Ambitions/Features/Goals/GoalComponents.swift:1804:            VStack(alignment: .leading, spacing: theme.spacing.sm) {
Native/Ambitions/Features/Goals/GoalComponents.swift:1808:                        TagPill(
Native/Ambitions/Features/Goals/GoalComponents.swift:1819:        .ambitionPanelAccessibility()
Native/Ambitions/Features/Goals/GoalComponents.swift:1829:        VStack(alignment: .leading, spacing: theme.spacing.xs) {
Native/Ambitions/Features/Goals/GoalComponents.swift:1835:                TagPill(step.statusLabel, state: step.state)
Native/Ambitions/Features/Goals/GoalComponents.swift:1848:        .background(RoundedRectangle(cornerRadius: theme.radius.md, style: .continuous).fill(theme.colors.surfaceOverlay))
Native/Ambitions/Features/Goals/GoalComponents.swift:1858:        HeroCard(state: detail.headline.renderState.visualState, accent: detail.supportModeActive ? theme.colors.accentWarm : nil) {
Native/Ambitions/Features/Goals/GoalComponents.swift:1859:            VStack(alignment: .leading, spacing: theme.spacing.md) {
Native/Ambitions/Features/Goals/GoalComponents.swift:1861:                    VStack(alignment: .leading, spacing: theme.spacing.xxs) {
Native/Ambitions/Features/Goals/GoalComponents.swift:1873:                    VStack(alignment: .trailing, spacing: theme.spacing.xs) {
Native/Ambitions/Features/Goals/GoalComponents.swift:1874:                        TagPill(detail.headline.modeLabel, state: detail.headline.renderState.visualState)
Native/Ambitions/Features/Goals/GoalComponents.swift:1875:                        TagPill(detail.headline.timingLabel, state: .default)
Native/Ambitions/Features/Goals/GoalComponents.swift:1886:                VStack(alignment: .leading, spacing: theme.spacing.xs) {
Native/Ambitions/Features/Goals/GoalComponents.swift:1898:                VStack(alignment: .leading, spacing: theme.spacing.xxxs) {
Native/Ambitions/Features/Goals/GoalComponents.swift:1912:        .ambitionPanelAccessibility()
Native/Ambitions/Features/Goals/GoalComponents.swift:1923:            ScrollView(.horizontal, showsIndicators: false) {
Native/Ambitions/Features/Goals/GoalComponents.swift:1926:                        VStack(alignment: .leading, spacing: theme.spacing.xs) {
Native/Ambitions/Features/Goals/GoalComponents.swift:1931:                                VStack(alignment: .leading, spacing: theme.spacing.xxxs) {
Native/Ambitions/Features/Goals/GoalComponents.swift:1940:                                TagPill(stage.stepCountLabel, state: stage.state)
Native/Ambitions/Features/Goals/GoalComponents.swift:1959:                        .background(
Native/Ambitions/Features/Goals/GoalComponents.swift:1960:                            RoundedRectangle(cornerRadius: theme.radius.md, style: .continuous)
Native/Ambitions/Features/Goals/GoalComponents.swift:1963:                        .overlay(alignment: .leading) {
Native/Ambitions/Features/Goals/GoalComponents.swift:2042:            VStack(alignment: .leading, spacing: theme.spacing.md) {
Native/Ambitions/Features/Goals/GoalComponents.swift:2072:        VStack(alignment: .leading, spacing: 0) {
Native/Ambitions/Features/Goals/GoalComponents.swift:2075:                    VStack(spacing: theme.spacing.xs) {
Native/Ambitions/Features/Goals/GoalComponents.swift:2094:        VStack(alignment: .leading, spacing: theme.spacing.sm) {
Native/Ambitions/Features/Goals/GoalComponents.swift:2111:                .overlay(Circle().stroke(style.stroke, lineWidth: 1))
Native/Ambitions/Features/Goals/GoalComponents.swift:2118:        .overlay(alignment: .bottomTrailing) {
Native/Ambitions/Features/Goals/GoalComponents.swift:2123:                .background(Circle().fill(theme.colors.surfaceOverlay))
Native/Ambitions/Features/Goals/GoalComponents.swift:2124:                .overlay(Circle().stroke(style.stroke, lineWidth: 1))
Native/Ambitions/Features/Goals/GoalComponents.swift:2131:        return VStack(alignment: .leading, spacing: theme.spacing.xs) {
Native/Ambitions/Features/Goals/GoalComponents.swift:2143:                TagPill(node.stepCountLabel, state: node.state)
Native/Ambitions/Features/Goals/GoalComponents.swift:2162:        .background(RoundedRectangle(cornerRadius: theme.radius.md, style: .continuous).fill(theme.colors.surfaceOverlay))
Native/Ambitions/Features/Goals/GoalComponents.swift:2163:        .overlay(RoundedRectangle(cornerRadius: theme.radius.md, style: .continuous).stroke(style.stroke, lineWidth: 1))
Native/Ambitions/Features/Goals/GoalComponents.swift:2169:        VStack(alignment: .leading, spacing: theme.spacing.xs) {
Native/Ambitions/Features/Goals/GoalComponents.swift:2172:                markerPill(title: bead.title, summary: bead.summary, symbolName: "checkmark.seal", state: bead.state)
Native/Ambitions/Features/Goals/GoalComponents.swift:2178:        VStack(alignment: .leading, spacing: theme.spacing.xs) {
Native/Ambitions/Features/Goals/GoalComponents.swift:2181:                markerPill(title: pinch.title, summary: pinch.summary, symbolName: "exclamationmark.triangle", state: pinch.state)
Native/Ambitions/Features/Goals/GoalComponents.swift:2187:        VStack(alignment: .leading, spacing: theme.spacing.xs) {
Native/Ambitions/Features/Goals/GoalComponents.swift:2190:                markerPill(title: fold.title, summary: "\(fold.summary) \(fold.reviewLabel)", symbolName: "arrow.triangle.branch", state: fold.state)
Native/Ambitions/Features/Goals/GoalComponents.swift:2198:        return AppCard(state: source.state) {
Native/Ambitions/Features/Goals/GoalComponents.swift:2199:            VStack(alignment: .leading, spacing: theme.spacing.xs) {
Native/Ambitions/Features/Goals/GoalComponents.swift:2220:    private func markerPill(title: String, summary: String, symbolName: String, state: AmbitionVisualState) -> some View {
Native/Ambitions/Features/Goals/GoalComponents.swift:2230:            VStack(alignment: .leading, spacing: theme.spacing.xxxs) {
Native/Ambitions/Features/Goals/GoalComponents.swift:2242:        .background(RoundedRectangle(cornerRadius: theme.radius.md, style: .continuous).fill(style.fill))
Native/Ambitions/Features/Goals/GoalComponents.swift:2243:        .overlay(RoundedRectangle(cornerRadius: theme.radius.md, style: .continuous).stroke(style.stroke, lineWidth: 1))
Native/Ambitions/Features/Goals/GoalComponents.swift:2256:            VStack(alignment: .leading, spacing: theme.spacing.sm) {
Native/Ambitions/Features/Goals/GoalComponents.swift:2258:                    VStack(alignment: .leading, spacing: theme.spacing.xxxs) {
Native/Ambitions/Features/Goals/GoalComponents.swift:2267:                    TagPill(movement.timingLabel, state: movement.state)
Native/Ambitions/Features/Goals/GoalComponents.swift:2286:            VStack(alignment: .leading, spacing: theme.spacing.sm) {
Native/Ambitions/Features/Goals/GoalComponents.swift:2287:                VStack(alignment: .leading, spacing: theme.spacing.xxxs) {
Native/Ambitions/Features/Goals/GoalComponents.swift:2296:                VStack(alignment: .leading, spacing: theme.spacing.xs) {
Native/Ambitions/Features/Goals/GoalComponents.swift:2307:        VStack(alignment: .leading, spacing: theme.spacing.xxxs) {
Native/Ambitions/Features/Goals/GoalComponents.swift:2330:                VStack(alignment: .leading, spacing: theme.spacing.sm) {
Native/Ambitions/Features/Goals/GoalComponents.swift:2333:                            TagPill(item.categoryLabel, state: item.state)
Native/Ambitions/Features/Goals/GoalComponents.swift:2334:                            VStack(alignment: .leading, spacing: theme.spacing.xxxs) {
Native/Ambitions/Features/Goals/GoalComponents.swift:2392:        AppCard {
Native/Ambitions/Features/Goals/GoalComponents.swift:2393:            VStack(alignment: .leading, spacing: theme.spacing.md) {
Native/Ambitions/Features/Goals/GoalComponents.swift:2398:        .ambitionPanelAccessibility()
Native/Ambitions/App/ShellCommandModels.swift:93:                destination: .overlay(.createGoal(entrySource: .shellCompose)),
Native/Ambitions/App/ShellCommandModels.swift:139:                destination: .overlay(.memoryLens(entrySource: .shellUtility)),
Native/Ambitions/App/ShellCommandModels.swift:436:        case let .overlay(overlay):
Native/Ambitions/Features/Time/TimeLifeSuiteCard.swift:10:        AppCard {
Native/Ambitions/Features/Time/TimeLifeSuiteCard.swift:11:            VStack(alignment: .leading, spacing: theme.spacing.md) {
Native/Ambitions/Features/Time/TimeLifeSuiteCard.swift:24:                        TimeLifeSuiteShapeTile(shape: shape)
Native/Ambitions/Features/Time/TimeLifeSuiteCard.swift:28:                VStack(alignment: .leading, spacing: theme.spacing.xs) {
Native/Ambitions/Features/Time/TimeLifeSuiteCard.swift:29:                    TagPill(suite.calendarBoundaryLabel, icon: "calendar.badge.checkmark", state: .selected)
Native/Ambitions/Features/Time/TimeLifeSuiteCard.swift:30:                    TagPill(suite.manualFallbackLabel, icon: "hand.raised", state: .default)
Native/Ambitions/Features/Time/TimeLifeSuiteCard.swift:40:        .ambitionPanelAccessibility()
Native/Ambitions/Features/Time/TimeLifeSuiteCard.swift:44:private struct TimeLifeSuiteShapeTile: View {
Native/Ambitions/Features/Time/TimeLifeSuiteCard.swift:50:        VStack(alignment: .leading, spacing: theme.spacing.sm) {
Native/Ambitions/Features/Time/TimeLifeSuiteCard.swift:57:                VStack(alignment: .leading, spacing: theme.spacing.xxxs) {
Native/Ambitions/Features/Time/TimeLifeSuiteCard.swift:72:            VStack(alignment: .leading, spacing: theme.spacing.xxxs) {
Native/Ambitions/Features/Time/TimeLifeSuiteCard.swift:86:        .background(
Native/Ambitions/Features/Time/TimeLifeSuiteCard.swift:87:            RoundedRectangle(cornerRadius: theme.radius.lg, style: .continuous)
Native/Ambitions/Features/Time/TimeLifeSuiteCard.swift:90:        .overlay(
Native/Ambitions/Features/Time/TimeLifeSuiteCard.swift:91:            RoundedRectangle(cornerRadius: theme.radius.lg, style: .continuous)
Native/Ambitions/Features/Today/DayRailViewState.swift:179:    let firstViewportAvoidsVisibleCardStructure: Bool
Native/Ambitions/Features/Today/DayRailViewState.swift:206:        firstViewportAvoidsVisibleCardStructure: true
Native/Ambitions/Features/Time/TimeScreenContractSnapshot.swift:3:extension TimeDashboard {
Native/Ambitions/Features/Time/TimeScreenContractSnapshot.swift:47:            supportsPanelSizeBehavior: true,
Native/Ambitions/App/AppEnvironment.swift:3:private struct AppContainerKey: EnvironmentKey {
Native/Ambitions/App/AppEnvironment.swift:4:    static let defaultValue: AppContainer? = nil
Native/Ambitions/App/AppEnvironment.swift:32:    var appContainer: AppContainer? {
Native/Ambitions/App/AppEnvironment.swift:33:        get { self[AppContainerKey.self] }
Native/Ambitions/App/AppEnvironment.swift:34:        set { self[AppContainerKey.self] = newValue }
Native/Ambitions/App/AppEnvironment.swift:69:    func appContainer(_ container: AppContainer) -> some View {
Native/Ambitions/App/AppEnvironment.swift:71:            .environment(\.appContainer, container)
Native/Ambitions/App/AmbitionsRootView.swift:11:    private let container: AppContainer
Native/Ambitions/App/AmbitionsRootView.swift:20:        container: AppContainer,
Native/Ambitions/App/AmbitionsRootView.swift:49:        .background(resolvedTheme.shell.canvasGradient.ignoresSafeArea())
Native/Ambitions/App/AmbitionsRootView.swift:85:            .appContainer(container)
Native/Ambitions/App/AmbitionsRootView.swift:94:        .appContainer(container)
Native/Ambitions/App/AmbitionsRootView.swift:125:        .background(
Native/Ambitions/App/AmbitionsRootView.swift:472:                presentCreateGoal(from: decision.overlaySource ?? .shellCompose)
Native/Ambitions/App/AmbitionsRootView.swift:475:                    intent: decision.overlayIntent,
Native/Ambitions/App/AmbitionsRootView.swift:476:                    source: decision.overlaySource ?? .shellCompose,
Native/Ambitions/App/AmbitionsRootView.swift:491:        appearance.backgroundColor = UIColor(theme.colors.canvasElevated)
Native/Ambitions/App/AmbitionsRootView.swift:492:        appearance.shadowColor = UIColor(theme.shell.divider)
Native/Ambitions/Features/Time/TimeFeatureService.swift:22:    func loadTimeDashboard(now: Date) async throws -> TimeDashboard {
Native/Ambitions/Features/Time/TimeFeatureService.swift:25:        return try await timeFeatureService.makeDashboard(
Native/Ambitions/Features/Time/TimeFeatureService.swift:34:    func loadWeeklyReviewDashboard(now: Date) async throws -> WeeklyReviewDashboard {
Native/Ambitions/Features/Time/TimeFeatureService.swift:35:        return try await timeFeatureService.makeWeeklyReviewDashboard(from: self, now: now)
Native/Ambitions/Features/Time/TimeFeatureService.swift:38:    func makeTimeCalendarAware(now: Date) async throws -> TimeDashboard {
Native/Ambitions/Features/Time/TimeFeatureService.swift:41:            return try await timeFeatureService.makeDashboard(
Native/Ambitions/Features/Time/TimeFeatureService.swift:72:        return try await timeFeatureService.makeDashboard(
Native/Ambitions/Features/Time/TimeFeatureService.swift:85:    func makeDashboard(snapshot: Snapshot, now: Date, calendarAwareness: TimeCalendarAwarenessState) -> TimeDashboard {
Native/Ambitions/Features/Time/TimeFeatureService.swift:97:        let mode: TimeDashboardMode = activeGoals.isEmpty && snapshot.drafts.isEmpty && openCaptures.isEmpty ? .empty : .active
Native/Ambitions/Features/Time/TimeFeatureService.swift:254:        return TimeDashboard(
Native/Ambitions/Features/Time/TimeFeatureService.swift:327:    func makeWeeklyReviewDashboard(snapshot: Snapshot, now: Date) -> WeeklyReviewDashboard {
Native/Ambitions/Features/Time/TimeFeatureService.swift:362:        return WeeklyReviewDashboard(
Native/Ambitions/Features/Time/TimeFeatureService.swift:372:                contextPills: [
Native/Ambitions/Features/Time/TimeFeatureService.swift:373:                    TimeHeroPillState(title: timeframeLabel(now: now), icon: "calendar", state: .default),
Native/Ambitions/Features/Time/TimeFeatureService.swift:374:                    TimeHeroPillState(title: posture.label, icon: AppTab.time.systemImage, state: posture.visualState),
Native/Ambitions/Features/Time/TimeFeatureService.swift:375:                    TimeHeroPillState(title: "\(carryForwardItems.count) carry-forward lanes", icon: "arrow.triangle.branch", state: carryForwardItems.isEmpty ? .default : .selected)
Native/Ambitions/Features/Time/TimeFeatureService.swift:455:        let dayFormatter = DateFormatter()
Native/Ambitions/Features/Time/TimeFeatureService.swift:456:        dayFormatter.locale = .current
Native/Ambitions/Features/Time/TimeFeatureService.swift:457:        dayFormatter.setLocalizedDateFormatFromTemplate("EEE")
Native/Ambitions/Features/Time/TimeFeatureService.swift:458:        let dateFormatter = DateFormatter()
Native/Ambitions/Features/Time/TimeFeatureService.swift:459:        dateFormatter.locale = .current
Native/Ambitions/Features/Time/TimeFeatureService.swift:460:        dateFormatter.setLocalizedDateFormatFromTemplate("d")
Native/Ambitions/Features/Time/TimeFeatureService.swift:512:                weekdayLabel: dayFormatter.string(from: date),
Native/Ambitions/Features/Time/TimeFeatureService.swift:513:                dateLabel: dateFormatter.string(from: date),
Native/Ambitions/Features/Time/TimeFeatureService.swift:865:        mode: TimeDashboardMode
Native/Ambitions/Features/Time/TimeFeatureService.swift:904:            contextPills: [
Native/Ambitions/Features/Time/TimeFeatureService.swift:905:                TimeHeroPillState(title: timeframeLabel, icon: "calendar", state: .default),
Native/Ambitions/Features/Time/TimeFeatureService.swift:906:                TimeHeroPillState(title: posture.label, icon: AppTab.time.systemImage, state: posture.visualState),
Native/Ambitions/Features/Time/TimeFeatureService.swift:907:                TimeHeroPillState(title: "\(representedGoalCount)/\(max(activeGoalCount, 1)) goals visible", icon: "target", state: representedGoalCount == activeGoalCount && activeGoalCount > 0 ? .success : .selected)
Native/Ambitions/Features/Time/TimeFeatureService.swift:914:        mode: TimeDashboardMode,
Native/Ambitions/Features/Time/TimeFeatureService.swift:1565:        mode: TimeDashboardMode,
Native/Ambitions/Features/Time/TimeFeatureService.swift:2163:        mode: TimeDashboardMode
Native/Ambitions/Features/Time/TimeFeatureService.swift:2225:        let formatter = DateFormatter()
Native/Ambitions/Features/Time/TimeFeatureService.swift:2227:        formatter.setLocalizedDateFormatFromTemplate("MMM d")
Native/Ambitions/Features/Time/TimeFeatureService.swift:2371:        let formatter = DateFormatter()
Native/Ambitions/Features/Time/TimeFeatureService.swift:2373:        formatter.setLocalizedDateFormatFromTemplate("MMM d")
Native/Ambitions/Features/Time/TimeFeatureService.swift:2379:        if let date = ISO8601DateFormatter().date(from: value) {
Native/Ambitions/Features/Time/TimeFeatureService.swift:2382:        let formatter = DateFormatter()
Native/Ambitions/Features/Time/TimeFeatureService.swift:2384:        formatter.dateFormat = "yyyy-MM-dd"
Native/Ambitions/Features/Time/TimeFeatureService.swift:2419:    func makeDashboard(snapshot: RepositoryBackedTimeService.Snapshot, now: Date, calendarAwareness: TimeCalendarAwarenessState) -> TimeDashboard
Native/Ambitions/Features/Time/TimeFeatureService.swift:2420:    func makeWeeklyReviewDashboard(snapshot: RepositoryBackedTimeService.Snapshot, now: Date) -> WeeklyReviewDashboard
Native/Ambitions/Features/Time/TimeFeatureService.swift:2425:    func makeDashboard(
Native/Ambitions/Features/Time/TimeFeatureService.swift:2431:    ) async throws -> TimeDashboard {
Native/Ambitions/Features/Time/TimeFeatureService.swift:2439:        return source.makeDashboard(
Native/Ambitions/Features/Time/TimeFeatureService.swift:2446:    func makeWeeklyReviewDashboard(from source: any TimeFeatureProjectionSource, now: Date) async throws -> WeeklyReviewDashboard {
Native/Ambitions/Features/Time/TimeFeatureService.swift:2448:        return source.makeWeeklyReviewDashboard(snapshot: snapshot, now: now)
Native/Ambitions/Features/Time/TimeLifeSuiteState.swift:493:        mode: TimeDashboardMode
Native/Ambitions/Features/Time/TimeLifeSuiteState.swift:566:        mode: TimeDashboardMode
Native/Ambitions/Features/Time/TimeLifeSuiteState.swift:657:        mode: TimeDashboardMode
Native/Ambitions/Features/Time/TimeLifeSuiteState.swift:803:        mode: TimeDashboardMode
Native/Ambitions/App/AGENTS.md:3:- Keep `AppContainer`, `AppContainerFactory`, `AppNavigationModel`, tab wiring, and external routing synchronized.
Native/Ambitions/Features/You/YouScreen.swift:26:        ScrollView {
Native/Ambitions/Features/You/YouScreen.swift:27:            LazyVStack(alignment: .leading, spacing: theme.spacing.lg) {
Native/Ambitions/Features/You/YouScreen.swift:31:                        .transition(.ambitionPanel)
Native/Ambitions/Features/You/YouScreen.swift:41:                    .transition(.ambitionPanel)
Native/Ambitions/Features/You/YouScreen.swift:58:        .background {
Native/Ambitions/Features/You/YouScreen.swift:62:        .overlay(alignment: .bottom) {
Native/Ambitions/Features/You/YouScreen.swift:85:                dashboard: viewModel.loadedDashboard,
Native/Ambitions/Features/You/YouScreen.swift:94:                notificationPermissionState: viewModel.loadedDashboard.flatMap(notificationPermissionState),
Native/Ambitions/Features/You/YouScreen.swift:102:            syncAppearanceFromLoadedDashboard()
Native/Ambitions/Features/You/YouScreen.swift:108:        syncAppearanceFromLoadedDashboard()
Native/Ambitions/Features/You/YouScreen.swift:114:            syncAppearanceFromLoadedDashboard()
Native/Ambitions/Features/You/YouScreen.swift:128:    private func notificationPermissionState(for dashboard: YouDashboard) -> DegradedStatePresentation? {
Native/Ambitions/Features/You/YouScreen.swift:168:    private func syncAppearanceFromLoadedDashboard() {
Native/Ambitions/Features/You/YouScreen.swift:169:        guard let profileProjection = viewModel.loadedDashboard else { return }
Native/Ambitions/Features/You/YouScreen.swift:203:    let dashboard: YouDashboard?
Native/Ambitions/Features/You/YouScreen.swift:217:            ScrollView {
Native/Ambitions/Features/You/YouScreen.swift:218:                LazyVStack(alignment: .leading, spacing: theme.spacing.lg) {
Native/Ambitions/Features/You/YouScreen.swift:222:                        AsyncStateCard(.loading(lines: 6))
Native/Ambitions/Features/You/YouScreen.swift:241:    private func detailContent(for profileProjection: YouDashboard) -> some View {
Native/Ambitions/Features/You/YouScreen.swift:433:    let profileProjection: YouDashboard
Native/Ambitions/Features/You/YouScreen.swift:479:    let profileProjection: YouDashboard
Native/Ambitions/Features/You/YouScreen.swift:537:        AppCard {
Native/Ambitions/Features/You/YouScreen.swift:538:            VStack(alignment: .leading, spacing: theme.spacing.md) {
Native/Ambitions/Features/You/YouScreen.swift:556:                .background(RoundedRectangle(cornerRadius: theme.radius.lg, style: .continuous).fill(theme.colors.surfaceOverlay))
Native/Ambitions/Features/You/YouScreen.swift:557:                .overlay(RoundedRectangle(cornerRadius: theme.radius.lg, style: .continuous).stroke(theme.colors.strokeSubtle, lineWidth: 1))
Native/Ambitions/Features/You/YouScreen.swift:559:                VStack(alignment: .leading, spacing: theme.spacing.sm) {
Native/Ambitions/Features/You/YouScreen.swift:572:        .ambitionPanelAccessibility()
Native/Ambitions/Features/You/YouScreen.swift:582:        AppCard {
Native/Ambitions/Features/You/YouScreen.swift:583:            VStack(alignment: .leading, spacing: theme.spacing.md) {
Native/Ambitions/Features/You/YouScreen.swift:591:                    VStack(alignment: .leading, spacing: theme.spacing.sm) {
Native/Ambitions/Features/You/YouScreen.swift:617:                    VStack(alignment: .leading, spacing: theme.spacing.sm) {
Native/Ambitions/Features/You/YouScreen.swift:632:                    VStack(alignment: .leading, spacing: theme.spacing.sm) {
Native/Ambitions/Features/You/YouScreen.swift:653:                VStack(alignment: .leading, spacing: theme.spacing.sm) {
Native/Ambitions/Features/You/YouScreen.swift:659:                YouPersonalizationConsentPanel(consent: memoryControls.consent)
Native/Ambitions/Features/You/YouScreen.swift:662:                    VStack(alignment: .leading, spacing: theme.spacing.sm) {
Native/Ambitions/Features/You/YouScreen.swift:677:                    VStack(alignment: .leading, spacing: theme.spacing.sm) {
Native/Ambitions/Features/You/YouScreen.swift:698:                    VStack(alignment: .leading, spacing: theme.spacing.sm) {
Native/Ambitions/Features/You/YouScreen.swift:713:                    VStack(alignment: .leading, spacing: theme.spacing.sm) {
Native/Ambitions/Features/You/YouScreen.swift:739:        .ambitionPanelAccessibility(
Native/Ambitions/Features/You/YouScreen.swift:812:        AppCard {
Native/Ambitions/Features/You/YouScreen.swift:813:            VStack(alignment: .leading, spacing: theme.spacing.md) {
Native/Ambitions/Features/You/YouScreen.swift:821:                VStack(alignment: .leading, spacing: theme.spacing.sm) {
Native/Ambitions/Features/You/YouScreen.swift:827:                    VStack(alignment: .leading, spacing: theme.spacing.xs) {
Native/Ambitions/Features/You/YouScreen.swift:848:                VStack(alignment: .leading, spacing: theme.spacing.md) {
Native/Ambitions/Features/You/YouScreen.swift:863:        .ambitionPanelAccessibility(
Native/Ambitions/Features/You/YouScreen.swift:899:        AppCard {
Native/Ambitions/Features/You/YouScreen.swift:900:            VStack(alignment: .leading, spacing: theme.spacing.md) {
Native/Ambitions/Features/You/YouScreen.swift:905:                        VStack(alignment: .leading, spacing: theme.spacing.xxxs) {
Native/Ambitions/Features/You/YouScreen.swift:917:                        TagPill("\(section.factRows.count)", icon: "list.bullet", state: section.factRows.isEmpty ? .default : .selected)
Native/Ambitions/Features/You/YouScreen.swift:933:                    VStack(alignment: .leading, spacing: theme.spacing.sm) {
Native/Ambitions/Features/You/YouScreen.swift:941:        .ambitionPanelAccessibility()
Native/Ambitions/Features/You/YouScreen.swift:951:        VStack(alignment: .leading, spacing: theme.spacing.sm) {
Native/Ambitions/Features/You/YouScreen.swift:959:                VStack(alignment: .leading, spacing: theme.spacing.xxxs) {
Native/Ambitions/Features/You/YouScreen.swift:970:                TagPill(factRow.freshness.label, state: factRow.freshness.visualState)
Native/Ambitions/Features/You/YouScreen.swift:973:            VStack(alignment: .leading, spacing: theme.spacing.xs) {
Native/Ambitions/Features/You/YouScreen.swift:974:                ScrollView(.horizontal, showsIndicators: false) {
Native/Ambitions/Features/You/YouScreen.swift:976:                        TagPill(factRow.sourceLabel, icon: "doc.text.magnifyingglass", state: .default)
Native/Ambitions/Features/You/YouScreen.swift:977:                        TagPill(factRow.activityLabel, icon: "play.circle", state: factRow.activityLabel.localizedCaseInsensitiveContains("active") ? .success : .warning)
Native/Ambitions/Features/You/YouScreen.swift:978:                        TagPill(factRow.lastAffectedLabel, icon: "clock", state: factRow.freshness.visualState)
Native/Ambitions/Features/You/YouScreen.swift:979:                        TagPill("Runtime use \(factRow.runtimeUseState.label)", icon: "hand.raised", state: factRow.runtimeUseState.visualState)
Native/Ambitions/Features/You/YouScreen.swift:980:                        TagPill(factRow.runtimePermissionLabel, icon: "lock.shield", state: factRow.runtimeUseState == .used ? .success : .warning)
Native/Ambitions/Features/You/YouScreen.swift:981:                        TagPill(factRow.whereUsed, icon: "tray.full", state: factRow.runtimeUseState.visualState)
Native/Ambitions/Features/You/YouScreen.swift:985:                VStack(alignment: .leading, spacing: theme.spacing.xs) {
Native/Ambitions/Features/You/YouScreen.swift:1028:        .background(RoundedRectangle(cornerRadius: theme.radius.lg, style: .continuous).fill(theme.colors.surfaceOverlay))
Native/Ambitions/Features/You/YouScreen.swift:1029:        .overlay(RoundedRectangle(cornerRadius: theme.radius.lg, style: .continuous).stroke(theme.colors.strokeSubtle, lineWidth: 1))
Native/Ambitions/Features/You/YouScreen.swift:1030:        .ambitionPanelAccessibility()
Native/Ambitions/Features/You/YouScreen.swift:1071:        VStack(alignment: .leading, spacing: theme.spacing.sm) {
Native/Ambitions/Features/You/YouScreen.swift:1079:                VStack(alignment: .leading, spacing: theme.spacing.xxxs) {
Native/Ambitions/Features/You/YouScreen.swift:1091:                TagPill(item.kind.label, state: item.state)
Native/Ambitions/Features/You/YouScreen.swift:1099:                TagPill(item.sourceLabel, icon: "doc.text.magnifyingglass", state: .default)
Native/Ambitions/Features/You/YouScreen.swift:1100:                TagPill(item.controlLabel, icon: "hand.tap", state: item.state)
Native/Ambitions/Features/You/YouScreen.swift:1101:                TagPill(item.privacyLabel, icon: "lock.shield", state: .default)
Native/Ambitions/Features/You/YouScreen.swift:1105:        .background(RoundedRectangle(cornerRadius: theme.radius.lg, style: .continuous).fill(theme.colors.surfaceOverlay))
Native/Ambitions/Features/You/YouScreen.swift:1106:        .overlay(RoundedRectangle(cornerRadius: theme.radius.lg, style: .continuous).stroke(theme.colors.strokeSubtle, lineWidth: 1))
Native/Ambitions/Features/You/YouScreen.swift:1107:        .ambitionPanelAccessibility(
Native/Ambitions/Features/You/YouScreen.swift:1134:        VStack(alignment: .leading, spacing: theme.spacing.sm) {
Native/Ambitions/Features/You/YouScreen.swift:1142:                VStack(alignment: .leading, spacing: theme.spacing.xxxs) {
Native/Ambitions/Features/You/YouScreen.swift:1154:                TagPill(control.availabilityLabel, state: control.state)
Native/Ambitions/Features/You/YouScreen.swift:1162:                TagPill(control.sourceLabel, icon: "doc.text.magnifyingglass", state: .default)
Native/Ambitions/Features/You/YouScreen.swift:1163:                TagPill(control.receiptLabel, icon: "checkmark.seal", state: control.state)
Native/Ambitions/Features/You/YouScreen.swift:1164:                TagPill(control.boundaryLabel, icon: "lock.shield", state: .default)
Native/Ambitions/Features/You/YouScreen.swift:1168:        .background(RoundedRectangle(cornerRadius: theme.radius.lg, style: .continuous).fill(theme.colors.surfaceOverlay))
Native/Ambitions/Features/You/YouScreen.swift:1169:        .overlay(RoundedRectangle(cornerRadius: theme.radius.lg, style: .continuous).stroke(theme.colors.strokeSubtle, lineWidth: 1))
Native/Ambitions/Features/You/YouScreen.swift:1170:        .ambitionPanelAccessibility(
Native/Ambitions/Features/You/YouScreen.swift:1200:        AppCard {
Native/Ambitions/Features/You/YouScreen.swift:1201:            VStack(alignment: .leading, spacing: theme.spacing.md) {
Native/Ambitions/Features/You/YouScreen.swift:1208:                VStack(alignment: .leading, spacing: theme.spacing.sm) {
Native/Ambitions/Features/You/YouScreen.swift:1236:                    VStack(alignment: .leading, spacing: theme.spacing.sm) {
Native/Ambitions/Features/You/YouScreen.swift:1256:                    VStack(alignment: .leading, spacing: theme.spacing.sm) {
Native/Ambitions/Features/You/YouScreen.swift:1276:        .ambitionPanelAccessibility(
Native/Ambitions/Features/You/YouScreen.swift:1290:        VStack(alignment: .leading, spacing: theme.spacing.sm) {
Native/Ambitions/Features/You/YouScreen.swift:1298:                VStack(alignment: .leading, spacing: theme.spacing.xxxs) {
Native/Ambitions/Features/You/YouScreen.swift:1312:                TagPill(item.kind.title, state: .default)
Native/Ambitions/Features/You/YouScreen.swift:1313:                TagPill(item.sourceLabel, state: .default)
Native/Ambitions/Features/You/YouScreen.swift:1314:                TagPill(item.freshness.label, state: item.freshness.visualState)
Native/Ambitions/Features/You/YouScreen.swift:1317:            VStack(alignment: .leading, spacing: theme.spacing.xs) {
Native/Ambitions/Features/You/YouScreen.swift:1320:                        TagPill(action.title, state: action.state)
Native/Ambitions/Features/You/YouScreen.swift:1333:        .background(RoundedRectangle(cornerRadius: theme.radius.lg, style: .continuous).fill(theme.colors.surfaceOverlay))
Native/Ambitions/Features/You/YouScreen.swift:1334:        .overlay(RoundedRectangle(cornerRadius: theme.radius.lg, style: .continuous).stroke(theme.colors.strokeSubtle, lineWidth: 1))
Native/Ambitions/Features/You/YouScreen.swift:1335:        .ambitionPanelAccessibility(
Native/Ambitions/Features/You/YouScreen.swift:1349:        VStack(alignment: .leading, spacing: theme.spacing.sm) {
Native/Ambitions/Features/You/YouScreen.swift:1357:                VStack(alignment: .leading, spacing: theme.spacing.xxxs) {
Native/Ambitions/Features/You/YouScreen.swift:1375:                TagPill(item.sourceLabel, icon: "doc.text.magnifyingglass", state: .default)
Native/Ambitions/Features/You/YouScreen.swift:1376:                TagPill(item.sourceAgeLabel, icon: "clock", state: item.state)
Native/Ambitions/Features/You/YouScreen.swift:1377:                TagPill(item.privacyShutterLabel, icon: "eye.slash", state: .default)
Native/Ambitions/Features/You/YouScreen.swift:1381:                TagPill(item.reviewLabel, icon: "checkmark.seal", state: item.state)
Native/Ambitions/Features/You/YouScreen.swift:1382:                TagPill(item.correctionLabel, icon: "pencil", state: .default)
Native/Ambitions/Features/You/YouScreen.swift:1383:                TagPill(item.rejectionLabel, icon: "xmark.seal", state: item.state == .success ? .default : .warning)
Native/Ambitions/Features/You/YouScreen.swift:1387:        .background(RoundedRectangle(cornerRadius: theme.radius.lg, style: .continuous).fill(theme.colors.surfaceOverlay))
Native/Ambitions/Features/You/YouScreen.swift:1388:        .overlay(RoundedRectangle(cornerRadius: theme.radius.lg, style: .continuous).stroke(theme.colors.strokeSubtle, lineWidth: 1))
Native/Ambitions/Features/You/YouScreen.swift:1389:        .ambitionPanelAccessibility(
Native/Ambitions/Features/You/YouScreen.swift:1410:private struct YouPersonalizationConsentPanel: View {
Native/Ambitions/Features/You/YouScreen.swift:1416:        VStack(alignment: .leading, spacing: theme.spacing.sm) {
Native/Ambitions/Features/You/YouScreen.swift:1423:            ScrollView(.horizontal, showsIndicators: false) {
Native/Ambitions/Features/You/YouScreen.swift:1425:                    TagPill(consent.sourceLabel, icon: "internaldrive", state: .default)
Native/Ambitions/Features/You/YouScreen.swift:1426:                    TagPill(consent.sensitiveMemoryLabel, icon: "hand.raised", state: .warning)
Native/Ambitions/Features/You/YouScreen.swift:1427:                    TagPill(consent.hiddenMemoryLabel, icon: "eye.slash", state: .selected)
Native/Ambitions/Features/You/YouScreen.swift:1428:                    TagPill(consent.controlLabel, icon: "person.crop.circle", state: .success)
Native/Ambitions/Features/You/YouScreen.swift:1433:        .background(
Native/Ambitions/Features/You/YouScreen.swift:1434:            RoundedRectangle(cornerRadius: theme.radius.lg, style: .continuous)
Native/Ambitions/Features/You/YouScreen.swift:1437:        .overlay(
Native/Ambitions/Features/You/YouScreen.swift:1438:            RoundedRectangle(cornerRadius: theme.radius.lg, style: .continuous)
Native/Ambitions/Features/You/YouScreen.swift:1453:        VStack(alignment: .leading, spacing: theme.spacing.xs) {
Native/Ambitions/Features/You/YouScreen.swift:1461:                TagPill(control.statusLabel, state: control.state)
Native/Ambitions/Features/You/YouScreen.swift:1470:                TagPill(control.privacyLabel, icon: "lock.shield", state: .default)
Native/Ambitions/Features/You/YouScreen.swift:1471:                TagPill(control.controlLabel, icon: "hand.tap", state: control.state)
Native/Ambitions/Features/You/YouScreen.swift:1475:        .background(
Native/Ambitions/Features/You/YouScreen.swift:1476:            RoundedRectangle(cornerRadius: theme.radius.lg, style: .continuous)
Native/Ambitions/Features/You/YouScreen.swift:1479:        .overlay(
Native/Ambitions/Features/You/YouScreen.swift:1480:            RoundedRectangle(cornerRadius: theme.radius.lg, style: .continuous)
Native/Ambitions/Features/You/YouScreen.swift:1495:        AppCard {
Native/Ambitions/Features/You/YouScreen.swift:1496:            VStack(alignment: .leading, spacing: theme.spacing.md) {
Native/Ambitions/Features/You/YouScreen.swift:1503:                VStack(alignment: .leading, spacing: theme.spacing.lg) {
Native/Ambitions/Features/You/YouScreen.swift:1505:                        VStack(alignment: .leading, spacing: theme.spacing.sm) {
Native/Ambitions/Features/You/YouScreen.swift:1508:                            VStack(alignment: .leading, spacing: theme.spacing.sm) {
Native/Ambitions/Features/You/YouScreen.swift:1531:        .ambitionPanelAccessibility(
Native/Ambitions/Features/You/YouScreen.swift:1545:        VStack(alignment: .leading, spacing: theme.spacing.sm) {
Native/Ambitions/Features/You/YouScreen.swift:1552:                VStack(alignment: .leading, spacing: theme.spacing.xxxs) {
Native/Ambitions/Features/You/YouScreen.swift:1568:                TagPill(row.runtimeUseState.label, state: row.runtimeUseState.visualState)
Native/Ambitions/Features/You/YouScreen.swift:1571:            ScrollView(.horizontal, showsIndicators: false) {
Native/Ambitions/Features/You/YouScreen.swift:1573:                    TagPill(row.sourceName, state: row.state)
Native/Ambitions/Features/You/YouScreen.swift:1574:                    TagPill(row.sourceStateLabel, state: row.state)
Native/Ambitions/Features/You/YouScreen.swift:1575:                    TagPill(row.freshnessStateLabel, state: row.state)
Native/Ambitions/Features/You/YouScreen.swift:1576:                    TagPill(row.riskStateLabel, state: row.state)
Native/Ambitions/Features/You/YouScreen.swift:1577:                    TagPill(row.reviewNeedLabel, state: row.reviewNeedLabel == "Needs Review" ? .warning : .success)
Native/Ambitions/Features/You/YouScreen.swift:1581:            VStack(alignment: .leading, spacing: theme.spacing.xxs) {
Native/Ambitions/Features/You/YouScreen.swift:1593:        .background(RoundedRectangle(cornerRadius: theme.radius.lg, style: .continuous).fill(theme.colors.surfaceOverlay))
Native/Ambitions/Features/You/YouScreen.swift:1594:        .overlay(RoundedRectangle(cornerRadius: theme.radius.lg, style: .continuous).stroke(theme.colors.strokeSubtle, lineWidth: 1))
Native/Ambitions/Features/You/YouScreen.swift:1595:        .ambitionPanelAccessibility(
Native/Ambitions/Features/You/YouScreen.swift:1609:        VStack(alignment: .leading, spacing: theme.spacing.sm) {
Native/Ambitions/Features/You/YouScreen.swift:1616:                VStack(alignment: .leading, spacing: theme.spacing.xxxs) {
Native/Ambitions/Features/You/YouScreen.swift:1634:                TagPill(item.freshness.label, state: item.freshness.visualState)
Native/Ambitions/Features/You/YouScreen.swift:1635:                TagPill(item.sourceLabel, state: .default)
Native/Ambitions/Features/You/YouScreen.swift:1636:                TagPill(item.privacyLabel, state: .default)
Native/Ambitions/Features/You/YouScreen.swift:1639:            VStack(alignment: .leading, spacing: theme.spacing.xs) {
Native/Ambitions/Features/You/YouScreen.swift:1642:                        TagPill(action.title, state: action.state)
Native/Ambitions/Features/You/YouScreen.swift:1655:        .background(RoundedRectangle(cornerRadius: theme.radius.lg, style: .continuous).fill(theme.colors.surfaceOverlay))
Native/Ambitions/Features/You/YouScreen.swift:1656:        .overlay(RoundedRectangle(cornerRadius: theme.radius.lg, style: .continuous).stroke(theme.colors.strokeSubtle, lineWidth: 1))
Native/Ambitions/Features/You/YouScreen.swift:1657:        .ambitionPanelAccessibility(
Native/Ambitions/Features/You/YouScreen.swift:1671:        VStack(alignment: .leading, spacing: theme.spacing.sm) {
Native/Ambitions/Features/You/YouScreen.swift:1678:                VStack(alignment: .leading, spacing: theme.spacing.xxxs) {
Native/Ambitions/Features/You/YouScreen.swift:1695:            VStack(alignment: .leading, spacing: theme.spacing.xs) {
Native/Ambitions/Features/You/YouScreen.swift:1696:                TagPill(memory.freshness.label, state: memory.freshness.visualState)
Native/Ambitions/Features/You/YouScreen.swift:1697:                TagPill(memory.sourceLabel, state: .default)
Native/Ambitions/Features/You/YouScreen.swift:1698:                TagPill(memory.sensitiveStatusLabel, state: .default)
Native/Ambitions/Features/You/YouScreen.swift:1701:            VStack(alignment: .leading, spacing: theme.spacing.xs) {
Native/Ambitions/Features/You/YouScreen.swift:1703:                    VStack(alignment: .leading, spacing: theme.spacing.xs) {
Native/Ambitions/Features/You/YouScreen.swift:1704:                        TagPill(action.title, state: action.state)
Native/Ambitions/Features/You/YouScreen.swift:1717:        .background(RoundedRectangle(cornerRadius: theme.radius.lg, style: .continuous).fill(theme.colors.surfaceOverlay))
Native/Ambitions/Features/You/YouScreen.swift:1718:        .overlay(RoundedRectangle(cornerRadius: theme.radius.lg, style: .continuous).stroke(theme.colors.strokeSubtle, lineWidth: 1))
Native/Ambitions/Features/You/YouScreen.swift:1719:        .ambitionPanelAccessibility(
Native/Ambitions/Features/You/YouScreen.swift:1733:        WidgetCard(state: pattern.state) {
Native/Ambitions/Features/You/YouScreen.swift:1734:            VStack(alignment: .leading, spacing: theme.spacing.xs) {
Native/Ambitions/Features/You/YouScreen.swift:1740:                    TagPill(pattern.reviewLabel, state: pattern.state)
Native/Ambitions/Features/You/YouScreen.swift:1760:        AppCard {
Native/Ambitions/Features/You/YouScreen.swift:1761:            VStack(alignment: .leading, spacing: theme.spacing.md) {
Native/Ambitions/Features/You/YouScreen.swift:1768:                VStack(alignment: .leading, spacing: theme.spacing.sm) {
Native/Ambitions/Features/You/YouScreen.swift:1781:        .ambitionPanelAccessibility()
Native/Ambitions/Features/You/YouScreen.swift:1793:        AppCard {
Native/Ambitions/Features/You/YouScreen.swift:1794:            VStack(alignment: .leading, spacing: theme.spacing.md) {
Native/Ambitions/Features/You/YouScreen.swift:1801:                VStack(alignment: .leading, spacing: theme.spacing.sm) {
Native/Ambitions/Features/You/YouScreen.swift:1806:                        VStack(alignment: .leading, spacing: theme.spacing.xxxs) {
Native/Ambitions/Features/You/YouScreen.swift:1819:                        TagPill(projection.lifeOSReceipt.statusLabel, state: projection.period.state)
Native/Ambitions/Features/You/YouScreen.swift:1822:                    .background(RoundedRectangle(cornerRadius: theme.radius.lg, style: .continuous).fill(theme.colors.surfaceOverlay))
Native/Ambitions/Features/You/YouScreen.swift:1823:                    .overlay(RoundedRectangle(cornerRadius: theme.radius.lg, style: .continuous).stroke(theme.colors.strokeSubtle, lineWidth: 1))
Native/Ambitions/Features/You/YouScreen.swift:1847:                VStack(alignment: .leading, spacing: theme.spacing.sm) {
Native/Ambitions/Features/You/YouScreen.swift:1856:                    VStack(alignment: .leading, spacing: theme.spacing.sm) {
Native/Ambitions/Features/You/YouScreen.swift:1866:                    VStack(alignment: .leading, spacing: theme.spacing.sm) {
Native/Ambitions/Features/You/YouScreen.swift:1874:                VStack(alignment: .leading, spacing: theme.spacing.sm) {
Native/Ambitions/Features/You/YouScreen.swift:1881:                VStack(alignment: .leading, spacing: theme.spacing.sm) {
Native/Ambitions/Features/You/YouScreen.swift:1890:                    VStack(alignment: .leading, spacing: theme.spacing.sm) {
Native/Ambitions/Features/You/YouScreen.swift:1898:                VStack(alignment: .leading, spacing: theme.spacing.sm) {
Native/Ambitions/Features/You/YouScreen.swift:1912:        .ambitionPanelAccessibility()
Native/Ambitions/Features/You/YouScreen.swift:1926:        VStack(alignment: .leading, spacing: theme.spacing.sm) {
Native/Ambitions/Features/You/YouScreen.swift:1930:                VStack(alignment: .leading, spacing: theme.spacing.xs) {
Native/Ambitions/Features/You/YouScreen.swift:1931:                    TagPill("Available after more activity", icon: "clock", state: .default)
Native/Ambitions/Features/You/YouScreen.swift:1942:                .background(RoundedRectangle(cornerRadius: theme.radius.lg, style: .continuous).fill(theme.colors.surfaceOverlay))
Native/Ambitions/Features/You/YouScreen.swift:1943:                .overlay(RoundedRectangle(cornerRadius: theme.radius.lg, style: .continuous).stroke(theme.colors.strokeSubtle, lineWidth: 1))
Native/Ambitions/Features/You/YouScreen.swift:1964:            VStack(alignment: .leading, spacing: theme.spacing.xxxs) {
Native/Ambitions/Features/You/YouScreen.swift:1977:            TagPill(cadence.statusLabel, state: cadence.state)
Native/Ambitions/Features/You/YouScreen.swift:1980:        .background(RoundedRectangle(cornerRadius: theme.radius.md, style: .continuous).fill(theme.colors.surfaceOverlay))
Native/Ambitions/Features/You/YouScreen.swift:1981:        .overlay(RoundedRectangle(cornerRadius: theme.radius.md, style: .continuous).stroke(theme.colors.strokeSubtle, lineWidth: 1))
Native/Ambitions/Features/You/YouScreen.swift:2006:        VStack(alignment: .leading, spacing: theme.spacing.xs) {
Native/Ambitions/Features/You/YouScreen.swift:2008:                VStack(alignment: .leading, spacing: theme.spacing.xxxs) {
Native/Ambitions/Features/You/YouScreen.swift:2018:                TagPill(line.sourceLabel, state: line.state)
Native/Ambitions/Features/You/YouScreen.swift:2021:            TagPill(line.privacyLabel, icon: "lock.shield", state: .default)
Native/Ambitions/Features/You/YouScreen.swift:2024:        .background(RoundedRectangle(cornerRadius: theme.radius.md, style: .continuous).fill(theme.colors.surfaceOverlay))
Native/Ambitions/Features/You/YouScreen.swift:2025:        .overlay(RoundedRectangle(cornerRadius: theme.radius.md, style: .continuous).stroke(theme.colors.strokeSubtle, lineWidth: 1))
Native/Ambitions/Features/You/YouScreen.swift:2044:            VStack(alignment: .leading, spacing: theme.spacing.xxxs) {
Native/Ambitions/Features/You/YouScreen.swift:2054:            TagPill(item.valueLabel, state: item.state)
Native/Ambitions/Features/You/YouScreen.swift:2057:        .background(RoundedRectangle(cornerRadius: theme.radius.md, style: .continuous).fill(theme.colors.surfaceOverlay))
Native/Ambitions/Features/You/YouScreen.swift:2058:        .overlay(RoundedRectangle(cornerRadius: theme.radius.md, style: .continuous).stroke(theme.colors.strokeSubtle, lineWidth: 1))
Native/Ambitions/Features/You/YouScreen.swift:2072:            VStack(alignment: .leading, spacing: theme.spacing.xxxs) {
Native/Ambitions/Features/You/YouScreen.swift:2082:            TagPill(proof.valueLabel, state: proof.state)
Native/Ambitions/Features/You/YouScreen.swift:2085:        .background(RoundedRectangle(cornerRadius: theme.radius.md, style: .continuous).fill(theme.colors.surfaceOverlay))
Native/Ambitions/Features/You/YouScreen.swift:2086:        .overlay(RoundedRectangle(cornerRadius: theme.radius.md, style: .continuous).stroke(theme.colors.strokeSubtle, lineWidth: 1))
Native/Ambitions/Features/You/YouScreen.swift:2096:        VStack(alignment: .leading, spacing: theme.spacing.xs) {
Native/Ambitions/Features/You/YouScreen.swift:2097:            TagPill(item.actionLabel, icon: "arrow.forward", state: item.state)
Native/Ambitions/Features/You/YouScreen.swift:2108:        .background(RoundedRectangle(cornerRadius: theme.radius.lg, style: .continuous).fill(theme.colors.surfaceOverlay))
Native/Ambitions/Features/You/YouScreen.swift:2109:        .overlay(RoundedRectangle(cornerRadius: theme.radius.lg, style: .continuous).stroke(theme.colors.strokeSubtle, lineWidth: 1))
Native/Ambitions/Features/You/YouScreen.swift:2119:        VStack(alignment: .leading, spacing: theme.spacing.xs) {
Native/Ambitions/Features/You/YouScreen.swift:2124:                VStack(alignment: .leading, spacing: theme.spacing.xxxs) {
Native/Ambitions/Features/You/YouScreen.swift:2134:                TagPill(handoff.destinationLabel, state: handoff.state)
Native/Ambitions/Features/You/YouScreen.swift:2137:            TagPill(handoff.safetyLabel, icon: "hand.raised", state: handoff.state)
Native/Ambitions/Features/You/YouScreen.swift:2140:        .background(RoundedRectangle(cornerRadius: theme.radius.md, style: .continuous).fill(theme.colors.surfaceOverlay))
Native/Ambitions/Features/You/YouScreen.swift:2141:        .overlay(RoundedRectangle(cornerRadius: theme.radius.md, style: .continuous).stroke(theme.colors.strokeSubtle, lineWidth: 1))
Native/Ambitions/Features/You/YouScreen.swift:2159:            VStack(alignment: .leading, spacing: theme.spacing.xxxs) {
Native/Ambitions/Features/You/YouScreen.swift:2169:            TagPill(prompt.actionLabel, state: prompt.state)
Native/Ambitions/Features/You/YouScreen.swift:2172:        .background(RoundedRectangle(cornerRadius: theme.radius.md, style: .continuous).fill(theme.colors.surfaceOverlay))
Native/Ambitions/Features/You/YouScreen.swift:2173:        .overlay(RoundedRectangle(cornerRadius: theme.radius.md, style: .continuous).stroke(theme.colors.strokeSubtle, lineWidth: 1))
Native/Ambitions/Features/You/YouScreen.swift:2183:        VStack(alignment: .leading, spacing: theme.spacing.xs) {
Native/Ambitions/Features/You/YouScreen.swift:2184:            TagPill(rule.statusLabel, state: rule.state)
Native/Ambitions/Features/You/YouScreen.swift:2186:            VStack(alignment: .leading, spacing: theme.spacing.xxxs) {
Native/Ambitions/Features/You/YouScreen.swift:2198:        .background(RoundedRectangle(cornerRadius: theme.radius.lg, style: .continuous).fill(theme.colors.surfaceOverlay))
Native/Ambitions/Features/You/YouScreen.swift:2199:        .overlay(RoundedRectangle(cornerRadius: theme.radius.lg, style: .continuous).stroke(theme.colors.strokeSubtle, lineWidth: 1))
Native/Ambitions/Features/You/YouScreen.swift:2203:private struct YouMetricTile: View {
Native/Ambitions/Features/You/YouScreen.swift:2209:        VStack(alignment: .leading, spacing: theme.spacing.xxs) {
Native/Ambitions/Features/You/YouScreen.swift:2224:        .background(RoundedRectangle(cornerRadius: theme.radius.md, style: .continuous).fill(theme.colors.surfaceOverlay))
Native/Ambitions/Features/You/YouScreen.swift:2225:        .overlay(RoundedRectangle(cornerRadius: theme.radius.md, style: .continuous).stroke(theme.colors.strokeSubtle, lineWidth: 1))
Native/Ambitions/Features/You/YouScreen.swift:2242:        AppCard {
Native/Ambitions/Features/You/YouScreen.swift:2243:            VStack(alignment: .leading, spacing: theme.spacing.md) {
Native/Ambitions/Features/You/YouScreen.swift:2250:                VStack(alignment: .leading, spacing: theme.spacing.sm) {
Native/Ambitions/Features/You/YouScreen.swift:2263:                    VStack(alignment: .leading, spacing: theme.spacing.xs) {
Native/Ambitions/Features/You/YouScreen.swift:2276:                VStack(alignment: .leading, spacing: theme.spacing.sm) {
Native/Ambitions/Features/You/YouScreen.swift:2282:                        TagPill(accentFamily.title, icon: "paintpalette", state: .selected)
Native/Ambitions/Features/You/YouScreen.swift:2295:                            YouAccentTile(
Native/Ambitions/Features/You/YouScreen.swift:2305:                VStack(alignment: .leading, spacing: theme.spacing.sm) {
Native/Ambitions/Features/You/YouScreen.swift:2330:                        VStack(alignment: .leading, spacing: theme.spacing.xxxs) {
Native/Ambitions/Features/You/YouScreen.swift:2366:                VStack(alignment: .leading, spacing: theme.spacing.xxxs) {
Native/Ambitions/Features/You/YouScreen.swift:2384:            .background(RoundedRectangle(cornerRadius: theme.radius.md, style: .continuous).fill(theme.colors.surfaceOverlay))
Native/Ambitions/Features/You/YouScreen.swift:2385:            .overlay(RoundedRectangle(cornerRadius: theme.radius.md, style: .continuous).stroke(theme.colors.strokeSubtle, lineWidth: 1))
Native/Ambitions/Features/You/YouScreen.swift:2391:private struct YouAccentTile: View {
Native/Ambitions/Features/You/YouScreen.swift:2402:            VStack(alignment: .leading, spacing: theme.spacing.sm) {
Native/Ambitions/Features/You/YouScreen.swift:2403:                RoundedRectangle(cornerRadius: theme.radius.md, style: .continuous)
Native/Ambitions/Features/You/YouScreen.swift:2406:                    .overlay(alignment: .bottomLeading) {
Native/Ambitions/Features/You/YouScreen.swift:2415:                VStack(alignment: .leading, spacing: theme.spacing.xxxs) {
Native/Ambitions/Features/You/YouScreen.swift:2433:            .background(RoundedRectangle(cornerRadius: theme.radius.lg, style: .continuous).fill(theme.colors.surfaceOverlay))
Native/Ambitions/Features/You/YouScreen.swift:2434:            .overlay(RoundedRectangle(cornerRadius: theme.radius.lg, style: .continuous).stroke(isSelected ? theme.colors.accentPrimary.opacity(0.7) : theme.colors.strokeSubtle, lineWidth: 1))
Native/Ambitions/Features/You/YouScreen.swift:2448:        VStack(alignment: .leading, spacing: selectedTheme.spacing.xs) {
Native/Ambitions/Features/You/YouScreen.swift:2462:            TagPill(
Native/Ambitions/Features/You/YouScreen.swift:2470:        .background(
Native/Ambitions/Features/You/YouScreen.swift:2471:            RoundedRectangle(cornerRadius: selectedTheme.radius.lg, style: .continuous)
Native/Ambitions/Features/You/YouScreen.swift:2474:        .overlay(
Native/Ambitions/Features/You/YouScreen.swift:2475:            RoundedRectangle(cornerRadius: selectedTheme.radius.lg, style: .continuous)
Native/Ambitions/Features/You/YouScreen.swift:2478:        .ambitionPanelAccessibility(
Native/Ambitions/Features/You/YouScreen.swift:2493:            VStack(alignment: .leading, spacing: 6) {
Native/Ambitions/Features/You/YouScreen.swift:2495:                RoundedRectangle(cornerRadius: previewTheme.radius.sm, style: .continuous)
Native/Ambitions/Features/You/YouScreen.swift:2507:                VStack(spacing: 5) {
Native/Ambitions/Features/You/YouScreen.swift:2514:                VStack(alignment: .leading, spacing: 8) {
Native/Ambitions/Features/You/YouScreen.swift:2524:                RoundedRectangle(cornerRadius: 3).fill(previewTheme.colors.surfaceOverlay).frame(width: 12, height: 22)
Native/Ambitions/Features/You/YouScreen.swift:2525:                RoundedRectangle(cornerRadius: 3).fill(previewTheme.colors.accentPrimary.opacity(0.7)).frame(width: 12, height: 38)
Native/Ambitions/Features/You/YouScreen.swift:2526:                RoundedRectangle(cornerRadius: 3).fill(previewTheme.colors.accentWarm.opacity(0.82)).frame(width: 12, height: 28)
Native/Ambitions/Features/You/YouScreen.swift:2527:                RoundedRectangle(cornerRadius: 3).fill(previewTheme.colors.surfaceOverlay).frame(width: 12, height: 46)
Native/Ambitions/Features/You/YouScreen.swift:2528:                RoundedRectangle(cornerRadius: 3).fill(previewTheme.colors.accentPrimary.opacity(0.45)).frame(width: 12, height: 32)
Native/Ambitions/Features/You/YouScreen.swift:2534:            VStack(alignment: .leading, spacing: 6) {
Native/Ambitions/Features/You/YouScreen.swift:2547:                RoundedRectangle(cornerRadius: previewTheme.radius.sm, style: .continuous)
Native/Ambitions/Features/You/YouScreen.swift:2564:        AppCard {
Native/Ambitions/Features/You/YouScreen.swift:2565:            VStack(alignment: .leading, spacing: theme.spacing.md) {
Native/Ambitions/Features/You/YouScreen.swift:2572:                VStack(alignment: .leading, spacing: theme.spacing.sm) {
Native/Ambitions/Features/You/YouScreen.swift:2584:                .background(RoundedRectangle(cornerRadius: theme.radius.lg, style: .continuous).fill(theme.colors.surfaceOverlay))
Native/Ambitions/Features/You/YouScreen.swift:2585:                .overlay(RoundedRectangle(cornerRadius: theme.radius.lg, style: .continuous).stroke(theme.colors.strokeSubtle, lineWidth: 1))
Native/Ambitions/Features/You/YouScreen.swift:2587:                VStack(alignment: .leading, spacing: theme.spacing.sm) {
Native/Ambitions/Features/You/YouScreen.swift:2593:                VStack(alignment: .leading, spacing: theme.spacing.sm) {
Native/Ambitions/Features/You/YouScreen.swift:2606:                GroupedNavigationList {
Native/Ambitions/Features/You/YouScreen.swift:2713:        VStack(alignment: .leading, spacing: theme.spacing.xs) {
Native/Ambitions/Features/You/YouScreen.swift:2726:                    .background(Capsule().fill(theme.colors.surfaceOverlay))
Native/Ambitions/Features/You/YouScreen.swift:2740:        .background(RoundedRectangle(cornerRadius: theme.radius.lg, style: .continuous).fill(theme.colors.surfaceOverlay))
Native/Ambitions/Features/You/YouScreen.swift:2741:        .overlay(RoundedRectangle(cornerRadius: theme.radius.lg, style: .continuous).stroke(theme.colors.strokeSubtle, lineWidth: 1))
Native/Ambitions/Features/You/YouScreen.swift:2754:        VStack(alignment: .leading, spacing: theme.spacing.xs) {
Native/Ambitions/Features/You/YouScreen.swift:2761:                VStack(alignment: .leading, spacing: theme.spacing.xxxs) {
Native/Ambitions/Features/You/YouScreen.swift:2781:                TagPill(resultLabel, state: resultState)
Native/Ambitions/Features/You/YouScreen.swift:2782:                TagPill(undoLabel, state: undoState)
Native/Ambitions/Features/You/YouScreen.swift:2783:                TagPill(correctionLabel, state: correctionState)
Native/Ambitions/Features/You/YouScreen.swift:2787:        .background(RoundedRectangle(cornerRadius: theme.radius.lg, style: .continuous).fill(theme.colors.surfaceOverlay))
Native/Ambitions/Features/You/YouScreen.swift:2788:        .overlay(RoundedRectangle(cornerRadius: theme.radius.lg, style: .continuous).stroke(theme.colors.strokeSubtle, lineWidth: 1))
Native/Ambitions/Features/You/YouScreen.swift:2789:        .ambitionPanelAccessibility(
Native/Ambitions/Features/You/YouScreen.swift:3069:        AppCard {
Native/Ambitions/Features/You/YouScreen.swift:3070:            VStack(alignment: .leading, spacing: theme.spacing.md) {
Native/Ambitions/Features/You/YouScreen.swift:3077:                VStack(alignment: .leading, spacing: theme.spacing.sm) {
Native/Ambitions/Features/You/YouScreen.swift:3083:                            VStack(alignment: .leading, spacing: theme.spacing.xxxs) {
Native/Ambitions/Features/You/YouScreen.swift:3097:                        .background(RoundedRectangle(cornerRadius: theme.radius.md, style: .continuous).fill(theme.colors.surfaceOverlay))
Native/Ambitions/Features/You/YouScreen.swift:3098:                        .overlay(RoundedRectangle(cornerRadius: theme.radius.md, style: .continuous).stroke(theme.colors.strokeSubtle, lineWidth: 1))
Native/Ambitions/Features/You/YouScreen.swift:3102:                VStack(alignment: .leading, spacing: theme.spacing.sm) {
Native/Ambitions/Features/You/YouScreen.swift:3110:                            TagPill(item.title, state: item.state)
Native/Ambitions/Features/You/YouScreen.swift:3136:        AppCard {
Native/Ambitions/Features/You/YouScreen.swift:3137:            VStack(alignment: .leading, spacing: theme.spacing.md) {
Native/Ambitions/Features/You/YouScreen.swift:3145:                    VStack(alignment: .leading, spacing: theme.spacing.sm) {
Native/Ambitions/Features/You/YouScreen.swift:3165:        .ambitionPanelAccessibility(
Native/Ambitions/Features/You/YouScreen.swift:3179:        VStack(alignment: .leading, spacing: theme.spacing.sm) {
Native/Ambitions/Features/You/YouScreen.swift:3187:                VStack(alignment: .leading, spacing: theme.spacing.xxxs) {
Native/Ambitions/Features/You/YouScreen.swift:3198:                TagPill(row.kind.label, state: row.state)
Native/Ambitions/Features/You/YouScreen.swift:3201:            ScrollView(.horizontal, showsIndicators: false) {
Native/Ambitions/Features/You/YouScreen.swift:3203:                    TagPill(row.sourceLabel, icon: "doc.text.magnifyingglass", state: .default)
Native/Ambitions/Features/You/YouScreen.swift:3204:                    TagPill(row.storageLabel, icon: "internaldrive", state: row.state)
Native/Ambitions/Features/You/YouScreen.swift:3205:                    TagPill(row.exportLabel, icon: "square.and.arrow.up", state: row.state)
Native/Ambitions/Features/You/YouScreen.swift:3206:                    TagPill(row.resetLabel, icon: "arrow.counterclockwise", state: .default)
Native/Ambitions/Features/You/YouScreen.swift:3207:                    TagPill(row.deleteLabel, icon: "trash.slash", state: .warning)
Native/Ambitions/Features/You/YouScreen.swift:3208:                    TagPill(row.provenanceLabel, icon: "text.badge.checkmark", state: .default)
Native/Ambitions/Features/You/YouScreen.swift:3209:                    TagPill(row.privacyPolicyLabel, icon: "hand.raised", state: .default)
Native/Ambitions/Features/You/YouScreen.swift:3210:                    TagPill(row.permissionLabel, icon: "lock.shield", state: row.state)
Native/Ambitions/Features/You/YouScreen.swift:3215:        .background(RoundedRectangle(cornerRadius: theme.radius.lg, style: .continuous).fill(theme.colors.surfaceOverlay))
Native/Ambitions/Features/You/YouScreen.swift:3216:        .overlay(RoundedRectangle(cornerRadius: theme.radius.lg, style: .continuous).stroke(theme.colors.strokeSubtle, lineWidth: 1))
Native/Ambitions/Features/You/YouScreen.swift:3217:        .ambitionPanelAccessibility(
Native/Ambitions/Features/You/YouScreen.swift:3242:        VStack(alignment: .leading, spacing: theme.spacing.md) {
Native/Ambitions/Features/You/YouScreen.swift:3245:            VStack(alignment: .leading, spacing: theme.spacing.sm) {
Native/Ambitions/Features/You/YouScreen.swift:3260:        .overlay(alignment: .leading) {
Native/Ambitions/Features/You/YouScreen.swift:3265:        .overlay(alignment: .top) {
Native/Ambitions/Features/You/YouScreen.swift:3270:        .overlay(alignment: .bottom) {
Native/Ambitions/Features/You/YouScreen.swift:3276:        .ambitionPanelAccessibility(
Native/Ambitions/Features/You/YouScreen.swift:3296:            VStack(alignment: .leading, spacing: theme.spacing.xxxs) {
Native/Ambitions/Features/You/YouScreen.swift:3301:                    TagPill(valueLabel, state: .default)
Native/Ambitions/Features/You/YouScreen.swift:3313:        .background(RoundedRectangle(cornerRadius: theme.radius.lg, style: .continuous).fill(theme.colors.surfaceOverlay))
Native/Ambitions/Features/You/YouScreen.swift:3314:        .overlay(RoundedRectangle(cornerRadius: theme.radius.lg, style: .continuous).stroke(theme.colors.strokeSubtle, lineWidth: 1))
Native/Ambitions/Features/You/YouScreen.swift:3315:        .ambitionPanelAccessibility()
Native/Ambitions/Features/You/YouScreen.swift:3321:        YouScreen(viewModel: YouViewModel(state: .loaded(PreviewFixtures.default.youDashboard)))
Native/Ambitions/Features/You/YouScreen.swift:3323:    .appContainer(PreviewAppContainerFactory.preview)
Native/Ambitions/Features/You/YouScreen.swift:3329:    ScrollView {
Native/Ambitions/Features/You/YouScreen.swift:3340:    .background(LivingSurfaceBackground(context: .memory, state: .stale).ignoresSafeArea())
Native/Ambitions/Features/You/YouScreen.swift:3346:    ScrollView {
Native/Ambitions/Features/You/YouScreen.swift:3357:    .background(LivingSurfaceBackground(context: .memory, state: .recovery).ignoresSafeArea())
Native/Ambitions/Features/You/YouScreen.swift:3363:    ScrollView {
Native/Ambitions/Features/You/YouScreen.swift:3374:    .background(LivingSurfaceBackground(context: .memory, state: .sensitive).ignoresSafeArea())
Native/Ambitions/Features/You/YouScreen.swift:3380:    ScrollView {
Native/Ambitions/Features/You/YouScreen.swift:3391:    .background(LivingSurfaceBackground(context: .memory, state: .proof).ignoresSafeArea())
Native/Ambitions/Features/You/YouScreen.swift:3397:    ScrollView {
Native/Ambitions/Features/You/YouScreen.swift:3408:    .background(LivingSurfaceBackground(context: .memory, state: .empty).ignoresSafeArea())
Native/Ambitions/Features/You/YouScreen.swift:3414:    ScrollView {
Native/Ambitions/Features/You/YouScreen.swift:3418:    .background(LivingSurfaceBackground(context: .trust, state: .empty).ignoresSafeArea())
Native/Ambitions/Features/You/YouScreen.swift:3424:    ScrollView {
Native/Ambitions/Features/You/YouScreen.swift:3440:    .background(LivingSurfaceBackground(context: .trust, state: .proof).ignoresSafeArea())
Native/Ambitions/Features/You/YouScreen.swift:3446:    ScrollView {
Native/Ambitions/Features/You/YouScreen.swift:3462:    .background(LivingSurfaceBackground(context: .trust, state: .proof).ignoresSafeArea())
Native/Ambitions/Features/You/YouScreen.swift:3468:    ScrollView {
Native/Ambitions/Features/You/YouScreen.swift:3484:    .background(LivingSurfaceBackground(context: .trust, state: .active).ignoresSafeArea())
Native/Ambitions/Features/You/YouScreen.swift:3490:    ScrollView {
Native/Ambitions/Features/You/YouScreen.swift:3506:    .background(LivingSurfaceBackground(context: .trust, state: .stale).ignoresSafeArea())
Native/Ambitions/Features/Goals/GoalsOverviewProjector.swift:21:            service.makeGoalListItem(
Native/Ambitions/Features/Goals/GoalsOverviewProjector.swift:33:        let draftItems = snapshot.drafts.compactMap { draft -> GoalListItem? in
Native/Ambitions/Features/Goals/GoalsOverviewProjector.swift:35:            return service.makeDraftListItem(
Native/Ambitions/Features/Goals/GoalsOverviewProjector.swift:44:            service.makeAtlasCard(
Native/Ambitions/Features/Goals/GoalsOverviewProjector.swift:50:        let activeCards = cards.filter { $0.lifecycleState.isCurrentPortfolioState || $0.renderState == .starter }
Native/Ambitions/Features/Goals/GoalsOverviewProjector.swift:51:        let activeDirectionCards = activeCards
Native/Ambitions/Features/Goals/GoalsOverviewProjector.swift:54:        let pressuredCards = cards
Native/Ambitions/Features/Goals/GoalsOverviewProjector.swift:57:        let recentMovementCards = activeCards
Native/Ambitions/Features/Goals/GoalsOverviewProjector.swift:60:        let lowerPriorityCards = cards
Native/Ambitions/Features/Goals/GoalsOverviewProjector.swift:64:            activeDirectionCards: activeDirectionCards,
Native/Ambitions/Features/Goals/GoalsOverviewProjector.swift:65:            pressuredCards: pressuredCards,
Native/Ambitions/Features/Goals/GoalsOverviewProjector.swift:79:            activeDirectionCards: activeDirectionCards,
Native/Ambitions/Features/Goals/GoalsOverviewProjector.swift:80:            pressuredCards: pressuredCards,
Native/Ambitions/Features/Goals/GoalsOverviewProjector.swift:89:        let oneStepGoalsState = service.makeOneStepGoalsPanelState(
Native/Ambitions/Features/Goals/GoalsOverviewProjector.swift:94:            activeCount: activeCards.count,
Native/Ambitions/Features/Goals/GoalsOverviewProjector.swift:95:            pressuredCount: pressuredCards.count,
Native/Ambitions/Features/Goals/GoalsOverviewProjector.swift:96:            crowdedCount: pressuredCards.filter { $0.posture == .crowded }.count,
Native/Ambitions/Features/Goals/GoalsOverviewProjector.swift:97:            stalledCount: pressuredCards.filter { $0.posture == .stalled }.count
Native/Ambitions/Features/Goals/GoalsOverviewProjector.swift:109:                activeDirectionCards: activeDirectionCards,
Native/Ambitions/Features/Goals/GoalsOverviewProjector.swift:110:                pressuredCards: pressuredCards,
Native/Ambitions/Features/Goals/GoalsOverviewProjector.swift:119:                    subtitle: activeDirectionCards.isEmpty
Native/Ambitions/Features/Goals/GoalsOverviewProjector.swift:122:                    cards: Array(activeDirectionCards.prefix(4))
Native/Ambitions/Features/Goals/GoalsOverviewProjector.swift:127:                    subtitle: pressuredCards.isEmpty
Native/Ambitions/Features/Goals/GoalsOverviewProjector.swift:130:                    cards: Array(pressuredCards.prefix(4))
Native/Ambitions/Features/Goals/GoalsOverviewProjector.swift:135:                    subtitle: recentMovementCards.isEmpty
Native/Ambitions/Features/Goals/GoalsOverviewProjector.swift:138:                    cards: Array(recentMovementCards)
Native/Ambitions/Features/Goals/GoalsOverviewProjector.swift:142:                activeDirectionCards: activeDirectionCards,
Native/Ambitions/Features/Goals/GoalsOverviewProjector.swift:143:                pressuredCards: pressuredCards,
Native/Ambitions/Features/Goals/GoalsOverviewProjector.swift:151:                cards: lowerPriorityCards
Native/Ambitions/Features/Goals/GoalsOverviewProjector.swift:154:            stateChips: service.makeStateChips(cards: cards),
Native/Ambitions/Features/Time/TimeLifeShapeField.swift:213:    let firstViewportAvoidsCalendarCardDashboardGeometry: Bool
Native/Ambitions/Features/Time/TimeLifeShapeField.swift:241:        firstViewportAvoidsCalendarCardDashboardGeometry: true
Native/Ambitions/Features/Time/TimeLifeShapeField.swift:375:        VStack(alignment: .leading, spacing: theme.spacing.md) {
Native/Ambitions/Features/Time/TimeLifeShapeField.swift:402:            VStack(alignment: .leading, spacing: theme.spacing.xxxs) {
Native/Ambitions/Features/Time/TimeLifeShapeField.swift:434:            VStack(alignment: .leading, spacing: theme.spacing.xs) {
Native/Ambitions/Features/Time/TimeLifeShapeField.swift:472:            VStack(alignment: .leading, spacing: theme.spacing.sm) {
Native/Ambitions/Features/Time/TimeLifeShapeField.swift:524:        VStack(alignment: .leading, spacing: theme.spacing.xs) {
Native/Ambitions/Features/Time/TimeLifeShapeField.swift:568:        .overlay(alignment: .bottom) {
Native/Ambitions/Features/Time/TimeLifeShapeField.swift:734:                    VStack(alignment: .leading, spacing: theme.spacing.xxxs) {
Native/Ambitions/Features/Time/TimeLifeShapeField.swift:774:                VStack(spacing: theme.spacing.xs) {
Native/Ambitions/Features/Time/TimeLifeShapeField.swift:810:        .overlay(alignment: .bottom) {
Native/Ambitions/Features/Time/TimeScreen.swift:26:            ScrollView {
Native/Ambitions/Features/Time/TimeScreen.swift:27:                VStack(alignment: .leading, spacing: theme.spacing.lg) {
Native/Ambitions/Features/Time/TimeScreen.swift:31:                            .transition(.ambitionPanel)
Native/Ambitions/Features/Time/TimeScreen.swift:40:                        .transition(.ambitionPanel)
Native/Ambitions/Features/Time/TimeScreen.swift:142:    private func selectedDay(in timeState: TimeDashboard) -> TimeElasticWeekDayState? {
Native/Ambitions/Features/Time/TimeScreen.swift:235:    let timeState: TimeDashboard
Native/Ambitions/Features/Time/TimeScreen.swift:250:        StateDrivenMaterialPanel(context: .plan, state: .calm) {
Native/Ambitions/Features/Time/TimeScreen.swift:252:                VStack(alignment: .leading, spacing: theme.spacing.lg) {
Native/Ambitions/Features/Time/TimeScreen.swift:312:                VStack(alignment: .leading, spacing: theme.spacing.xs) {
Native/Ambitions/Features/Time/TimeScreen.swift:327:private struct TimeScopeChipStrip: View {
Native/Ambitions/Features/Time/TimeScreen.swift:333:        StateDrivenMaterialPanel(context: .plan, state: .active) {
Native/Ambitions/Features/Time/TimeScreen.swift:334:            VStack(alignment: .leading, spacing: theme.spacing.sm) {
Native/Ambitions/Features/Time/TimeScreen.swift:336:                    AmbitionChip("Day", role: .time, semanticState: .calendarDerived)
Native/Ambitions/Features/Time/TimeScreen.swift:337:                    AmbitionChip("Week", role: .time, semanticState: .focus)
Native/Ambitions/Features/Time/TimeScreen.swift:338:                    AmbitionChip("Month", role: .time, semanticState: .neutral)
Native/Ambitions/Features/Time/TimeScreen.swift:364:        SchedulePanel(
Native/Ambitions/Features/Time/TimeScreen.swift:365:            AmbitionRichPanelConfiguration(
Native/Ambitions/Features/Time/TimeScreen.swift:378:                VStack(alignment: .leading, spacing: theme.spacing.md) {
Native/Ambitions/Features/Time/TimeScreen.swift:380:                        TagPill(state.valueLabel, icon: "lock.shield", state: state.visualState)
Native/Ambitions/Features/Time/TimeScreen.swift:381:                        TagPill(state.sourceLabel, icon: state.status == .calendarAware ? "calendar" : "iphone", state: .default)
Native/Ambitions/Features/Time/TimeScreen.swift:382:                        TagPill("Time action", icon: "hand.tap", state: .default)
Native/Ambitions/Features/Time/TimeScreen.swift:422:        AppCard {
Native/Ambitions/Features/Time/TimeScreen.swift:423:            VStack(alignment: .leading, spacing: theme.spacing.md) {
Native/Ambitions/Features/Time/TimeScreen.swift:426:                VStack(alignment: .leading, spacing: theme.spacing.sm) {
Native/Ambitions/Features/Time/TimeScreen.swift:437:                                VStack(alignment: .leading, spacing: theme.spacing.xxxs) {
Native/Ambitions/Features/Time/TimeScreen.swift:439:                                        TagPill(window.modeLabel, state: window.visualState)
Native/Ambitions/Features/Time/TimeScreen.swift:440:                                        TagPill(window.timingLabel, state: .default)
Native/Ambitions/Features/Time/TimeScreen.swift:458:                            .background(
Native/Ambitions/Features/Time/TimeScreen.swift:459:                                RoundedRectangle(cornerRadius: theme.radius.lg, style: .continuous)
Native/Ambitions/Features/Time/TimeScreen.swift:462:                            .overlay(
Native/Ambitions/Features/Time/TimeScreen.swift:463:                                RoundedRectangle(cornerRadius: theme.radius.lg, style: .continuous)
Native/Ambitions/Features/Time/TimeScreen.swift:474:        .ambitionPanelAccessibility()
Native/Ambitions/Features/Time/TimeScreen.swift:478:private struct TimeDecisionListSurface: View {
Native/Ambitions/Features/Time/TimeScreen.swift:490:        AppCard {
Native/Ambitions/Features/Time/TimeScreen.swift:491:            VStack(alignment: .leading, spacing: theme.spacing.md) {
Native/Ambitions/Features/Time/TimeScreen.swift:495:                    VStack(alignment: .leading, spacing: theme.spacing.xs) {
Native/Ambitions/Features/Time/TimeScreen.swift:505:                    .background(
Native/Ambitions/Features/Time/TimeScreen.swift:506:                        RoundedRectangle(cornerRadius: theme.radius.lg, style: .continuous)
Native/Ambitions/Features/Time/TimeScreen.swift:510:                    VStack(alignment: .leading, spacing: theme.spacing.sm) {
Native/Ambitions/Features/Time/TimeScreen.swift:525:        .ambitionPanelAccessibility()
Native/Ambitions/Features/Time/TimeScreen.swift:541:            VStack(alignment: .leading, spacing: theme.spacing.xxxs) {
Native/Ambitions/Features/Time/TimeScreen.swift:563:        .background(
Native/Ambitions/Features/Time/TimeScreen.swift:564:            RoundedRectangle(cornerRadius: theme.radius.lg, style: .continuous)
Native/Ambitions/Features/Time/TimeScreen.swift:567:        .overlay(
Native/Ambitions/Features/Time/TimeScreen.swift:568:            RoundedRectangle(cornerRadius: theme.radius.lg, style: .continuous)
Native/Ambitions/Features/Time/TimeScreen.swift:581:        AppCard(state: boundary.visualState) {
Native/Ambitions/Features/Time/TimeScreen.swift:582:            VStack(alignment: .leading, spacing: theme.spacing.md) {
Native/Ambitions/Features/Time/TimeScreen.swift:586:                VStack(alignment: .leading, spacing: theme.spacing.sm) {
Native/Ambitions/Features/Time/TimeScreen.swift:588:                        TagPill(boundary.permissionLabel, icon: "calendar", state: boundary.visualState)
Native/Ambitions/Features/Time/TimeScreen.swift:589:                        TagPill(boundary.sourceLabel, icon: boundary.sourceLabel == "From your calendar" ? "calendar.badge.clock" : "iphone", state: .default)
Native/Ambitions/Features/Time/TimeScreen.swift:590:                        TagPill("Manual fallback", icon: "hand.draw", state: .default)
Native/Ambitions/Features/Time/TimeScreen.swift:611:        .ambitionPanelAccessibility()
Native/Ambitions/Features/Time/TimeScreen.swift:623:        AppCard {
Native/Ambitions/Features/Time/TimeScreen.swift:624:            VStack(alignment: .leading, spacing: theme.spacing.md) {
Native/Ambitions/Features/Time/TimeScreen.swift:627:                VStack(alignment: .leading, spacing: theme.spacing.sm) {
Native/Ambitions/Features/Time/TimeScreen.swift:645:        .ambitionPanelAccessibility()
Native/Ambitions/Features/Time/TimeScreen.swift:656:        AppCard(state: reflow.visualState) {
Native/Ambitions/Features/Time/TimeScreen.swift:657:            VStack(alignment: .leading, spacing: theme.spacing.md) {
Native/Ambitions/Features/Time/TimeScreen.swift:661:                VStack(alignment: .leading, spacing: theme.spacing.xs) {
Native/Ambitions/Features/Time/TimeScreen.swift:662:                    TagPill(reflow.reasonKind.title, icon: reflow.reasonKind == .stillBelievable ? "checkmark.seal" : "waveform.path.ecg", state: reflow.visualState)
Native/Ambitions/Features/Time/TimeScreen.swift:672:                VStack(alignment: .leading, spacing: theme.spacing.sm) {
Native/Ambitions/Features/Time/TimeScreen.swift:691:        .ambitionPanelAccessibility()
Native/Ambitions/Features/Time/TimeScreen.swift:707:            VStack(alignment: .leading, spacing: theme.spacing.xxxs) {
Native/Ambitions/Features/Time/TimeScreen.swift:712:                    TagPill(suggestion.boundary.safetyLabel, state: suggestion.visualState)
Native/Ambitions/Features/Time/TimeScreen.swift:733:        .background(
Native/Ambitions/Features/Time/TimeScreen.swift:734:            RoundedRectangle(cornerRadius: theme.radius.lg, style: .continuous)
Native/Ambitions/Features/Time/TimeScreen.swift:737:        .overlay(
Native/Ambitions/Features/Time/TimeScreen.swift:738:            RoundedRectangle(cornerRadius: theme.radius.lg, style: .continuous)
Native/Ambitions/Features/Time/TimeScreen.swift:752:        AppCard {
Native/Ambitions/Features/Time/TimeScreen.swift:753:            VStack(alignment: .leading, spacing: theme.spacing.md) {
Native/Ambitions/Features/Time/TimeScreen.swift:756:                VStack(alignment: .leading, spacing: theme.spacing.sm) {
Native/Ambitions/Features/Time/TimeScreen.swift:763:                                .background(
Native/Ambitions/Features/Time/TimeScreen.swift:767:                            VStack(alignment: .leading, spacing: theme.spacing.xxxs) {
Native/Ambitions/Features/Time/TimeScreen.swift:790:        .ambitionPanelAccessibility()
Native/Ambitions/Features/Time/TimeScreen.swift:800:        AppCard(state: review.visualState) {
Native/Ambitions/Features/Time/TimeScreen.swift:801:            VStack(alignment: .leading, spacing: theme.spacing.md) {
Native/Ambitions/Features/Time/TimeScreen.swift:805:                    TagPill("Explain first", icon: "text.magnifyingglass", state: review.visualState)
Native/Ambitions/Features/Time/TimeScreen.swift:806:                    TagPill("No silent changes", icon: "hand.tap", state: .warning)
Native/Ambitions/Features/Time/TimeScreen.swift:807:                    TagPill("Still counts", icon: "checkmark.seal", state: .success)
Native/Ambitions/Features/Time/TimeScreen.swift:811:                VStack(alignment: .leading, spacing: theme.spacing.sm) {
Native/Ambitions/Features/Time/TimeScreen.swift:825:                VStack(alignment: .leading, spacing: theme.spacing.sm) {
Native/Ambitions/Features/Time/TimeScreen.swift:833:                            VStack(alignment: .leading, spacing: theme.spacing.xxxs) {
Native/Ambitions/Features/Time/TimeScreen.swift:838:                                    TagPill(signal.statusLabel, state: signal.visualState)
Native/Ambitions/Features/Time/TimeScreen.swift:851:                        .background(
Native/Ambitions/Features/Time/TimeScreen.swift:852:                            RoundedRectangle(cornerRadius: theme.radius.lg, style: .continuous)
Native/Ambitions/Features/Time/TimeScreen.swift:855:                        .overlay(
Native/Ambitions/Features/Time/TimeScreen.swift:856:                            RoundedRectangle(cornerRadius: theme.radius.lg, style: .continuous)
Native/Ambitions/Features/Time/TimeScreen.swift:866:        .ambitionPanelAccessibility()
Native/Ambitions/Features/Time/TimeScreen.swift:891:            VStack(alignment: .leading, spacing: theme.spacing.md) {
Native/Ambitions/Features/Time/TimeScreen.swift:893:                    TimeDecisionListSurface(
Native/Ambitions/Features/Time/TimeScreen.swift:905:                    TimeDecisionListSurface(
Native/Ambitions/Features/Time/TimeScreen.swift:936:            VStack(spacing: 16) {
Native/Ambitions/Features/Time/TimeScreen.swift:961:        AppCard(state: saveTheDay.visualState) {
Native/Ambitions/Features/Time/TimeScreen.swift:962:            VStack(alignment: .leading, spacing: theme.spacing.md) {
Native/Ambitions/Features/Time/TimeScreen.swift:971:                VStack(alignment: .leading, spacing: theme.spacing.sm) {
Native/Ambitions/Features/Time/TimeScreen.swift:984:        .ambitionPanelAccessibility()
Native/Ambitions/Features/Time/TimeScreen.swift:994:        AppCard(state: preview.visualState) {
Native/Ambitions/Features/Time/TimeScreen.swift:995:            VStack(alignment: .leading, spacing: theme.spacing.md) {
Native/Ambitions/Features/Time/TimeScreen.swift:999:                    TagPill(preview.confirmationRequired, icon: "hand.tap", state: preview.visualState)
Native/Ambitions/Features/Time/TimeScreen.swift:1000:                    TagPill(preview.undoAvailability, icon: "arrow.uturn.backward", state: .default)
Native/Ambitions/Features/Time/TimeScreen.swift:1021:        .ambitionPanelAccessibility()
Native/Ambitions/Features/Time/TimeScreen.swift:1031:        AppCard {
Native/Ambitions/Features/Time/TimeScreen.swift:1032:            VStack(alignment: .leading, spacing: theme.spacing.md) {
Native/Ambitions/Features/Time/TimeScreen.swift:1037:                    TagPill(maturity.planFitLabel, icon: "gauge", state: .selected)
Native/Ambitions/Features/Time/TimeScreen.swift:1038:                    TagPill("Confirm first", icon: "hand.tap", state: .warning)
Native/Ambitions/Features/Time/TimeScreen.swift:1039:                    TagPill("Private", icon: "lock", state: .default)
Native/Ambitions/Features/Time/TimeScreen.swift:1043:                VStack(alignment: .leading, spacing: theme.spacing.sm) {
Native/Ambitions/Features/Time/TimeScreen.swift:1051:                            VStack(alignment: .leading, spacing: theme.spacing.xxxs) {
Native/Ambitions/Features/Time/TimeScreen.swift:1056:                                    TagPill(signal.statusLabel, state: signal.visualState)
Native/Ambitions/Features/Time/TimeScreen.swift:1069:                        .background(
Native/Ambitions/Features/Time/TimeScreen.swift:1070:                            RoundedRectangle(cornerRadius: theme.radius.lg, style: .continuous)
Native/Ambitions/Features/Time/TimeScreen.swift:1073:                        .overlay(
Native/Ambitions/Features/Time/TimeScreen.swift:1074:                            RoundedRectangle(cornerRadius: theme.radius.lg, style: .continuous)
Native/Ambitions/Features/Time/TimeScreen.swift:1080:                VStack(alignment: .leading, spacing: theme.spacing.xs) {
Native/Ambitions/Features/Time/TimeScreen.swift:1094:        .ambitionPanelAccessibility()
Native/Ambitions/Features/Time/TimeScreen.swift:1117:        VStack(alignment: .leading, spacing: theme.spacing.xs) {
Native/Ambitions/Features/Time/TimeScreen.swift:1144:        HeroCard(state: action.state) {
Native/Ambitions/Features/Time/TimeScreen.swift:1145:            VStack(alignment: .leading, spacing: theme.spacing.md) {
Native/Ambitions/Features/Time/TimeScreen.swift:1146:                VStack(alignment: .leading, spacing: theme.spacing.xxs) {
Native/Ambitions/Features/Time/TimeScreen.swift:1158:                VStack(alignment: .leading, spacing: theme.spacing.xs) {
Native/Ambitions/Features/Time/TimeScreen.swift:1170:                ScrollView(.horizontal, showsIndicators: false) {
Native/Ambitions/Features/Time/TimeScreen.swift:1172:                        ForEach(hero.contextPills) { pill in
Native/Ambitions/Features/Time/TimeScreen.swift:1173:                            TagPill(pill.title, icon: pill.icon, state: pill.state)
Native/Ambitions/Features/Time/TimeScreen.swift:1194:                        VStack(alignment: .leading, spacing: theme.spacing.xxxs) {
Native/Ambitions/Features/Time/TimeScreen.swift:1212:        .ambitionPanelAccessibility()
Native/Ambitions/Features/Time/TimeScreen.swift:1223:        AppCard {
Native/Ambitions/Features/Time/TimeScreen.swift:1224:            VStack(alignment: .leading, spacing: theme.spacing.md) {
Native/Ambitions/Features/Time/TimeScreen.swift:1228:                ScrollView(.horizontal, showsIndicators: false) {
Native/Ambitions/Features/Time/TimeScreen.swift:1234:                                VStack(alignment: .leading, spacing: theme.spacing.xs) {
Native/Ambitions/Features/Time/TimeScreen.swift:1258:                                .background(
Native/Ambitions/Features/Time/TimeScreen.swift:1259:                                    RoundedRectangle(cornerRadius: theme.radius.lg, style: .continuous)
Native/Ambitions/Features/Time/TimeScreen.swift:1262:                                .overlay(
Native/Ambitions/Features/Time/TimeScreen.swift:1263:                                    RoundedRectangle(cornerRadius: theme.radius.lg, style: .continuous)
Native/Ambitions/Features/Time/TimeScreen.swift:1275:        .ambitionPanelAccessibility()
Native/Ambitions/Features/Time/TimeScreen.swift:1287:        AppCard {
Native/Ambitions/Features/Time/TimeScreen.swift:1288:            VStack(alignment: .leading, spacing: theme.spacing.md) {
Native/Ambitions/Features/Time/TimeScreen.swift:1295:                ScrollView(.horizontal, showsIndicators: false) {
Native/Ambitions/Features/Time/TimeScreen.swift:1311:        .ambitionPanelAccessibility()
Native/Ambitions/Features/Time/TimeScreen.swift:1323:        VStack(alignment: .leading, spacing: theme.spacing.sm) {
Native/Ambitions/Features/Time/TimeScreen.swift:1325:                VStack(alignment: .leading, spacing: theme.spacing.xxxs) {
Native/Ambitions/Features/Time/TimeScreen.swift:1334:                TagPill(day.level.title, icon: day.level.icon, state: day.level.visualState)
Native/Ambitions/Features/Time/TimeScreen.swift:1341:            VStack(alignment: .leading, spacing: theme.spacing.xs) {
Native/Ambitions/Features/Time/TimeScreen.swift:1347:                        VStack(alignment: .leading, spacing: theme.spacing.xxxs) {
Native/Ambitions/Features/Time/TimeScreen.swift:1368:                VStack(alignment: .leading, spacing: theme.spacing.xxxs) {
Native/Ambitions/Features/Time/TimeScreen.swift:1378:                .background(
Native/Ambitions/Features/Time/TimeScreen.swift:1379:                    RoundedRectangle(cornerRadius: theme.radius.md, style: .continuous)
Native/Ambitions/Features/Time/TimeScreen.swift:1387:        .background(
Native/Ambitions/Features/Time/TimeScreen.swift:1388:            RoundedRectangle(cornerRadius: theme.radius.xl, style: .continuous)
Native/Ambitions/Features/Time/TimeScreen.swift:1391:        .overlay(
Native/Ambitions/Features/Time/TimeScreen.swift:1392:            RoundedRectangle(cornerRadius: theme.radius.xl, style: .continuous)
Native/Ambitions/Features/Time/TimeScreen.swift:1395:        .shadow(color: isSelected ? theme.elevation.raised.color.opacity(0.22) : .clear, radius: 18, y: 10)
Native/Ambitions/Features/Time/TimeScreen.swift:1408:        AppCard(state: believability.visualState) {
Native/Ambitions/Features/Time/TimeScreen.swift:1409:            VStack(alignment: .leading, spacing: theme.spacing.md) {
Native/Ambitions/Features/Time/TimeScreen.swift:1417:                    TagPill(believability.label, icon: "scope", state: believability.visualState)
Native/Ambitions/Features/Time/TimeScreen.swift:1418:                    TagPill("\(selectedDay.weekdayLabel) \(selectedDay.dateLabel)", icon: "calendar", state: selectedDay.level.visualState)
Native/Ambitions/Features/Time/TimeScreen.swift:1419:                    TagPill(selectedDay.roomLabel, state: selectedDay.level.visualState)
Native/Ambitions/Features/Time/TimeScreen.swift:1422:                VStack(alignment: .leading, spacing: theme.spacing.xs) {
Native/Ambitions/Features/Time/TimeScreen.swift:1434:                VStack(alignment: .leading, spacing: theme.spacing.sm) {
Native/Ambitions/Features/Time/TimeScreen.swift:1450:                        VStack(alignment: .leading, spacing: theme.spacing.sm) {
Native/Ambitions/Features/Time/TimeScreen.swift:1477:                            VStack(alignment: .leading, spacing: theme.spacing.xxxs) {
Native/Ambitions/Features/Time/TimeScreen.swift:1498:                        .background(
Native/Ambitions/Features/Time/TimeScreen.swift:1499:                            RoundedRectangle(cornerRadius: theme.radius.lg, style: .continuous)
Native/Ambitions/Features/Time/TimeScreen.swift:1502:                        .overlay(
Native/Ambitions/Features/Time/TimeScreen.swift:1503:                            RoundedRectangle(cornerRadius: theme.radius.lg, style: .continuous)
Native/Ambitions/Features/Time/TimeScreen.swift:1512:        .ambitionPanelAccessibility()
Native/Ambitions/Features/Time/TimeScreen.swift:1529:            VStack(alignment: .leading, spacing: theme.spacing.xxxs) {
Native/Ambitions/Features/Time/TimeScreen.swift:1531:                    TagPill(block.kind.title, state: block.visualState)
Native/Ambitions/Features/Time/TimeScreen.swift:1532:                    TagPill(block.timingLabel, state: .default)
Native/Ambitions/Features/Time/TimeScreen.swift:1548:        .background(
Native/Ambitions/Features/Time/TimeScreen.swift:1549:            RoundedRectangle(cornerRadius: theme.radius.lg, style: .continuous)
Native/Ambitions/Features/Time/TimeScreen.swift:1552:        .overlay(
Native/Ambitions/Features/Time/TimeScreen.swift:1553:            RoundedRectangle(cornerRadius: theme.radius.lg, style: .continuous)
Native/Ambitions/Features/Time/TimeScreen.swift:1567:        AppCard {
Native/Ambitions/Features/Time/TimeScreen.swift:1568:            VStack(alignment: .leading, spacing: theme.spacing.md) {
Native/Ambitions/Features/Time/TimeScreen.swift:1575:                VStack(alignment: .leading, spacing: theme.spacing.xs) {
Native/Ambitions/Features/Time/TimeScreen.swift:1587:                VStack(alignment: .leading, spacing: theme.spacing.sm) {
Native/Ambitions/Features/Time/TimeScreen.swift:1597:                                VStack(alignment: .leading, spacing: theme.spacing.xxxs) {
Native/Ambitions/Features/Time/TimeScreen.swift:1599:                                        TagPill(lane.title, state: lane.state)
Native/Ambitions/Features/Time/TimeScreen.swift:1620:                            .background(
Native/Ambitions/Features/Time/TimeScreen.swift:1621:                                RoundedRectangle(cornerRadius: theme.radius.lg, style: .continuous)
Native/Ambitions/Features/Time/TimeScreen.swift:1624:                            .overlay(
Native/Ambitions/Features/Time/TimeScreen.swift:1625:                                RoundedRectangle(cornerRadius: theme.radius.lg, style: .continuous)
Native/Ambitions/Features/Time/TimeScreen.swift:1654:        .ambitionPanelAccessibility()
Native/Ambitions/Features/Time/TimeScreen.swift:1671:        VStack(alignment: .leading, spacing: theme.spacing.sm) {
Native/Ambitions/Features/Time/TimeScreen.swift:1672:            VStack(alignment: .leading, spacing: theme.spacing.xxxs) {
Native/Ambitions/Features/Time/TimeScreen.swift:1687:                VStack(alignment: .leading, spacing: theme.spacing.xxxs) {
Native/Ambitions/Features/Time/TimeScreen.swift:1698:            .background(
Native/Ambitions/Features/Time/TimeScreen.swift:1699:                RoundedRectangle(cornerRadius: theme.radius.md, style: .continuous)
Native/Ambitions/Features/Time/TimeScreen.swift:1704:        .background(
Native/Ambitions/Features/Time/TimeScreen.swift:1705:            RoundedRectangle(cornerRadius: theme.radius.lg, style: .continuous)
Native/Ambitions/Features/Time/TimeScreen.swift:1708:        .overlay(
Native/Ambitions/Features/Time/TimeScreen.swift:1709:            RoundedRectangle(cornerRadius: theme.radius.lg, style: .continuous)
Native/Ambitions/Features/Time/TimeScreen.swift:1728:        AppCard {
Native/Ambitions/Features/Time/TimeScreen.swift:1729:            VStack(alignment: .leading, spacing: theme.spacing.md) {
Native/Ambitions/Features/Time/TimeScreen.swift:1741:                            VStack(alignment: .leading, spacing: theme.spacing.xs) {
Native/Ambitions/Features/Time/TimeScreen.swift:1746:                                    TagPill(action.kind.title, state: action.state)
Native/Ambitions/Features/Time/TimeScreen.swift:1760:                            .background(
Native/Ambitions/Features/Time/TimeScreen.swift:1761:                                RoundedRectangle(cornerRadius: theme.radius.lg, style: .continuous)
Native/Ambitions/Features/Time/TimeScreen.swift:1764:                            .overlay(
Native/Ambitions/Features/Time/TimeScreen.swift:1765:                                RoundedRectangle(cornerRadius: theme.radius.lg, style: .continuous)
Native/Ambitions/Features/Time/TimeScreen.swift:1775:                    VStack(alignment: .leading, spacing: theme.spacing.sm) {
Native/Ambitions/Features/Time/TimeScreen.swift:1807:        .ambitionPanelAccessibility()
Native/Ambitions/Features/Time/TimeScreen.swift:1829:        AppCard {
Native/Ambitions/Features/Time/TimeScreen.swift:1830:            VStack(alignment: .leading, spacing: theme.spacing.md) {
Native/Ambitions/Features/Time/TimeScreen.swift:1844:                    VStack(alignment: .leading, spacing: theme.spacing.sm) {
Native/Ambitions/Features/Time/TimeScreen.swift:1860:        .ambitionPanelAccessibility()
Native/Ambitions/Features/Time/TimeScreen.swift:1872:            VStack(alignment: .leading, spacing: theme.spacing.xxxs) {
Native/Ambitions/Features/Time/TimeScreen.swift:1874:                    TagPill(item.pressureLabel, state: item.visualState)
Native/Ambitions/Features/Time/TimeScreen.swift:1899:        .background(
Native/Ambitions/Features/Time/TimeScreen.swift:1900:            RoundedRectangle(cornerRadius: theme.radius.lg, style: .continuous)
Native/Ambitions/Features/Time/TimeScreen.swift:1903:        .overlay(
Native/Ambitions/Features/Time/TimeScreen.swift:1904:            RoundedRectangle(cornerRadius: theme.radius.lg, style: .continuous)
Native/Ambitions/Features/Time/TimeScreen.swift:1907:        .ambitionPanelAccessibility()
Native/Ambitions/Features/Time/TimeScreen.swift:1918:        AppCard {
Native/Ambitions/Features/Time/TimeScreen.swift:1919:            VStack(alignment: .leading, spacing: theme.spacing.md) {
Native/Ambitions/Features/Time/TimeScreen.swift:1922:                VStack(alignment: .leading, spacing: theme.spacing.sm) {
Native/Ambitions/Features/Time/TimeScreen.swift:1933:                                VStack(alignment: .leading, spacing: theme.spacing.xxxs) {
Native/Ambitions/Features/Time/TimeScreen.swift:1944:                                TagPill(destination.valueLabel, state: destination.visualState)
Native/Ambitions/Features/Time/TimeScreen.swift:1947:                            .background(
Native/Ambitions/Features/Time/TimeScreen.swift:1948:                                RoundedRectangle(cornerRadius: theme.radius.lg, style: .continuous)
Native/Ambitions/Features/Time/TimeScreen.swift:1951:                            .overlay(
Native/Ambitions/Features/Time/TimeScreen.swift:1952:                                RoundedRectangle(cornerRadius: theme.radius.lg, style: .continuous)
Native/Ambitions/Features/Time/TimeScreen.swift:1980:    .appContainer(PreviewAppContainerFactory.preview)
Native/Ambitions/Features/Time/TimeScreen.swift:1988:    .appContainer(PreviewAppContainerFactory.preview)
Native/Ambitions/App/ShellCommandRouter.swift:120:        case let .overlay(overlay):
Native/Ambitions/App/ShellCommandRouter.swift:188:            return ShellCommandExecutionResult(destination: .overlay(.createGoal(entrySource: source)))
Native/Ambitions/App/ShellCommandRouter.swift:226:                return ShellCommandExecutionResult(destination: .overlay(.memoryLens(intent: .openGoal, entrySource: source)))
Native/Ambitions/App/ShellCommandRouter.swift:257:            return ShellCommandExecutionResult(destination: .overlay(.memoryLens(entrySource: source, query: text, goalID: goalID, captureID: captureID)))
Native/Ambitions/Features/Today/TodayCommandActionHandler.swift:298:    private static var iso: ISO8601DateFormatter {
Native/Ambitions/Features/Today/TodayCommandActionHandler.swift:299:        let formatter = ISO8601DateFormatter()
Native/Ambitions/Features/Goals/GoalDetailScreen.swift:16:        ScrollView {
Native/Ambitions/Features/Goals/GoalDetailScreen.swift:17:            VStack(alignment: .leading, spacing: theme.spacing.lg) {
Native/Ambitions/Features/Goals/GoalDetailScreen.swift:40:                        AppCard(state: inlineMessage.state) {
Native/Ambitions/Features/Goals/GoalDetailScreen.swift:41:                            VStack(alignment: .leading, spacing: theme.spacing.xs) {
Native/Ambitions/Features/Goals/GoalDetailScreen.swift:53:                        AppCard(state: .warning) {
Native/Ambitions/Features/Goals/GoalDetailScreen.swift:85:                            VStack(alignment: .leading, spacing: theme.spacing.xs) {
Native/Ambitions/Features/Goals/GoalDetailScreen.swift:116:                            VStack(alignment: .leading, spacing: theme.spacing.sm) {
Native/Ambitions/Features/Goals/GoalDetailScreen.swift:118:                                    VStack(alignment: .leading, spacing: theme.spacing.xxxs) {
Native/Ambitions/Features/Goals/GoalDetailScreen.swift:145:                                    .background(RoundedRectangle(cornerRadius: theme.radius.md, style: .continuous).fill(theme.colors.surfaceOverlay))
Native/Ambitions/Features/Goals/GoalDetailScreen.swift:153:                            VStack(alignment: .leading, spacing: theme.spacing.xs) {
Native/Ambitions/Features/Goals/GoalDetailScreen.swift:182:                            VStack(alignment: .leading, spacing: theme.spacing.sm) {
Native/Ambitions/Features/Goals/GoalDetailScreen.swift:184:                                    WidgetCard(state: stage.state) {
Native/Ambitions/Features/Goals/GoalDetailScreen.swift:185:                                        VStack(alignment: .leading, spacing: theme.spacing.xs) {
Native/Ambitions/Features/Goals/GoalDetailScreen.swift:187:                                                VStack(alignment: .leading, spacing: theme.spacing.xxxs) {
Native/Ambitions/Features/Goals/GoalDetailScreen.swift:196:                                                TagPill(stage.stepCountLabel, state: stage.state)
Native/Ambitions/Features/Goals/GoalDetailScreen.swift:211:                            VStack(alignment: .leading, spacing: theme.spacing.sm) {
Native/Ambitions/Features/Goals/GoalDetailScreen.swift:213:                                    AppCard {
Native/Ambitions/Features/Goals/GoalDetailScreen.swift:214:                                        VStack(alignment: .leading, spacing: theme.spacing.sm) {
Native/Ambitions/Features/Goals/GoalDetailScreen.swift:216:                                                VStack(alignment: .leading, spacing: theme.spacing.xxxs) {
Native/Ambitions/Features/Goals/GoalDetailScreen.swift:225:                                                TagPill(section.kindLabel, state: .default)
Native/Ambitions/Features/Goals/GoalDetailScreen.swift:228:                                                VStack(alignment: .leading, spacing: theme.spacing.xxxs) {
Native/Ambitions/Features/Goals/GoalDetailScreen.swift:234:                                                        TagPill(step.statusLabel, state: step.state)
Native/Ambitions/Features/Goals/GoalDetailScreen.swift:244:                                                .background(RoundedRectangle(cornerRadius: theme.radius.md, style: .continuous).fill(theme.colors.surfaceOverlay))
Native/Ambitions/Features/Goals/GoalDetailScreen.swift:256:                            VStack(alignment: .leading, spacing: theme.spacing.sm) {
Native/Ambitions/Features/Goals/GoalDetailScreen.swift:308:        AppCard(state: .selected) {
Native/Ambitions/Features/Goals/GoalDetailScreen.swift:309:            VStack(alignment: .leading, spacing: theme.spacing.md) {
Native/Ambitions/Features/Goals/GoalDetailScreen.swift:326:                VStack(alignment: .leading, spacing: 1) {
Native/Ambitions/Features/Goals/GoalDetailScreen.swift:344:        .ambitionPanelAccessibility()
Native/Ambitions/Features/Goals/GoalDetailScreen.swift:365:        AppCard {
Native/Ambitions/Features/Goals/GoalDetailScreen.swift:366:            VStack(alignment: .leading, spacing: theme.spacing.sm) {
Native/Ambitions/Features/Goals/GoalDetailScreen.swift:371:                ScrollView(.horizontal, showsIndicators: false) {
Native/Ambitions/Features/Goals/GoalDetailScreen.swift:380:                                    .background(RoundedRectangle(cornerRadius: theme.radius.sm, style: .continuous).fill(theme.colors.surfaceOverlay))
Native/Ambitions/Features/Goals/GoalDetailScreen.swift:395:        .ambitionPanelAccessibility()
Native/Ambitions/Features/Goals/GoalDetailScreen.swift:405:        AppCard {
Native/Ambitions/Features/Goals/GoalDetailScreen.swift:406:            VStack(alignment: .leading, spacing: theme.spacing.md) {
Native/Ambitions/Features/Goals/GoalDetailScreen.swift:409:                VStack(alignment: .leading, spacing: theme.spacing.sm) {
Native/Ambitions/Features/Goals/GoalDetailScreen.swift:412:                            VStack(spacing: 0) {
Native/Ambitions/Features/Goals/GoalDetailScreen.swift:420:                            VStack(alignment: .leading, spacing: theme.spacing.xxxs) {
Native/Ambitions/Features/Goals/GoalDetailScreen.swift:426:                                        TagPill("Possible next", state: .default)
Native/Ambitions/Features/Goals/GoalDetailScreen.swift:444:        .ambitionPanelAccessibility()
Native/Ambitions/Features/Goals/GoalDetailScreen.swift:455:            VStack(alignment: .leading, spacing: theme.spacing.md) {
Native/Ambitions/Features/Goals/GoalDetailScreen.swift:469:                roadmapList
Native/Ambitions/Features/Goals/GoalDetailScreen.swift:496:        AppCard(state: .selected) {
Native/Ambitions/Features/Goals/GoalDetailScreen.swift:497:            VStack(alignment: .leading, spacing: theme.spacing.xs) {
Native/Ambitions/Features/Goals/GoalDetailScreen.swift:515:        VStack(alignment: .leading, spacing: theme.spacing.sm) {
Native/Ambitions/Features/Goals/GoalDetailScreen.swift:518:                WidgetCard(state: phase.state) {
Native/Ambitions/Features/Goals/GoalDetailScreen.swift:519:                    VStack(alignment: .leading, spacing: theme.spacing.xs) {
Native/Ambitions/Features/Goals/GoalDetailScreen.swift:525:                            TagPill(phase.statusLabel, state: phase.state)
Native/Ambitions/Features/Goals/GoalDetailScreen.swift:543:        VStack(alignment: .leading, spacing: theme.spacing.sm) {
Native/Ambitions/Features/Goals/GoalDetailScreen.swift:546:                WidgetCard(state: fork.state) {
Native/Ambitions/Features/Goals/GoalDetailScreen.swift:547:                    VStack(alignment: .leading, spacing: theme.spacing.xs) {
Native/Ambitions/Features/Goals/GoalDetailScreen.swift:553:                            TagPill(fork.freshnessLabel, state: fork.state)
Native/Ambitions/Features/Goals/GoalDetailScreen.swift:573:        return VStack(alignment: .leading, spacing: theme.spacing.sm) {
Native/Ambitions/Features/Goals/GoalDetailScreen.swift:576:                WidgetCard(state: lane.state) {
Native/Ambitions/Features/Goals/GoalDetailScreen.swift:577:                    VStack(alignment: .leading, spacing: theme.spacing.xs) {
Native/Ambitions/Features/Goals/GoalDetailScreen.swift:583:                            TagPill("Review first", state: lane.state)
Native/Ambitions/Features/Goals/GoalDetailScreen.swift:607:        VStack(alignment: .leading, spacing: theme.spacing.sm) {
Native/Ambitions/Features/Goals/GoalDetailScreen.swift:613:                    VStack(alignment: .leading, spacing: theme.spacing.xxxs) {
Native/Ambitions/Features/Goals/GoalDetailScreen.swift:619:                            TagPill(proof.handoffLabel, state: proof.state)
Native/Ambitions/Features/Goals/GoalDetailScreen.swift:627:                .background(RoundedRectangle(cornerRadius: theme.radius.md, style: .continuous).fill(theme.colors.surfaceOverlay))
Native/Ambitions/Features/Goals/GoalDetailScreen.swift:632:    private var roadmapList: some View {
Native/Ambitions/Features/Goals/GoalDetailScreen.swift:633:        VStack(alignment: .leading, spacing: theme.spacing.xs) {
Native/Ambitions/Features/Goals/GoalDetailScreen.swift:634:            SectionHeader(title: state.roadmapListTitle, subtitle: state.roadmapListSummary)
Native/Ambitions/Features/Goals/GoalDetailScreen.swift:654:            VStack(alignment: .leading, spacing: theme.spacing.sm) {
Native/Ambitions/Features/Goals/GoalDetailScreen.swift:656:                    AppCard(state: assumption.state) {
Native/Ambitions/Features/Goals/GoalDetailScreen.swift:657:                        VStack(alignment: .leading, spacing: theme.spacing.xs) {
Native/Ambitions/Features/Goals/GoalDetailScreen.swift:663:                                TagPill(assumption.status, state: assumption.state)
Native/Ambitions/Features/Goals/GoalDetailScreen.swift:768:                EmptyStateCard(title: state.emptyTitle, message: state.emptyMessage, icon: "arrow.triangle.branch")
Native/Ambitions/Features/Goals/GoalDetailScreen.swift:770:                VStack(alignment: .leading, spacing: theme.spacing.md) {
Native/Ambitions/Features/Goals/GoalDetailScreen.swift:772:                    VStack(alignment: .leading, spacing: theme.spacing.sm) {
Native/Ambitions/Features/Goals/GoalDetailScreen.swift:793:            .background(
Native/Ambitions/Features/Goals/GoalDetailScreen.swift:804:            VStack(spacing: theme.spacing.xs) {
Native/Ambitions/Features/Goals/GoalDetailScreen.swift:809:                    .background(
Native/Ambitions/Features/Goals/GoalDetailScreen.swift:820:            VStack(alignment: .leading, spacing: theme.spacing.xs) {
Native/Ambitions/Features/Goals/GoalDetailScreen.swift:826:                    TagPill(branch.freshnessLabel, state: branch.state)
Native/Ambitions/Features/Goals/GoalDetailScreen.swift:834:                VStack(alignment: .leading, spacing: theme.spacing.xxxs) {
Native/Ambitions/Features/Goals/GoalDetailScreen.swift:857:                EmptyStateCard(title: state.emptyTitle, message: state.emptyMessage, icon: "checkmark.shield")
Native/Ambitions/Features/Goals/GoalDetailScreen.swift:859:                VStack(alignment: .leading, spacing: theme.spacing.sm) {
Native/Ambitions/Features/Goals/GoalDetailScreen.swift:864:                            VStack(alignment: .leading, spacing: theme.spacing.xxxs) {
Native/Ambitions/Features/Goals/GoalDetailScreen.swift:889:            VStack(alignment: .leading, spacing: theme.spacing.xs) {
Native/Ambitions/Features/Goals/GoalDetailScreen.swift:895:                    TagPill(state.statusLabel, state: state.state)
Native/Ambitions/Features/Goals/GoalDetailScreen.swift:905:            .background(RoundedRectangle(cornerRadius: theme.radius.md, style: .continuous).fill(theme.colors.surfaceOverlay))
Native/Ambitions/Features/Goals/GoalDetailScreen.swift:923:            VStack(alignment: .leading, spacing: theme.spacing.lg) {
Native/Ambitions/Features/Goals/GoalDetailScreen.swift:925:                    VStack(alignment: .leading, spacing: theme.spacing.sm) {
Native/Ambitions/Features/Goals/GoalDetailScreen.swift:940:                    VStack(alignment: .leading, spacing: theme.spacing.sm) {
Native/Ambitions/Features/Goals/GoalDetailScreen.swift:941:                        ExplainabilityLabelList(
Native/Ambitions/Features/Goals/GoalDetailScreen.swift:946:                        ExplainabilityLabelList(
Native/Ambitions/Features/Goals/GoalDetailScreen.swift:954:                            VStack(alignment: .leading, spacing: theme.spacing.sm) {
Native/Ambitions/Features/Goals/GoalDetailScreen.swift:959:                                    AppCard(state: contradiction.state) {
Native/Ambitions/Features/Goals/GoalDetailScreen.swift:960:                                        VStack(alignment: .leading, spacing: theme.spacing.xs) {
Native/Ambitions/Features/Goals/GoalDetailScreen.swift:966:                                                TagPill(contradiction.severityLabel, state: contradiction.state)
Native/Ambitions/Features/Goals/GoalDetailScreen.swift:980:                    VStack(alignment: .leading, spacing: theme.spacing.sm) {
Native/Ambitions/Features/Goals/GoalDetailScreen.swift:982:                            AppCard(state: row.state) {
Native/Ambitions/Features/Goals/GoalDetailScreen.swift:983:                                VStack(alignment: .leading, spacing: theme.spacing.xs) {
Native/Ambitions/Features/Goals/GoalDetailScreen.swift:1004:                        VStack(alignment: .leading, spacing: theme.spacing.sm) {
Native/Ambitions/Features/Goals/GoalDetailScreen.swift:1012:                                VStack(alignment: .leading, spacing: theme.spacing.xs) {
Native/Ambitions/Features/Goals/GoalDetailScreen.swift:1018:                                            TagPill(badge.title, state: badge.state)
Native/Ambitions/Features/Goals/GoalDetailScreen.swift:1028:                                VStack(alignment: .leading, spacing: theme.spacing.sm) {
Native/Ambitions/Features/Goals/GoalDetailScreen.swift:1030:                                        AppCard(state: control.state) {
Native/Ambitions/Features/Goals/GoalDetailScreen.swift:1031:                                            VStack(alignment: .leading, spacing: theme.spacing.xs) {
Native/Ambitions/Features/Goals/GoalDetailScreen.swift:1070:        AppCard {
Native/Ambitions/Features/Goals/GoalDetailScreen.swift:1071:            VStack(alignment: .leading, spacing: theme.spacing.md) {
Native/Ambitions/Features/Goals/GoalDetailScreen.swift:1073:                    VStack(alignment: .leading, spacing: theme.spacing.xxxs) {
Native/Ambitions/Features/Goals/GoalDetailScreen.swift:1092:                ScrollView(.horizontal, showsIndicators: false) {
Native/Ambitions/Features/Goals/GoalDetailScreen.swift:1095:                            TagPill(pill.title, icon: pill.icon, state: pill.state)
Native/Ambitions/Features/Goals/GoalDetailScreen.swift:1102:        .ambitionPanelAccessibility()
Native/Ambitions/Features/Goals/GoalDetailScreen.swift:1114:            VStack(alignment: .leading, spacing: theme.spacing.md) {
Native/Ambitions/Features/Goals/GoalDetailScreen.swift:1120:                    VStack(alignment: .leading, spacing: theme.spacing.sm) {
Native/Ambitions/Features/Goals/GoalDetailScreen.swift:1123:                                TagPill(item.categoryLabel, state: item.state)
Native/Ambitions/Features/Goals/GoalDetailScreen.swift:1124:                                VStack(alignment: .leading, spacing: theme.spacing.xxxs) {
Native/Ambitions/Features/Goals/GoalDetailScreen.swift:1149:                    VStack(alignment: .leading, spacing: theme.spacing.md) {
Native/Ambitions/Features/Goals/GoalDetailScreen.swift:1151:                            VStack(alignment: .leading, spacing: theme.spacing.sm) {
Native/Ambitions/Features/Goals/GoalDetailScreen.swift:1159:                                        VStack(alignment: .leading, spacing: theme.spacing.xxxs) {
Native/Ambitions/Features/Goals/GoalDetailScreen.swift:1176:                            VStack(alignment: .leading, spacing: theme.spacing.sm) {
Native/Ambitions/Features/Goals/GoalDetailScreen.swift:1182:                                        TagPill(item.title, state: item.state)
Native/Ambitions/Features/Goals/GoalDetailScreen.swift:1183:                                        VStack(alignment: .leading, spacing: theme.spacing.xxxs) {
Native/Ambitions/Features/Goals/GoalDetailScreen.swift:1214:private struct ExplainabilityLabelList: View {
Native/Ambitions/Features/Goals/GoalDetailScreen.swift:1222:        VStack(alignment: .leading, spacing: theme.spacing.xs) {
Native/Ambitions/Features/Goals/GoalDetailScreen.swift:1253:    .appContainer(PreviewAppContainerFactory.preview)
Native/Ambitions/Features/Goals/GoalDetailScreen.swift:1268:    .appContainer(PreviewAppContainerFactory.preview)
Native/Ambitions/Features/Goals/GoalDetailScreen.swift:1283:    .appContainer(PreviewAppContainerFactory.preview)
Native/Ambitions/Features/Goals/GoalDetailScreen.swift:1298:    .appContainer(PreviewAppContainerFactory.preview)
Native/Ambitions/Features/Goals/GoalDetailScreen.swift:1313:    .appContainer(PreviewAppContainerFactory.preview)
Native/Ambitions/Features/Goals/GoalDetailScreen.swift:1330:    .appContainer(PreviewAppContainerFactory.preview)
Native/Ambitions/Features/Time/TimeLifeShapeDrillDownPanel.swift:4:struct TimeLifeShapeDrillDownPanel: View {
Native/Ambitions/Features/Time/TimeLifeShapeDrillDownPanel.swift:11:        VStack(alignment: .leading, spacing: theme.spacing.sm) {
Native/Ambitions/Features/Time/TimeLifeShapeDrillDownPanel.swift:21:        .background(
Native/Ambitions/Features/Time/TimeLifeShapeDrillDownPanel.swift:22:            RoundedRectangle(cornerRadius: theme.radius.md, style: .continuous)
Native/Ambitions/Features/Time/TimeLifeShapeDrillDownPanel.swift:31:        VStack(alignment: .leading, spacing: theme.spacing.xxxs) {
Native/Ambitions/Features/Time/TimeLifeShapeDrillDownPanel.swift:55:        VStack(alignment: .leading, spacing: theme.spacing.xxxs) {
Native/Ambitions/Features/Time/TimeLifeShapeDrillDownPanel.swift:66:        VStack(alignment: .leading, spacing: theme.spacing.xxxs) {
Native/Ambitions/Features/Time/TimeLifeShapeDrillDownPanel.swift:96:        VStack(alignment: .leading, spacing: theme.spacing.xxxs) {
Native/Ambitions/Features/Time/TimeLifeShapeDrillDownPanel.swift:117:        .background(
Native/Ambitions/Features/Time/TimeLifeShapeDrillDownPanel.swift:118:            RoundedRectangle(cornerRadius: theme.radius.md, style: .continuous)
Native/Ambitions/Features/Time/TimeLifeShapeDrillDownPanel.swift:121:        .overlay(
Native/Ambitions/Features/Time/TimeLifeShapeDrillDownPanel.swift:122:            RoundedRectangle(cornerRadius: theme.radius.md, style: .continuous)
Native/Ambitions/App/AppContainer.swift:7:final class AppContainer {
Native/Ambitions/Features/Goals/GoalsScreen.swift:38:        ScrollView {
Native/Ambitions/Features/Goals/GoalsScreen.swift:39:            LazyVStack(alignment: .leading, spacing: theme.spacing.lg) {
Native/Ambitions/Features/Goals/GoalsScreen.swift:60:                        AppCard(state: activeCreationMessage.state) {
Native/Ambitions/Features/Goals/GoalsScreen.swift:61:                            VStack(alignment: .leading, spacing: theme.spacing.xs) {
Native/Ambitions/Features/Goals/GoalsScreen.swift:81:                        .transition(.ambitionPanel)
Native/Ambitions/Features/Goals/GoalsScreen.swift:89:        .background {
Native/Ambitions/Features/Goals/GoalsScreen.swift:161:    private func handlePromoteOneStepGoal(_ item: GoalsOneStepGoalPanelItemState) {
Native/Ambitions/Features/Goals/GoalsScreen.swift:225:    let onPromote: (GoalsOneStepGoalPanelItemState) -> Void
Native/Ambitions/Features/Goals/GoalsScreen.swift:228:        StateDrivenMaterialPanel(context: .goals, state: .calm) {
Native/Ambitions/Features/Goals/GoalsScreen.swift:229:            VStack(alignment: .leading, spacing: theme.spacing.md) {
Native/Ambitions/Features/Goals/GoalsScreen.swift:236:                        VStack(alignment: .leading, spacing: theme.spacing.xs) {
Native/Ambitions/Features/Goals/GoalsScreen.swift:262:                    VStack(alignment: .leading, spacing: theme.spacing.lg) {
Native/Ambitions/Features/Goals/GoalsScreen.swift:268:                        GoalsLifeAreasPanel(
Native/Ambitions/Features/Goals/GoalsScreen.swift:276:                        GoalStateChipsSurface(chips: overview.stateChips)
Native/Ambitions/Features/Goals/GoalsScreen.swift:277:                        GoalsOneStepGoalsPanel(state: overview.oneStepGoals, onPromote: onPromote)
Native/Ambitions/Features/Goals/GoalsScreen.swift:304:    .appContainer(PreviewAppContainerFactory.preview)
Native/Ambitions/Features/Goals/GoalsScreen.swift:319:    .appContainer(PreviewAppContainerFactory.preview)
Native/Ambitions/Features/Goals/GoalsScreen.swift:327:    .appContainer(PreviewAppContainerFactory.preview)
Native/Ambitions/Features/You/YouFeatureService.swift:8:/// resolving on-device security policies, and compiling them into a thread-safe `YouDashboard`.
Native/Ambitions/Features/You/YouFeatureService.swift:36:    /// - Returns: A `YouDashboard` projection suited for rendering in visual and non-visual surfaces.
Native/Ambitions/Features/You/YouFeatureService.swift:38:    func loadYouDashboard() async throws -> YouDashboard {
Native/Ambitions/Features/You/YouFeatureService.swift:45:        return try await makeDashboard(
Native/Ambitions/Features/You/YouFeatureService.swift:60:    func saveYouPreferences(_ preferences: YouPreferencesUpdate) async throws -> YouDashboard {
Native/Ambitions/Features/You/YouFeatureService.swift:74:        return try await loadYouDashboard()
Native/Ambitions/Features/You/YouFeatureService.swift:237:    func makeDashboard(
Native/Ambitions/Features/You/YouFeatureService.swift:243:    ) -> YouDashboard {
Native/Ambitions/Features/You/YouFeatureService.swift:274:        return YouDashboard(
Native/Ambitions/Features/You/YouFeatureService.swift:287:                    YouStatusPill(id: "you-pill-appearance", title: appearanceSummary, icon: "paintpalette", state: .selected),
Native/Ambitions/Features/You/YouFeatureService.swift:288:                    YouStatusPill(id: "you-pill-sync", title: syncStatus.detail, icon: "lock.shield", state: syncState),
Native/Ambitions/Features/You/YouFeatureService.swift:289:                    YouStatusPill(
Native/Ambitions/Features/Goals/GoalsFeatureService.swift:772:    func makeGoalListItem(
Native/Ambitions/Features/Goals/GoalsFeatureService.swift:781:    ) -> GoalListItem {
Native/Ambitions/Features/Goals/GoalsFeatureService.swift:814:        return GoalListItem(
Native/Ambitions/Features/Goals/GoalsFeatureService.swift:837:    func makeDraftListItem(
Native/Ambitions/Features/Goals/GoalsFeatureService.swift:841:    ) -> GoalListItem {
Native/Ambitions/Features/Goals/GoalsFeatureService.swift:865:        return GoalListItem(
Native/Ambitions/Features/Goals/GoalsFeatureService.swift:935:    func overviewAttentionPills(items: [GoalListItem]) -> [String] {
Native/Ambitions/Features/Goals/GoalsFeatureService.swift:962:        let pill: GoalsHeroPillState
Native/Ambitions/Features/Goals/GoalsFeatureService.swift:968:            pill = GoalsHeroPillState(title: "Calm week", icon: "leaf", state: .success)
Native/Ambitions/Features/Goals/GoalsFeatureService.swift:972:            pill = GoalsHeroPillState(title: "Focused pressure", icon: "scope", state: .selected)
Native/Ambitions/Features/Goals/GoalsFeatureService.swift:976:            pill = GoalsHeroPillState(title: "Compressed week", icon: "exclamationmark.triangle", state: .warning)
Native/Ambitions/Features/Goals/GoalsFeatureService.swift:990:        activeDirectionCards: [GoalsAtlasSurfaceState],
Native/Ambitions/Features/Goals/GoalsFeatureService.swift:991:        pressuredCards: [GoalsAtlasSurfaceState],
Native/Ambitions/Features/Goals/GoalsFeatureService.swift:992:        items: [GoalListItem],
Native/Ambitions/Features/Goals/GoalsFeatureService.swift:996:        if let primary = activeDirectionCards.first {
Native/Ambitions/Features/Goals/GoalsFeatureService.swift:998:        } else if let pressured = pressuredCards.first {
Native/Ambitions/Features/Goals/GoalsFeatureService.swift:1004:        let pressureSummary = pressuredCards.first?.pressureSummary ?? weekPressureSummary.subtitle
Native/Ambitions/Features/Goals/GoalsFeatureService.swift:1005:        let attentionPills = overviewAttentionPills(items: items).map {
Native/Ambitions/Features/Goals/GoalsFeatureService.swift:1006:            GoalsHeroPillState(title: $0, icon: "sparkle.magnifyingglass", state: .warning)
Native/Ambitions/Features/Goals/GoalsFeatureService.swift:1017:            contextPills: [
Native/Ambitions/Features/Goals/GoalsFeatureService.swift:1018:                GoalsHeroPillState(title: weekPressureSummary.leadingMetric, icon: "scope", state: .selected),
Native/Ambitions/Features/Goals/GoalsFeatureService.swift:1019:                GoalsHeroPillState(title: weekPressureSummary.trailingMetric, icon: "wind", state: pressuredCards.isEmpty ? .default : .warning),
Native/Ambitions/Features/Goals/GoalsFeatureService.swift:1020:                GoalsHeroPillState(title: seeded ? "Starter data loaded" : "Live native data", icon: "sparkles", state: seeded ? .celebration : .selected)
Native/Ambitions/Features/Goals/GoalsFeatureService.swift:1022:            attentionPills: attentionPills
Native/Ambitions/Features/Goals/GoalsFeatureService.swift:1027:        activeDirectionCards: [GoalsAtlasSurfaceState],
Native/Ambitions/Features/Goals/GoalsFeatureService.swift:1028:        pressuredCards: [GoalsAtlasSurfaceState],
Native/Ambitions/Features/Goals/GoalsFeatureService.swift:1031:        if let atRisk = pressuredCards.first(where: { $0.posture == .atRisk }) {
Native/Ambitions/Features/Goals/GoalsFeatureService.swift:1042:        if let crowded = pressuredCards.first(where: { $0.posture == .crowded }) {
Native/Ambitions/Features/Goals/GoalsFeatureService.swift:1053:        if let primary = activeDirectionCards.first {
Native/Ambitions/Features/Goals/GoalsFeatureService.swift:1076:        activeDirectionCards: [GoalsAtlasSurfaceState],
Native/Ambitions/Features/Goals/GoalsFeatureService.swift:1077:        pressuredCards: [GoalsAtlasSurfaceState],
Native/Ambitions/Features/Goals/GoalsFeatureService.swift:1086:        let areaCard = cards.first { card in
Native/Ambitions/Features/Goals/GoalsFeatureService.swift:1090:        let activeThread = areaCard ?? activeDirectionCards.first ?? pressuredCards.first ?? cards.first
Native/Ambitions/Features/Goals/GoalsFeatureService.swift:1151:        activeDirectionCards: [GoalsAtlasSurfaceState],
Native/Ambitions/Features/Goals/GoalsFeatureService.swift:1152:        pressuredCards: [GoalsAtlasSurfaceState],
Native/Ambitions/Features/Goals/GoalsFeatureService.swift:1155:        let sources = Array((activeDirectionCards + pressuredCards).prefix(4))
Native/Ambitions/Features/Goals/GoalsFeatureService.swift:1228:    func makeStateChips(cards: [GoalsAtlasSurfaceState]) -> [GoalStateChipState] {
Native/Ambitions/Features/Goals/GoalsFeatureService.swift:1231:            GoalStateChipState(lifecycleState: state, count: cards.filter { $0.lifecycleState == state }.count)
Native/Ambitions/Features/Goals/GoalsFeatureService.swift:1236:        let archiveChips = makeStateChips(cards: cards).filter {
Native/Ambitions/Features/Goals/GoalsFeatureService.swift:1239:        let count = archiveChips.map(\.count).reduce(0, +)
Native/Ambitions/Features/Goals/GoalsFeatureService.swift:1246:            chips: archiveChips,
Native/Ambitions/Features/Goals/GoalsFeatureService.swift:1256:        let liveCards = cards.filter { $0.lifecycleState.isCurrentPortfolioState || $0.renderState == .starter }
Native/Ambitions/Features/Goals/GoalsFeatureService.swift:1257:        let prooflessLiveCount = liveCards.filter { $0.proofSummary.count == 0 }.count
Native/Ambitions/Features/Goals/GoalsFeatureService.swift:1258:        let blockedOrWaitingCount = liveCards.filter { [.blocked, .waiting].contains($0.lifecycleState) }.count
Native/Ambitions/Features/Goals/GoalsFeatureService.swift:1259:        let crowdedOrStalledCount = liveCards.filter { [.crowded, .stalled, .atRisk].contains($0.posture) }.count
Native/Ambitions/Features/Goals/GoalsFeatureService.swift:1260:        let missingNextStepCount = liveCards.filter { $0.nextVisibleStep.isAvailable == false }.count
Native/Ambitions/Features/Goals/GoalsFeatureService.swift:1265:            title: liveCards.count <= 3 ? "Scope is readable" : "Scope needs review",
Native/Ambitions/Features/Goals/GoalsFeatureService.swift:1266:            detail: liveCards.count <= 3
Native/Ambitions/Features/Goals/GoalsFeatureService.swift:1267:                ? "\(liveCards.count) live ambitions are competing for attention."
Native/Ambitions/Features/Goals/GoalsFeatureService.swift:1268:                : "\(liveCards.count) live ambitions are active; choose what should stay protected.",
Native/Ambitions/Features/Goals/GoalsFeatureService.swift:1269:            state: liveCards.count <= 3 ? .selected : .warning
Native/Ambitions/Features/Goals/GoalsFeatureService.swift:1338:        let archivedCards = cards.filter {
Native/Ambitions/Features/Goals/GoalsFeatureService.swift:1341:        guard archivedCards.isEmpty == false else {
Native/Ambitions/Features/Goals/GoalsFeatureService.swift:1345:        return archivedCards.prefix(3).map { card in
Native/Ambitions/Features/Goals/GoalsFeatureService.swift:1480:            supportsListFallback: true,
Native/Ambitions/Features/Goals/GoalsFeatureService.swift:1535:    func makeOneStepGoalsPanelState(
Native/Ambitions/Features/Goals/GoalsFeatureService.swift:1538:    ) -> GoalsOneStepGoalsPanelState {
Native/Ambitions/Features/Goals/GoalsFeatureService.swift:1549:                GoalsOneStepGoalPanelItemState(
Native/Ambitions/Features/Goals/GoalsFeatureService.swift:1569:        return GoalsOneStepGoalsPanelState(
Native/Ambitions/Features/Goals/GoalsFeatureService.swift:1976:            roadmapListTitle: "Path list",
Native/Ambitions/Features/Goals/GoalsFeatureService.swift:1977:            roadmapListSummary: "The same phases are available as a plain list for review.",
Native/Ambitions/Features/Goals/GoalsFeatureService.swift:3752:                let capturedAt = ISO8601DateFormatter().date(from: evidence.capturedAt),
Native/Ambitions/Features/Goals/GoalsFeatureService.swift:4518:    static var iso: ISO8601DateFormatter {
Native/Ambitions/Features/Goals/GoalsFeatureService.swift:4519:        let formatter = ISO8601DateFormatter()
Native/Ambitions/Features/Goals/GoalsFeatureService.swift:4524:    static var isoFallback: ISO8601DateFormatter {
Native/Ambitions/Features/Goals/GoalsFeatureService.swift:4525:        let formatter = ISO8601DateFormatter()
Native/Ambitions/Features/Goals/GoalsFeatureService.swift:4530:    static var dateOnly: DateFormatter {
Native/Ambitions/Features/Goals/GoalsFeatureService.swift:4531:        let formatter = DateFormatter()
Native/Ambitions/Features/Goals/GoalsFeatureService.swift:4535:        formatter.dateFormat = "yyyy-MM-dd"
Native/Ambitions/Features/Goals/GoalsFeatureService.swift:4539:    static var shortTime: DateFormatter {
Native/Ambitions/Features/Goals/GoalsFeatureService.swift:4540:        let formatter = DateFormatter()
Native/Ambitions/Features/Goals/GoalMissionControlLanePrimitives.swift:102:        VStack(alignment: .leading, spacing: theme.spacing.xs) {
Native/Ambitions/Features/Goals/GoalMissionControlLanePrimitives.swift:108:                ScrollView(.horizontal, showsIndicators: false) {
Native/Ambitions/Features/Goals/GoalMissionControlLanePrimitives.swift:111:                            TagPill(badge.title, icon: badge.symbolName, state: badge.state)
Native/Ambitions/Features/Goals/GoalMissionControlLanePrimitives.swift:166:        VStack(alignment: .leading, spacing: theme.spacing.sm) {
Native/Ambitions/Features/Goals/GoalMissionControlLanePrimitives.swift:212:                VStack(alignment: .leading, spacing: theme.spacing.xs) {
Native/Ambitions/Features/Goals/GoalMissionControlLanePrimitives.swift:218:                        TagPill(positionLabel, state: item.visualState)
Native/Ambitions/Features/Goals/GoalMissionControlLanePrimitives.swift:233:                .background(
Native/Ambitions/Features/Goals/GoalMissionControlLanePrimitives.swift:234:                    RoundedRectangle(cornerRadius: theme.radius.md, style: .continuous)
Native/Ambitions/Features/Goals/GoalMissionControlLanePrimitives.swift:237:                .overlay(
Native/Ambitions/Features/Goals/GoalMissionControlLanePrimitives.swift:238:                    RoundedRectangle(cornerRadius: theme.radius.md, style: .continuous)
Native/Ambitions/Features/Goals/GoalMissionControlLanePrimitives.swift:253:        VStack(spacing: 0) {
Native/Ambitions/Features/Goals/GoalMissionControlLanePrimitives.swift:260:                .overlay(Circle().stroke(style.stroke, lineWidth: 2))
Native/Ambitions/Features/Goals/GoalMissionControlLanePrimitives.swift:276:        VStack(alignment: .leading, spacing: theme.spacing.xs) {
Native/Ambitions/Features/Goals/GoalMissionControlLanePrimitives.swift:364:        let shape = RoundedRectangle(cornerRadius: theme.radius.md, style: .continuous)
Native/Ambitions/Features/Goals/GoalMissionControlLanePrimitives.swift:367:            VStack(alignment: .leading, spacing: theme.spacing.xs) {
Native/Ambitions/Features/Goals/GoalMissionControlLanePrimitives.swift:373:                        .background(Circle().fill(style.accent.opacity(0.13)))
Native/Ambitions/Features/Goals/GoalMissionControlLanePrimitives.swift:379:                        TagPill(badgeTitle, state: item.visualState)
Native/Ambitions/Features/Goals/GoalMissionControlLanePrimitives.swift:386:                VStack(alignment: .leading, spacing: theme.spacing.xxxs) {
Native/Ambitions/Features/Goals/GoalMissionControlLanePrimitives.swift:422:        .background {
Native/Ambitions/Features/Goals/GoalMissionControlLanePrimitives.swift:425:        .overlay {
Native/Ambitions/Features/Goals/GoalMissionControlLanePrimitives.swift:428:        .shadow(color: style.accent.opacity(0.08), radius: 16, x: 0, y: 8)
Native/Ambitions/Features/Goals/GoalMissionControlLanePrimitives.swift:546:    .background(LivingSurfaceBackground(context: .goals, state: .active, intensity: 0.72))
Native/Ambitions/Features/You/YouCrossSurfaceProofReviewCard.swift:10:        AppCard {
Native/Ambitions/Features/You/YouCrossSurfaceProofReviewCard.swift:11:            VStack(alignment: .leading, spacing: theme.spacing.md) {
Native/Ambitions/Features/You/YouCrossSurfaceProofReviewCard.swift:29:        .ambitionPanelAccessibility(
Native/Ambitions/Features/You/YouCrossSurfaceProofReviewCard.swift:43:        VStack(alignment: .leading, spacing: theme.spacing.xs) {
Native/Ambitions/Features/You/YouCrossSurfaceProofReviewCard.swift:52:                TagPill(item.reviewLabel, state: item.state)
Native/Ambitions/Features/You/YouCrossSurfaceProofReviewCard.swift:66:        .background(RoundedRectangle(cornerRadius: theme.radius.lg, style: .continuous).fill(theme.colors.surfaceOverlay))
Native/Ambitions/Features/You/YouCrossSurfaceProofReviewCard.swift:67:        .overlay(RoundedRectangle(cornerRadius: theme.radius.lg, style: .continuous).stroke(theme.colors.strokeSubtle, lineWidth: 1))
Native/Ambitions/Features/Today/TodayFeatureService.swift:322:                contextPills: header.contextPills,
Native/Ambitions/Features/Today/TodayFeatureService.swift:1713:            TodayPillState(id: "goals", title: "\(activeGoals.count) active goals", icon: "scope", state: .selected),
Native/Ambitions/Features/Today/TodayFeatureService.swift:1714:            TodayPillState(id: "steps", title: "\(actionableCount) live steps", icon: "bolt.fill", state: .default)
Native/Ambitions/Features/Today/TodayFeatureService.swift:1717:            pills.append(TodayPillState(id: "clarify", title: "\(clarificationCount) question\(clarificationCount == 1 ? "" : "s")", icon: "questionmark.circle", state: .warning))
Native/Ambitions/Features/Today/TodayFeatureService.swift:1720:            pills.append(TodayPillState(id: "blocked", title: "\(blockedCount) blocker\(blockedCount == 1 ? "" : "s")", icon: "exclamationmark.triangle", state: .warning))
Native/Ambitions/Features/Today/TodayFeatureService.swift:1723:            pills.append(TodayPillState(id: "seeded", title: "Starter data ready", icon: "sparkles", state: .celebration))
Native/Ambitions/Features/Today/TodayFeatureService.swift:1730:            contextPills: pills
Native/Ambitions/Features/Today/TodayFeatureService.swift:1852:                TodayEmptyPanelState(
Native/Ambitions/Features/Today/TodayFeatureService.swift:2412:    static var iso: ISO8601DateFormatter {
Native/Ambitions/Features/Today/TodayFeatureService.swift:2413:        let formatter = ISO8601DateFormatter()
Native/Ambitions/Features/Today/TodayFeatureService.swift:2418:    static var isoFallback: ISO8601DateFormatter {
Native/Ambitions/Features/Today/TodayFeatureService.swift:2419:        let formatter = ISO8601DateFormatter()
Native/Ambitions/Features/Today/TodayFeatureService.swift:2428:    static var dateOnly: DateFormatter {
Native/Ambitions/Features/Today/TodayFeatureService.swift:2429:        let formatter = DateFormatter()
Native/Ambitions/Features/Today/TodayFeatureService.swift:2433:        formatter.dateFormat = "yyyy-MM-dd"
Native/Ambitions/Features/Today/TodayFeatureService.swift:2437:    static var shortTime: DateFormatter {
Native/Ambitions/Features/Today/TodayFeatureService.swift:2438:        let formatter = DateFormatter()
Native/Ambitions/Features/You/YouTrustHistoryCenterCard.swift:10:        AppCard {
Native/Ambitions/Features/You/YouTrustHistoryCenterCard.swift:11:            VStack(alignment: .leading, spacing: theme.spacing.md) {
Native/Ambitions/Features/You/YouTrustHistoryCenterCard.swift:21:                        VStack(alignment: .leading, spacing: theme.spacing.sm) {
Native/Ambitions/Features/You/YouTrustHistoryCenterCard.swift:50:        VStack(alignment: .leading, spacing: theme.spacing.xs) {
Native/Ambitions/Features/You/YouTrustHistoryCenterCard.swift:59:                TagPill(item.reviewLabel, state: item.state)
Native/Ambitions/Features/You/YouTrustHistoryCenterCard.swift:73:        .background(RoundedRectangle(cornerRadius: theme.radius.lg, style: .continuous).fill(theme.colors.surfaceOverlay))
Native/Ambitions/Features/You/YouTrustHistoryCenterCard.swift:74:        .overlay(RoundedRectangle(cornerRadius: theme.radius.lg, style: .continuous).stroke(theme.colors.strokeSubtle, lineWidth: 1))
Native/Ambitions/Features/Goals/GoalsFeatureModels.swift:264:struct GoalStateChipState: Identifiable, Sendable, Hashable {
Native/Ambitions/Features/Goals/GoalsFeatureModels.swift:274:    let chips: [GoalStateChipState]
Native/Ambitions/Features/Goals/GoalsFeatureModels.swift:353:            return "List"
Native/Ambitions/Features/Goals/GoalsFeatureModels.swift:391:    let supportsListFallback: Bool
Native/Ambitions/Features/Goals/GoalsFeatureModels.swift:408:            supportsListFallback: true,
Native/Ambitions/Features/Goals/GoalsFeatureModels.swift:461:struct GoalsOneStepGoalPanelItemState: Identifiable, Sendable, Hashable {
Native/Ambitions/Features/Goals/GoalsFeatureModels.swift:479:struct GoalsOneStepGoalsPanelState: Sendable, Hashable {
Native/Ambitions/Features/Goals/GoalsFeatureModels.swift:482:    let items: [GoalsOneStepGoalPanelItemState]
Native/Ambitions/Features/Goals/GoalsFeatureModels.swift:491:    static var empty: GoalsOneStepGoalsPanelState {
Native/Ambitions/Features/Goals/GoalsFeatureModels.swift:492:        GoalsOneStepGoalsPanelState(
Native/Ambitions/Features/Goals/GoalsFeatureModels.swift:514:struct GoalsHeroPillState: Identifiable, Sendable, Hashable {
Native/Ambitions/Features/Goals/GoalsFeatureModels.swift:528:    let contextPills: [GoalsHeroPillState]
Native/Ambitions/Features/Goals/GoalsFeatureModels.swift:529:    let attentionPills: [GoalsHeroPillState]
Native/Ambitions/Features/Goals/GoalsFeatureModels.swift:546:    let pill: GoalsHeroPillState
Native/Ambitions/Features/Goals/GoalsFeatureModels.swift:549:struct GoalListItem: Identifiable, Sendable {
Native/Ambitions/Features/Goals/GoalsFeatureModels.swift:722:    let stateChips: [GoalStateChipState]
Native/Ambitions/Features/Goals/GoalsFeatureModels.swift:726:    let oneStepGoals: GoalsOneStepGoalsPanelState
Native/Ambitions/Features/Goals/GoalsFeatureModels.swift:730:    let items: [GoalListItem]
Native/Ambitions/Features/Goals/GoalsFeatureModels.swift:743:        stateChips: [GoalStateChipState],
Native/Ambitions/Features/Goals/GoalsFeatureModels.swift:747:        oneStepGoals: GoalsOneStepGoalsPanelState = .empty,
Native/Ambitions/Features/Goals/GoalsFeatureModels.swift:751:        items: [GoalListItem],
Native/Ambitions/Features/Goals/GoalsFeatureModels.swift:763:        self.stateChips = stateChips
Native/Ambitions/Features/Goals/GoalsFeatureModels.swift:817:            supportsPanelSizeBehavior: true,
Native/Ambitions/Features/Goals/GoalsFeatureModels.swift:818:            hasAccessibilitySummary: lifeAreas.supportsListFallback,
Native/Ambitions/Features/Goals/GoalsFeatureModels.swift:911:typealias GoalsBoardCardState = GoalsAtlasSurfaceState
Native/Ambitions/Features/Goals/GoalsFeatureModels.swift:1237:struct GoalTrustWhisperPillState: Identifiable, Sendable {
Native/Ambitions/Features/Goals/GoalsFeatureModels.swift:1248:    let pills: [GoalTrustWhisperPillState]
Native/Ambitions/Features/Goals/GoalsFeatureModels.swift:1483:    let roadmapListTitle: String
Native/Ambitions/Features/Goals/GoalsFeatureModels.swift:1484:    let roadmapListSummary: String
Native/Ambitions/Features/Goals/GoalsFeatureModels.swift:2270:            supportsPanelSizeBehavior: true,
Native/Ambitions/App/AppContainerFactory.swift:44:enum AppContainerFactory {
Native/Ambitions/App/AppContainerFactory.swift:46:    static func make(source: AppSession.BootstrapSource) async throws -> AppContainer {
Native/Ambitions/App/AppContainerFactory.swift:51:    static func make(configuration: AppBootstrapConfiguration) async throws -> AppContainer {
Native/Ambitions/App/AppContainerFactory.swift:86:        return AppContainer(
Native/Ambitions/Features/Goals/GoalsOverviewBoardProjection.swift:5:    func makeAtlasCard(
Native/Ambitions/Features/Goals/GoalsOverviewBoardProjection.swift:6:        from item: GoalListItem,
Native/Ambitions/Features/Goals/GoalsOverviewBoardProjection.swift:73:    func makeBoardCard(
Native/Ambitions/Features/Goals/GoalsOverviewBoardProjection.swift:74:        from item: GoalListItem,
Native/Ambitions/Features/Goals/GoalsOverviewBoardProjection.swift:77:    ) -> GoalsBoardCardState {
Native/Ambitions/Features/Goals/GoalsOverviewBoardProjection.swift:78:        makeAtlasCard(from: item, snapshot: snapshot, learningSummary: learningSummary)
Native/Ambitions/Features/Goals/GoalsOverviewBoardProjection.swift:82:        for item: GoalListItem,
Native/Ambitions/Features/Goals/GoalsOverviewBoardProjection.swift:136:    func pathSummary(for item: GoalListItem, snapshot: Snapshot) -> LifePathStateSummary? {
Native/Ambitions/Features/Goals/GoalsOverviewBoardProjection.swift:154:    func milestoneSummary(for item: GoalListItem, pathSummary: LifePathStateSummary?) -> String {
Native/Ambitions/Features/Goals/GoalsOverviewBoardProjection.swift:166:    func weekRelationship(for item: GoalListItem, learningSummary: GoalLearningSummary?) -> String {
Native/Ambitions/Features/Goals/GoalsOverviewBoardProjection.swift:191:        for item: GoalListItem,
Native/Ambitions/Features/Goals/GoalsOverviewBoardProjection.swift:234:        item: GoalListItem,
Native/Ambitions/Features/Goals/GoalsOverviewBoardProjection.swift:301:    func proofSummary(for item: GoalListItem, evidence: [ProgressEvidence]) -> GoalProofSummary {
Native/Ambitions/Features/Goals/GoalsOverviewBoardProjection.swift:334:    func nextVisibleStep(for item: GoalListItem, goal: Goal?, draft: PersistedGoalDraft?) -> GoalNextVisibleStep {
Native/Ambitions/Features/Goals/GoalsOverviewBoardProjection.swift:444:        for item: GoalListItem,
Native/Ambitions/Features/Goals/GoalsOverviewBoardProjection.swift:536:    func boardPriorityDescriptor(lhs: GoalsBoardCardState, rhs: GoalsBoardCardState) -> Bool {
AppUI/Sources/WidgetComponents.swift:29:                TagPill(badge, state: badgeState)
AppUI/Sources/WidgetComponents.swift:72:                StatTile(
AppUI/Sources/WidgetComponents.swift:84:struct WidgetProgressList: View {
AppUI/Sources/WidgetComponents.swift:90:        VStack(alignment: .leading, spacing: theme.spacing.sm) {
AppUI/Sources/WidgetComponents.swift:92:                VStack(alignment: .leading, spacing: theme.spacing.xs) {
AppUI/Sources/WidgetComponents.swift:99:                            TagPill(statusLabel, state: item.state)
AppUI/Sources/WidgetComponents.swift:129:        AsyncStateCard(.empty(title: title, message: message, icon: icon, actionTitle: actionTitle), action: action)
AppUI/Sources/WidgetComponents.swift:141:        AsyncStateCard(.loading(lines: lineCount))
AppUI/Sources/WidgetComponents.swift:153:                VStack(spacing: theme.spacing.xxs) {
AppUI/Sources/WidgetComponents.swift:154:                    RoundedRectangle(cornerRadius: theme.radius.sm, style: .continuous)
AppUI/Sources/WidgetComponents.swift:175:struct WidgetListRow: View {
AppUI/Sources/WidgetComponents.swift:187:                ListChevronRow(
AppUI/Sources/WidgetComponents.swift:196:                            TagPill(badge)
AppUI/Sources/WidgetComponents.swift:206:                    VStack(alignment: .leading, spacing: theme.spacing.xxxs) {
AppUI/Sources/WidgetComponents.swift:221:                        TagPill(badge)
AppUI/Sources/WidgetComponents.swift:225:                .background(RoundedRectangle(cornerRadius: theme.radius.md, style: .continuous).fill(theme.colors.surfaceOverlay))
AppUI/Sources/WidgetComponents.swift:226:                .overlay(RoundedRectangle(cornerRadius: theme.radius.md, style: .continuous).stroke(theme.colors.strokeSubtle, lineWidth: 1))
Native/Ambitions/Features/You/YouAvailabilityCenterCard.swift:10:        AppCard {
Native/Ambitions/Features/You/YouAvailabilityCenterCard.swift:11:            VStack(alignment: .leading, spacing: theme.spacing.lg) {
Native/Ambitions/Features/You/YouAvailabilityCenterCard.swift:50:        .ambitionPanelAccessibility(
Native/Ambitions/Features/You/YouAvailabilityCenterCard.swift:65:        VStack(alignment: .leading, spacing: theme.spacing.sm) {
Native/Ambitions/Features/You/YouAvailabilityCenterCard.swift:83:        VStack(alignment: .leading, spacing: theme.spacing.xs) {
Native/Ambitions/Features/You/YouAvailabilityCenterCard.swift:92:                TagPill(item.statusLabel, state: item.state)
Native/Ambitions/Features/You/YouAvailabilityCenterCard.swift:106:        .background(
Native/Ambitions/Features/You/YouAvailabilityCenterCard.swift:107:            RoundedRectangle(cornerRadius: theme.radius.lg, style: .continuous)
Native/Ambitions/Features/You/YouAvailabilityCenterCard.swift:110:        .overlay(
Native/Ambitions/Features/You/YouAvailabilityCenterCard.swift:111:            RoundedRectangle(cornerRadius: theme.radius.lg, style: .continuous)
Native/Ambitions/App/AppNavigation.swift:210:            destinationLabel: ShellCommandDestination.overlay(route).displayLabel
Native/Ambitions/App/AppNavigation.swift:364:            recordedAt: ISO8601DateFormatter().string(from: Date())
Native/Ambitions/Features/Today/TodayDayRailSignaturePrimitives.swift:12:        VStack(alignment: .leading, spacing: theme.spacing.xs) {
Native/Ambitions/Features/Today/TodayDayRailSignaturePrimitives.swift:19:                VStack(alignment: .leading, spacing: theme.spacing.xs) {
Native/Ambitions/Features/Today/TodayDayRailSignaturePrimitives.swift:29:        .background(
Native/Ambitions/Features/Today/TodayDayRailSignaturePrimitives.swift:30:            RoundedRectangle(cornerRadius: theme.radius.md, style: .continuous)
Native/Ambitions/Features/Today/TodayDayRailSignaturePrimitives.swift:33:        .overlay(
Native/Ambitions/Features/Today/TodayDayRailSignaturePrimitives.swift:34:            RoundedRectangle(cornerRadius: theme.radius.md, style: .continuous)
Native/Ambitions/Features/Today/TodayDayRailSignaturePrimitives.swift:117:            VStack(alignment: .leading, spacing: theme.spacing.xxxs) {
Native/Ambitions/Features/Today/TodayDayRailSignaturePrimitives.swift:139:                .background(Capsule().fill(style.fill))
Native/Ambitions/Features/Today/TodayDayRailSignaturePrimitives.swift:140:                .overlay(Capsule().stroke(style.stroke, lineWidth: 1))
Native/Ambitions/Features/Goals/GoalLifePathSignaturePrimitives.swift:21:        AppCard(state: state.visualState) {
Native/Ambitions/Features/Goals/GoalLifePathSignaturePrimitives.swift:22:            VStack(alignment: .leading, spacing: theme.spacing.md) {
Native/Ambitions/Features/Goals/GoalLifePathSignaturePrimitives.swift:41:        .ambitionPanelAccessibility()
Native/Ambitions/Features/Goals/GoalLifePathSignaturePrimitives.swift:45:        VStack(alignment: .leading, spacing: theme.spacing.xs) {
Native/Ambitions/Features/Goals/GoalLifePathSignaturePrimitives.swift:58:                    .background(Capsule(style: .continuous).fill(theme.stateStyle(for: state.visualState).fill))
Native/Ambitions/Features/Goals/GoalLifePathSignaturePrimitives.swift:59:                    .overlay(Capsule(style: .continuous).strokeBorder(theme.stateStyle(for: state.visualState).stroke, lineWidth: 1))
Native/Ambitions/Features/Goals/GoalLifePathSignaturePrimitives.swift:98:        VStack(alignment: .leading, spacing: theme.spacing.sm) {
Native/Ambitions/Features/Goals/GoalLifePathSignaturePrimitives.swift:110:        VStack(alignment: .leading, spacing: theme.spacing.xs) {
Native/Ambitions/Features/Goals/GoalLifePathSignaturePrimitives.swift:125:                        VStack(alignment: .leading, spacing: theme.spacing.xxxs) {
Native/Ambitions/Features/Goals/GoalLifePathSignaturePrimitives.swift:138:                    .background(RoundedRectangle(cornerRadius: theme.radius.md, style: .continuous).fill(style.fill))
Native/Ambitions/Features/Goals/GoalLifePathSignaturePrimitives.swift:139:                    .overlay(RoundedRectangle(cornerRadius: theme.radius.md, style: .continuous).stroke(style.stroke, lineWidth: 1))
Native/Ambitions/Features/Goals/GoalLifePathSignaturePrimitives.swift:176:            VStack(alignment: .leading, spacing: theme.spacing.xs) {
Native/Ambitions/Features/Goals/GoalLifePathSignaturePrimitives.swift:181:                        .overlay(Circle().stroke(style.stroke, lineWidth: 1))
Native/Ambitions/Features/Goals/GoalLifePathSignaturePrimitives.swift:182:                        .shadow(color: style.glow.opacity(node.kind == .proof ? 0.18 : 0.10), radius: 14, x: 0, y: 8)
Native/Ambitions/Features/Goals/GoalLifePathSignaturePrimitives.swift:190:                VStack(alignment: .leading, spacing: theme.spacing.xxxs) {
Native/Ambitions/Features/Goals/GoalLifePathSignaturePrimitives.swift:207:            .background(RoundedRectangle(cornerRadius: theme.radius.lg, style: .continuous).fill(style.fill.opacity(isFocused ? 1 : 0.72)))
Native/Ambitions/Features/Goals/GoalLifePathSignaturePrimitives.swift:208:            .overlay(RoundedRectangle(cornerRadius: theme.radius.lg, style: .continuous).stroke(style.stroke, lineWidth: 1))
Native/Ambitions/Features/Goals/GoalLifePathSignaturePrimitives.swift:226:        VStack(spacing: 5) {
Native/Ambitions/Features/Goals/GoalLifePathSignaturePrimitives.swift:250:        let activeCards = overview.bands.first(where: { $0.kind == .activeDirection })?.cards ?? []
Native/Ambitions/Features/Goals/GoalLifePathSignaturePrimitives.swift:251:        let pressureCards = overview.bands.first(where: { $0.kind == .pressure })?.cards ?? []
Native/Ambitions/Features/Goals/GoalLifePathSignaturePrimitives.swift:252:        let recentCards = overview.bands.first(where: { $0.kind == .recentMovement })?.cards ?? []
Native/Ambitions/Features/Goals/GoalLifePathSignaturePrimitives.swift:253:        let primary = activeCards.first ?? overview.bands.flatMap(\.cards).first
Native/Ambitions/Features/Goals/GoalLifePathSignaturePrimitives.swift:254:        let risk = pressureCards.first
Native/Ambitions/Features/Goals/GoalLifePathSignaturePrimitives.swift:255:        let proofCard = activeCards.first(where: { $0.proofSummary.count > 0 }) ?? primary
Native/Ambitions/Features/Goals/GoalLifePathSignaturePrimitives.swift:287:        if let proofCard, proofCard.proofSummary.count > 0 {
Native/Ambitions/Features/Goals/GoalLifePathSignaturePrimitives.swift:293:                    title: "\(proofCard.proofSummary.count) proof \(proofCard.proofSummary.count == 1 ? "signal" : "signals")",
Native/Ambitions/Features/Goals/GoalLifePathSignaturePrimitives.swift:294:                    detail: privacySensitive ? "Proof detail hidden." : proofCard.proofSummary.latestTitle ?? proofCard.proofSummary.detail,
Native/Ambitions/Features/Goals/GoalLifePathSignaturePrimitives.swift:295:                    focusDetail: privacySensitive ? "Proof exists, but private evidence text is hidden." : proofCard.proofSummary.detail,
Native/Ambitions/Features/Goals/GoalLifePathSignaturePrimitives.swift:333:        let routeCandidates = Array(pressureCards.dropFirst()) + Array(recentCards.prefix(2))
Native/Ambitions/Features/Goals/GoalLifePathSignaturePrimitives.swift:399:        .background(LivingSurfaceBackground(context: .goals, state: .active, intensity: 0.72))
Native/Ambitions/Features/Goals/GoalLifePathSignaturePrimitives.swift:406:        .background(LivingSurfaceBackground(context: .goals, state: .active, intensity: 0.72))
Native/Ambitions/Features/Goals/GoalLifePathSignaturePrimitives.swift:413:        .background(LivingSurfaceBackground(context: .goals, state: .active, intensity: 0.72))
Native/Ambitions/Features/Goals/GoalLifePathSignaturePrimitives.swift:420:        .background(LivingSurfaceBackground(context: .goals, state: .pressured, intensity: 0.72))
Native/Ambitions/Features/Goals/GoalLifePathSignaturePrimitives.swift:427:        .background(LivingSurfaceBackground(context: .goals, state: .active, intensity: 0.72))
Native/Ambitions/Features/Goals/GoalLifePathSignaturePrimitives.swift:434:        .background(LivingSurfaceBackground(context: .goals, state: .active, intensity: 0.72))
Native/Ambitions/Features/Goals/GoalLifePathSignaturePrimitives.swift:441:        .background(LivingSurfaceBackground(context: .goals, state: .active, intensity: 0.72))
Native/Ambitions/Features/Goals/GoalLifePathSignaturePrimitives.swift:449:        .background(LivingSurfaceBackground(context: .goals, state: .active, intensity: 0.72))
AppUI/Sources/WidgetPreviews.swift:16:        chrome: WidgetChromeStyle = .appCard,
AppUI/Sources/WidgetPreviews.swift:42:    static let loading = Self(snapshot: .init(metadata: WidgetFixtures.metadata(family: .focusNow, priority: .hero, chrome: .heroCard), state: .loading))
AppUI/Sources/WidgetPreviews.swift:43:    static let empty = Self(snapshot: .init(metadata: WidgetFixtures.metadata(family: .focusNow, priority: .hero, chrome: .heroCard), state: .empty(.init(title: "No focus card", message: "Once the day is clear enough, the top block can become one main action.", icon: "scope", actionTitle: "Make it smaller"))))
AppUI/Sources/WidgetPreviews.swift:44:    static let ready = Self(snapshot: .init(metadata: WidgetFixtures.metadata(family: .focusNow, priority: .hero, chrome: .heroCard), state: .ready(.init(headline: "Draft the Today feed contracts", subtitle: "Do this next for the current session.", reason: "This unblocks every downstream widget family and keeps visual logic out of business orchestration.", duration: "35 min", energyLabel: "Fit", progress: 0.82, supportSteps: ["Define shared widget action payloads", "Reuse WidgetCard and HeroCard surfaces", "Add preview fixtures before persistence"], actions: [.init(kind: .complete, title: "Mark done", icon: "checkmark.circle.fill", state: .success), .init(kind: .askWhyThisMatters, title: "Why it matters", icon: "questionmark.circle"), .init(kind: .askForSmallerStep, title: "Smaller step", icon: "arrow.down.circle")]))))
AppUI/Sources/WidgetPreviews.swift:45:    static let expanded = Self(snapshot: .init(metadata: WidgetFixtures.metadata(family: .focusNow, variant: .expanded, priority: .hero, chrome: .heroCard), state: ready.snapshot.state))
AppUI/Sources/WidgetPreviews.swift:49:    static let loading = Self(snapshot: .init(metadata: WidgetFixtures.metadata(family: .freeTime, chrome: .widgetCard), state: .loading))
AppUI/Sources/WidgetPreviews.swift:50:    static let empty = Self(snapshot: .init(metadata: WidgetFixtures.metadata(family: .freeTime, chrome: .widgetCard), state: .empty(.init(title: "No free-time suggestion", message: "Leave this calm and optional until scheduling signals are clear.", icon: "clock.badge.questionmark", actionTitle: "Open day"))))
AppUI/Sources/WidgetPreviews.swift:51:    static let ready = Self(snapshot: .init(metadata: WidgetFixtures.metadata(family: .freeTime, chrome: .widgetCard), state: .ready(.init(title: "Free time", subtitle: "A small open window appeared after lunch.", availableWindow: "26 min", suggestionTitle: "Outline one smaller step", suggestionDetail: "Use the gap for a low-friction planning pass instead of deep work.", actions: [.init(kind: .quickLog, title: "Quick log", icon: "plus.circle"), .init(kind: .skip, title: "Skip", icon: "forward.fill", state: .warning)]))))
AppUI/Sources/WidgetPreviews.swift:54:public extension GoalsListWidgetViewModel {
AppUI/Sources/WidgetPreviews.swift:55:    static let loading = Self(snapshot: .init(metadata: WidgetFixtures.metadata(family: .goalsList), state: .loading))
AppUI/Sources/WidgetPreviews.swift:56:    static let empty = Self(snapshot: .init(metadata: WidgetFixtures.metadata(family: .goalsList), state: .empty(.init(title: "No active goals", message: "This stays empty until intake and planner data are connected.", icon: "target", actionTitle: "Refine intake"))))
AppUI/Sources/WidgetPreviews.swift:57:    static let ready = Self(snapshot: .init(metadata: WidgetFixtures.metadata(family: .goalsList), state: .ready(.init(title: "Goal portfolio", subtitle: "Ordered for attention, not permanence.", goals: [.init(id: "g1", title: "Launch premium Today screen", subtitle: "UI architecture and interaction polish", progressLabel: "68%", statusLabel: "On track"), .init(id: "g2", title: "Stabilize goal orchestration", subtitle: "Improve planner handoff clarity", progressLabel: "42%", statusLabel: "Watching"), .init(id: "g3", title: "Reduce setup friction", subtitle: "You and settings cleanup", progressLabel: "31%", statusLabel: "Queued")], actions: [.init(kind: .refinePlan, title: "Refine", icon: "slider.horizontal.3"), .init(kind: .expand, title: "Expand", icon: "arrow.up.left.and.arrow.down.right")]))))
AppUI/Sources/WidgetPreviews.swift:58:    static let expanded = Self(snapshot: .init(metadata: WidgetFixtures.metadata(family: .goalsList, variant: .expanded, priority: .high), state: ready.snapshot.state))
AppUI/Sources/WidgetPreviews.swift:65:    static let expanded = Self(snapshot: .init(metadata: WidgetFixtures.metadata(family: .milestonePrompt, variant: .expanded, priority: .high, chrome: .heroCard), state: ready.snapshot.state))
AppUI/Sources/WidgetPreviews.swift:75:    static let loading = Self(snapshot: .init(metadata: WidgetFixtures.metadata(family: .streak, chrome: .widgetCard), state: .loading))
AppUI/Sources/WidgetPreviews.swift:76:    static let empty = Self(snapshot: .init(metadata: WidgetFixtures.metadata(family: .streak, chrome: .widgetCard), state: .empty(.init(title: "No rhythm yet", message: "This stays encouraging, not punitive, while Ambitions waits for enough evidence.", icon: "flame", actionTitle: "Quick log"))))
AppUI/Sources/WidgetPreviews.swift:77:    static let ready = Self(snapshot: .init(metadata: WidgetFixtures.metadata(family: .streak, chrome: .widgetCard), state: .ready(.init(title: "7 steady days", subtitle: "Cadence stayed stable despite schedule movement.", stats: [.init(id: "s1", title: "Current rhythm", value: "7", detail: "days", icon: "flame.fill", state: .celebration), .init(id: "s2", title: "Best rhythm", value: "11", detail: "days", icon: "trophy.fill", state: .success)], recoveryNote: "A lighter step tomorrow keeps momentum better than an all-or-nothing push.", actions: [.init(kind: .markHelpful, title: "Helpful", icon: "heart.fill", state: .celebration), .init(kind: .askForSmallerStep, title: "Smaller step", icon: "arrow.down.circle")]))))
AppUI/Sources/WidgetPreviews.swift:105:    static let loading = Self(snapshot: .init(metadata: WidgetFixtures.metadata(family: .celebration, priority: .hero, chrome: .heroCard), state: .loading))
AppUI/Sources/WidgetPreviews.swift:106:    static let empty = Self(snapshot: .init(metadata: WidgetFixtures.metadata(family: .celebration, priority: .hero, chrome: .heroCard), state: .empty(.init(title: "No celebration yet", message: "Only surface this when there is a real moment worth emphasizing.", icon: "sparkles", actionTitle: "Dismiss"))))
AppUI/Sources/WidgetPreviews.swift:107:    static let ready = Self(snapshot: .init(metadata: WidgetFixtures.metadata(family: .celebration, variant: .expanded, priority: .hero, chrome: .heroCard), state: .ready(.init(title: "Momentum is building", subtitle: "You closed the top focus step and kept the next one clear before the day drifted.", achievements: ["Finished the architecture layer", "Kept the daily rhythm", "Captured why the focus card worked"], actions: [.init(kind: .markHelpful, title: "Helpful", icon: "hand.thumbsup.fill", state: .celebration), .init(kind: .dismiss, title: "Dismiss", icon: "xmark.circle")]))))
AppUI/Sources/WidgetPreviews.swift:118:        ScrollView {
AppUI/Sources/WidgetPreviews.swift:126:                WidgetFeedItem(id: "goals-ready", priority: .high, variant: .expanded) { GoalsListWidget(viewModel: .expanded) },
AppUI/Sources/WidgetFoundation.swift:10:    case goalsList
AppUI/Sources/WidgetFoundation.swift:44:    case widgetCard
AppUI/Sources/WidgetFoundation.swift:45:    case appCard
AppUI/Sources/WidgetFoundation.swift:46:    case heroCard
AppUI/Sources/WidgetFoundation.swift:370:        LazyVStack(alignment: .leading, spacing: 0) {
AppUI/Sources/WidgetFoundation.swift:412:        case .widgetCard:
AppUI/Sources/WidgetFoundation.swift:413:            WidgetCard(state: state, accent: accent) { content }
AppUI/Sources/WidgetFoundation.swift:414:        case .appCard:
AppUI/Sources/WidgetFoundation.swift:415:            AppCard(state: state, accent: accent) { content }
AppUI/Sources/WidgetFoundation.swift:416:        case .heroCard:
AppUI/Sources/WidgetFoundation.swift:417:            HeroCard(state: state, accent: accent) { content }
AppUI/Sources/WidgetFamiliesSecondary.swift:49:            WidgetSurface(chrome: .appCard) {
AppUI/Sources/WidgetFamiliesSecondary.swift:50:                VStack(alignment: .leading, spacing: theme.spacing.md) {
AppUI/Sources/WidgetFamiliesSecondary.swift:117:                VStack(alignment: .leading, spacing: theme.spacing.md) {
AppUI/Sources/WidgetFamiliesSecondary.swift:120:                        TagPill(content.timeframeLabel, state: .selected)
AppUI/Sources/WidgetFamiliesSecondary.swift:175:            WidgetSurface(chrome: .appCard) {
AppUI/Sources/WidgetFamiliesSecondary.swift:176:                VStack(alignment: .leading, spacing: theme.spacing.md) {
AppUI/Sources/WidgetFamiliesSecondary.swift:179:                        WidgetListRow(
AppUI/Sources/WidgetFamiliesSecondary.swift:248:            WidgetSurface(chrome: .appCard) {
AppUI/Sources/WidgetFamiliesSecondary.swift:249:                VStack(alignment: .leading, spacing: theme.spacing.md) {
AppUI/Sources/WidgetFamiliesSecondary.swift:253:                                TagPill(badge)
AppUI/Sources/WidgetFamiliesSecondary.swift:307:            WidgetSurface(chrome: .heroCard, state: .celebration, accent: theme.colors.celebration) {
AppUI/Sources/WidgetFamiliesSecondary.swift:308:                VStack(alignment: .leading, spacing: theme.spacing.md) {
AppUI/Sources/WidgetFamiliesSecondary.swift:310:                    CelebrationBanner(title: content.title, subtitle: content.subtitle)
AppUI/Sources/WidgetFamiliesSecondary.swift:312:                        WidgetListRow(title: achievement, subtitle: "Captured win", icon: "sparkle", badge: nil, tap: nil)
AppUI/Sources/WidgetFamiliesSecondary.swift:363:            WidgetSurface(chrome: .appCard) {
AppUI/Sources/WidgetFamiliesSecondary.swift:364:                VStack(alignment: .leading, spacing: theme.spacing.md) {
AppUI/Sources/WidgetFamiliesSecondary.swift:367:                        WidgetListRow(title: item.title, subtitle: item.subtitle, icon: item.icon, badge: item.valueLabel) {
Native/Ambitions/Features/Today/TodayPanels.swift:4:struct TodayExecutionHeroPanel: View {
Native/Ambitions/Features/Today/TodayPanels.swift:11:        HeroDecisionPanel(
Native/Ambitions/Features/Today/TodayPanels.swift:12:            AmbitionRichPanelConfiguration(
Native/Ambitions/Features/Today/TodayPanels.swift:27:            VStack(alignment: .leading, spacing: theme.spacing.sm) {
Native/Ambitions/Features/Today/TodayPanels.swift:44:                TodayOneStepGoalsStrip(state: state.oneStepGoalsPanel, onAction: onAction)
Native/Ambitions/Features/Today/TodayPanels.swift:60:struct TodayExecutionSupportPanels: View {
Native/Ambitions/Features/Today/TodayPanels.swift:67:        if state.supportingPanels.isEmpty { return AnyView(EmptyView()) }
Native/Ambitions/Features/Today/TodayPanels.swift:69:            VStack(alignment: .leading, spacing: theme.spacing.md) {
Native/Ambitions/Features/Today/TodayPanels.swift:70:                ForEach(state.supportingPanels) { panel in
Native/Ambitions/Features/Today/TodayPanels.swift:71:                    TodayExecutionPanel(panel: panel, onAction: onAction)
Native/Ambitions/Features/Today/TodayPanels.swift:80:    private func accessibilityID(for panel: TodayExecutionPanelState) -> String {
Native/Ambitions/Features/Today/TodayPanels.swift:115:            VStack(alignment: .leading, spacing: theme.spacing.md) {
Native/Ambitions/Features/Today/TodayPanels.swift:117:                    VStack(alignment: .leading, spacing: theme.spacing.sm) {
Native/Ambitions/Features/Today/TodayPanels.swift:124:                            TodayExecutionPanel(panel: panel, compact: true, onAction: onAction)
Native/Ambitions/Features/Today/TodayPanels.swift:128:                    .background(
Native/Ambitions/Features/Today/TodayPanels.swift:129:                        RoundedRectangle(cornerRadius: theme.radius.lg, style: .continuous)
Native/Ambitions/Features/Today/TodayPanels.swift:132:                    .overlay(
Native/Ambitions/Features/Today/TodayPanels.swift:133:                        RoundedRectangle(cornerRadius: theme.radius.lg, style: .continuous)
Native/Ambitions/Features/Today/TodayPanels.swift:150:        VStack(alignment: .leading, spacing: theme.spacing.sm) {
Native/Ambitions/Features/Today/TodayPanels.swift:156:                    .background(Circle().fill(theme.semanticStyle(for: .calendarDerived).fill))
Native/Ambitions/Features/Today/TodayPanels.swift:159:                VStack(alignment: .leading, spacing: theme.spacing.xxs) {
Native/Ambitions/Features/Today/TodayPanels.swift:164:                        AmbitionChip(state.calendarSourceLabel, role: .state, semanticState: .calendarDerived)
Native/Ambitions/Features/Today/TodayPanels.swift:184:                VStack(alignment: .leading, spacing: theme.spacing.xs) {
Native/Ambitions/Features/Today/TodayPanels.swift:200:        .background(
Native/Ambitions/Features/Today/TodayPanels.swift:201:            RoundedRectangle(cornerRadius: theme.radius.md, style: .continuous)
Native/Ambitions/Features/Today/TodayPanels.swift:204:        .overlay(
Native/Ambitions/Features/Today/TodayPanels.swift:205:            RoundedRectangle(cornerRadius: theme.radius.md, style: .continuous)
Native/Ambitions/Features/Today/TodayPanels.swift:261:    let state: TodayOneStepGoalsPanelState
Native/Ambitions/Features/Today/TodayPanels.swift:265:        VStack(alignment: .leading, spacing: theme.spacing.sm) {
Native/Ambitions/Features/Today/TodayPanels.swift:271:                    .background(Circle().fill(theme.semanticStyle(for: .focus).fill))
Native/Ambitions/Features/Today/TodayPanels.swift:274:                VStack(alignment: .leading, spacing: theme.spacing.xxxs) {
Native/Ambitions/Features/Today/TodayPanels.swift:279:                        AmbitionChip(state.value, role: .state, semanticState: state.previews.isEmpty ? .trust : .focus)
Native/Ambitions/Features/Today/TodayPanels.swift:295:                VStack(alignment: .leading, spacing: theme.spacing.xs) {
Native/Ambitions/Features/Today/TodayPanels.swift:303:        .background(
Native/Ambitions/Features/Today/TodayPanels.swift:304:            RoundedRectangle(cornerRadius: theme.radius.md, style: .continuous)
Native/Ambitions/Features/Today/TodayPanels.swift:307:        .overlay(
Native/Ambitions/Features/Today/TodayPanels.swift:308:            RoundedRectangle(cornerRadius: theme.radius.md, style: .continuous)
Native/Ambitions/Features/Today/TodayPanels.swift:345:            AmbitionChip(preview.statusLabel, role: .state, semanticState: preview.semanticState)
Native/Ambitions/Features/Today/TodayPanels.swift:374:                .background(
Native/Ambitions/Features/Today/TodayPanels.swift:378:                .overlay(
Native/Ambitions/Features/Today/TodayPanels.swift:408:            VStack(alignment: .leading, spacing: theme.spacing.xxs) {
Native/Ambitions/Features/Today/TodayPanels.swift:409:                AmbitionChip(state.dayState.rawValue, role: .state, semanticState: state.hero.semanticState)
Native/Ambitions/Features/Today/TodayPanels.swift:422:        .background(
Native/Ambitions/Features/Today/TodayPanels.swift:423:            RoundedRectangle(cornerRadius: theme.radius.lg, style: .continuous)
Native/Ambitions/Features/Today/TodayPanels.swift:426:        .overlay(
Native/Ambitions/Features/Today/TodayPanels.swift:427:            RoundedRectangle(cornerRadius: theme.radius.lg, style: .continuous)
Native/Ambitions/Features/Today/TodayPanels.swift:443:        VStack(alignment: .leading, spacing: theme.spacing.xs) {
Native/Ambitions/Features/Today/TodayPanels.swift:483:                .background(Circle().fill(theme.semanticStyle(for: entry.semanticState).fill))
Native/Ambitions/Features/Today/TodayPanels.swift:485:            VStack(alignment: .leading, spacing: theme.spacing.xxxs) {
Native/Ambitions/Features/Today/TodayPanels.swift:490:                    AmbitionChip(entry.value, role: .state, semanticState: entry.semanticState)
Native/Ambitions/Features/Today/TodayPanels.swift:501:        .background(
Native/Ambitions/Features/Today/TodayPanels.swift:502:            RoundedRectangle(cornerRadius: theme.radius.md, style: .continuous)
Native/Ambitions/Features/Today/TodayPanels.swift:505:        .overlay(
Native/Ambitions/Features/Today/TodayPanels.swift:506:            RoundedRectangle(cornerRadius: theme.radius.md, style: .continuous)
Native/Ambitions/Features/Today/TodayPanels.swift:542:                VStack(alignment: .leading, spacing: theme.spacing.xxxs) {
Native/Ambitions/Features/Today/TodayPanels.swift:557:            .background(
Native/Ambitions/Features/Today/TodayPanels.swift:558:                RoundedRectangle(cornerRadius: theme.radius.md, style: .continuous)
Native/Ambitions/Features/Today/TodayPanels.swift:561:            .overlay(
Native/Ambitions/Features/Today/TodayPanels.swift:562:                RoundedRectangle(cornerRadius: theme.radius.md, style: .continuous)
Native/Ambitions/Features/Today/TodayPanels.swift:584:                .background(Circle().fill(theme.semanticStyle(for: state.hero.semanticState).fill))
Native/Ambitions/Features/Today/TodayPanels.swift:585:                .overlay(Circle().stroke(theme.semanticStyle(for: state.hero.semanticState).stroke, lineWidth: 1))
Native/Ambitions/Features/Today/TodayPanels.swift:587:            VStack(alignment: .leading, spacing: theme.spacing.xxxs) {
Native/Ambitions/Features/Today/TodayPanels.swift:608:                        .overlay(Circle().stroke(theme.colors.strokeSubtle, lineWidth: 1))
Native/Ambitions/Features/Today/TodayPanels.swift:613:        .background(
Native/Ambitions/Features/Today/TodayPanels.swift:614:            RoundedRectangle(cornerRadius: theme.radius.md, style: .continuous)
Native/Ambitions/Features/Today/TodayPanels.swift:617:        .overlay(
Native/Ambitions/Features/Today/TodayPanels.swift:618:            RoundedRectangle(cornerRadius: theme.radius.md, style: .continuous)
Native/Ambitions/Features/Today/TodayPanels.swift:651:            VStack(alignment: .leading, spacing: theme.spacing.sm) {
Native/Ambitions/Features/Today/TodayPanels.swift:657:        .background(
Native/Ambitions/Features/Today/TodayPanels.swift:658:            RoundedRectangle(cornerRadius: theme.radius.lg, style: .continuous)
Native/Ambitions/Features/Today/TodayPanels.swift:661:        .overlay(
Native/Ambitions/Features/Today/TodayPanels.swift:662:            RoundedRectangle(cornerRadius: theme.radius.lg, style: .continuous)
Native/Ambitions/Features/Today/TodayPanels.swift:691:            runwaySegment("Next", active: state.supportingPanels.isEmpty == false)
Native/Ambitions/Features/Today/TodayPanels.swift:697:        VStack(alignment: .leading, spacing: theme.spacing.xxxs) {
Native/Ambitions/Features/Today/TodayPanels.swift:717:        VStack(alignment: .leading, spacing: theme.spacing.xxxs) {
Native/Ambitions/Features/Today/TodayPanels.swift:743:            VStack(alignment: .leading, spacing: theme.spacing.xxxs) {
Native/Ambitions/Features/Today/TodayPanels.swift:755:        .background(
Native/Ambitions/Features/Today/TodayPanels.swift:756:            RoundedRectangle(cornerRadius: theme.radius.md, style: .continuous)
Native/Ambitions/Features/Today/TodayPanels.swift:759:        .overlay(
Native/Ambitions/Features/Today/TodayPanels.swift:760:            RoundedRectangle(cornerRadius: theme.radius.md, style: .continuous)
Native/Ambitions/Features/Today/TodayPanels.swift:793:private struct TodayPanelVisual: View {
Native/Ambitions/Features/Today/TodayPanels.swift:796:    let panel: TodayExecutionPanelState
Native/Ambitions/Features/Today/TodayPanels.swift:829:        VStack(alignment: .leading, spacing: theme.spacing.xs) {
Native/Ambitions/Features/Today/TodayPanels.swift:832:                    RoundedRectangle(cornerRadius: 5, style: .continuous)
Native/Ambitions/Features/Today/TodayPanels.swift:845:            RoundedRectangle(cornerRadius: 6, style: .continuous)
Native/Ambitions/Features/Today/TodayPanels.swift:848:            RoundedRectangle(cornerRadius: 6, style: .continuous)
Native/Ambitions/Features/Today/TodayPanels.swift:857:                RoundedRectangle(cornerRadius: 8, style: .continuous)
Native/Ambitions/Features/Today/TodayPanels.swift:922:private struct TodayExecutionPanel: View {
Native/Ambitions/Features/Today/TodayPanels.swift:925:    let panel: TodayExecutionPanelState
Native/Ambitions/Features/Today/TodayPanels.swift:950:        panelContainer {
Native/Ambitions/Features/Today/TodayPanels.swift:951:            VStack(alignment: .leading, spacing: theme.spacing.sm) {
Native/Ambitions/Features/Today/TodayPanels.swift:953:                    VStack(alignment: .leading, spacing: theme.spacing.xxs) {
Native/Ambitions/Features/Today/TodayPanels.swift:964:                    AmbitionChip(panel.value, role: .state, semanticState: panel.semanticState)
Native/Ambitions/Features/Today/TodayPanels.swift:986:    private func panelContainer<Content: View>(@ViewBuilder content: () -> Content) -> some View {
Native/Ambitions/Features/Today/TodayPanels.swift:989:            CapturePanel(configuration, visualSlot: { TodayPanelVisual(panel: panel) }, contentSlot: content)
Native/Ambitions/Features/Today/TodayPanels.swift:991:            SchedulePanel(configuration, visualSlot: { TodayPanelVisual(panel: panel) }, contentSlot: content)
Native/Ambitions/Features/Today/TodayPanels.swift:993:            ProgressPanel(configuration, visualSlot: { TodayPanelVisual(panel: panel) }, contentSlot: content)
Native/Ambitions/Features/Today/TodayPanels.swift:995:            RecoveryPanel(configuration, visualSlot: { TodayPanelVisual(panel: panel) }, contentSlot: content)
Native/Ambitions/Features/Today/TodayPanels.swift:997:            ProgressPanel(configuration, visualSlot: { TodayPanelVisual(panel: panel) }, contentSlot: content)
Native/Ambitions/Features/Today/TodayPanels.swift:999:            InsightPanel(configuration, visualSlot: { TodayPanelVisual(panel: panel) }, contentSlot: content)
Native/Ambitions/Features/Today/TodayPanels.swift:1001:            ReviewPanel(configuration, visualSlot: { TodayPanelVisual(panel: panel) }, contentSlot: content)
Native/Ambitions/Features/Today/TodayPanels.swift:1005:    private var configuration: AmbitionRichPanelConfiguration {
Native/Ambitions/Features/Today/TodayPanels.swift:1006:        AmbitionRichPanelConfiguration(
Native/Ambitions/Features/Today/TodayPanels.swift:1019:private extension TodayExecutionPanelState {
Native/Ambitions/Features/Today/TodayPanels.swift:1020:    var richKind: AmbitionPanelKind {
Native/Ambitions/Features/Today/TodayPanels.swift:1038:private extension TodayExecutionPanelKind {
Native/Ambitions/Features/Today/TodayPanels.swift:1077:        HeroCard(state: hero.truth.posture.visualState, accent: accentColor) {
Native/Ambitions/Features/Today/TodayPanels.swift:1078:            VStack(alignment: .leading, spacing: theme.spacing.md) {
Native/Ambitions/Features/Today/TodayPanels.swift:1079:                VStack(alignment: .leading, spacing: theme.spacing.xs) {
Native/Ambitions/Features/Today/TodayPanels.swift:1092:                        TagPill(hero.truth.posture.label, state: hero.truth.posture.visualState)
Native/Ambitions/Features/Today/TodayPanels.swift:1102:                    AppCard(state: reentry.state) {
Native/Ambitions/Features/Today/TodayPanels.swift:1103:                        VStack(alignment: .leading, spacing: theme.spacing.xxs) {
Native/Ambitions/Features/Today/TodayPanels.swift:1120:                if hero.truth.contextPills.isEmpty == false {
Native/Ambitions/Features/Today/TodayPanels.swift:1121:                    ScrollView(.horizontal, showsIndicators: false) {
Native/Ambitions/Features/Today/TodayPanels.swift:1123:                            ForEach(hero.truth.contextPills) { pill in
Native/Ambitions/Features/Today/TodayPanels.swift:1124:                                TagPill(pill.title, icon: pill.icon, state: pill.state)
Native/Ambitions/Features/Today/TodayPanels.swift:1130:                VStack(alignment: .leading, spacing: theme.spacing.sm) {
Native/Ambitions/Features/Today/TodayPanels.swift:1152:                        VStack(alignment: .leading, spacing: theme.spacing.xxxs) {
Native/Ambitions/Features/Today/TodayPanels.swift:1162:                    .background(
Native/Ambitions/Features/Today/TodayPanels.swift:1163:                        RoundedRectangle(cornerRadius: theme.radius.md, style: .continuous)
Native/Ambitions/Features/Today/TodayPanels.swift:1166:                    .overlay(
Native/Ambitions/Features/Today/TodayPanels.swift:1167:                        RoundedRectangle(cornerRadius: theme.radius.md, style: .continuous)
Native/Ambitions/Features/Today/TodayPanels.swift:1177:                VStack(alignment: .leading, spacing: theme.spacing.xs) {
Native/Ambitions/Features/Today/TodayPanels.swift:1193:        .ambitionPanelAccessibility()
Native/Ambitions/Features/Today/TodayPanels.swift:1216:        AppCard {
Native/Ambitions/Features/Today/TodayPanels.swift:1217:            VStack(alignment: .leading, spacing: theme.spacing.lg) {
Native/Ambitions/Features/Today/TodayPanels.swift:1224:                        TodayActionChip(action: timeAction, handler: onAction)
Native/Ambitions/Features/Today/TodayPanels.swift:1266:        .ambitionPanelAccessibility()
Native/Ambitions/Features/Today/TodayPanels.swift:1278:        AppCard {
Native/Ambitions/Features/Today/TodayPanels.swift:1279:            VStack(alignment: .leading, spacing: theme.spacing.md) {
Native/Ambitions/Features/Today/TodayPanels.swift:1287:                    TodayActionChip(action: quickCaptureAction, handler: onAction)
Native/Ambitions/Features/Today/TodayPanels.swift:1291:                    VStack(alignment: .leading, spacing: theme.spacing.xs) {
Native/Ambitions/Features/Today/TodayPanels.swift:1308:        .ambitionPanelAccessibility()
Native/Ambitions/Features/Today/TodayPanels.swift:1317:        AppCard(state: message.state) {
Native/Ambitions/Features/Today/TodayPanels.swift:1318:            VStack(alignment: .leading, spacing: 10) {
Native/Ambitions/Features/Today/TodayPanels.swift:1327:        .ambitionPanelAccessibility()
Native/Ambitions/Features/Today/TodayPanels.swift:1329:        .transition(.ambitionPanel)
Native/Ambitions/Features/Today/TodayPanels.swift:1342:        VStack(alignment: .leading, spacing: theme.spacing.xxxs) {
Native/Ambitions/Features/Today/TodayPanels.swift:1357:        .background(
Native/Ambitions/Features/Today/TodayPanels.swift:1358:            RoundedRectangle(cornerRadius: theme.radius.md, style: .continuous)
Native/Ambitions/Features/Today/TodayPanels.swift:1361:        .overlay(
Native/Ambitions/Features/Today/TodayPanels.swift:1362:            RoundedRectangle(cornerRadius: theme.radius.md, style: .continuous)
Native/Ambitions/Features/Today/TodayPanels.swift:1379:        VStack(alignment: .leading, spacing: theme.spacing.sm) {
Native/Ambitions/Features/Today/TodayPanels.swift:1388:                        VStack(alignment: .leading, spacing: theme.spacing.xxxs) {
Native/Ambitions/Features/Today/TodayPanels.swift:1394:                            TagPill(item.label, state: item.state)
Native/Ambitions/Features/Today/TodayPanels.swift:1398:                            TodayActionChip(action: action, handler: onAction)
Native/Ambitions/Features/Today/TodayPanels.swift:1402:                    .background(
Native/Ambitions/Features/Today/TodayPanels.swift:1403:                        RoundedRectangle(cornerRadius: theme.radius.md, style: .continuous)
Native/Ambitions/Features/Today/TodayPanels.swift:1406:                    .overlay(
Native/Ambitions/Features/Today/TodayPanels.swift:1407:                        RoundedRectangle(cornerRadius: theme.radius.md, style: .continuous)
Native/Ambitions/Features/Today/TodayPanels.swift:1423:        VStack(alignment: .leading, spacing: theme.spacing.md) {
Native/Ambitions/Features/Today/TodayPanels.swift:1431:                VStack(alignment: .leading, spacing: theme.spacing.xxxs) {
Native/Ambitions/Features/Today/TodayPanels.swift:1440:                TagPill(state.pressure.label, state: state.pressure.state)
Native/Ambitions/Features/Today/TodayPanels.swift:1443:            VStack(alignment: .leading, spacing: theme.spacing.sm) {
Native/Ambitions/Features/Today/TodayPanels.swift:1454:                    TodayActionChip(action: action, handler: onAction)
Native/Ambitions/Features/Today/TodayPanels.swift:1458:            .background(
Native/Ambitions/Features/Today/TodayPanels.swift:1459:                RoundedRectangle(cornerRadius: theme.radius.md, style: .continuous)
Native/Ambitions/Features/Today/TodayPanels.swift:1462:            .overlay(
Native/Ambitions/Features/Today/TodayPanels.swift:1463:                RoundedRectangle(cornerRadius: theme.radius.md, style: .continuous)
Native/Ambitions/Features/Today/TodayPanels.swift:1474:                        VStack(alignment: .leading, spacing: theme.spacing.xxxs) {
Native/Ambitions/Features/Today/TodayPanels.swift:1479:                                TagPill(window.timingLabel, state: window.state)
Native/Ambitions/Features/Today/TodayPanels.swift:1487:                            TodayActionChip(action: action, handler: onAction)
Native/Ambitions/Features/Today/TodayPanels.swift:1491:                    .background(
Native/Ambitions/Features/Today/TodayPanels.swift:1492:                        RoundedRectangle(cornerRadius: theme.radius.md, style: .continuous)
Native/Ambitions/Features/Today/TodayPanels.swift:1495:                    .overlay(
Native/Ambitions/Features/Today/TodayPanels.swift:1496:                        RoundedRectangle(cornerRadius: theme.radius.md, style: .continuous)
Native/Ambitions/Features/Today/TodayPanels.swift:1504:                    VStack(alignment: .leading, spacing: theme.spacing.xxxs) {
Native/Ambitions/Features/Today/TodayPanels.swift:1517:                .background(
Native/Ambitions/Features/Today/TodayPanels.swift:1518:                    RoundedRectangle(cornerRadius: theme.radius.md, style: .continuous)
Native/Ambitions/Features/Today/TodayPanels.swift:1521:                .overlay(
Native/Ambitions/Features/Today/TodayPanels.swift:1522:                    RoundedRectangle(cornerRadius: theme.radius.md, style: .continuous)
Native/Ambitions/Features/Today/TodayPanels.swift:1548:            VStack(alignment: .leading, spacing: theme.spacing.xs) {
Native/Ambitions/Features/Today/TodayPanels.swift:1563:                    TodayActionChip(action: option.action, handler: onAction)
Native/Ambitions/Features/Today/TodayPanels.swift:1598:        VStack(alignment: .leading, spacing: theme.spacing.md) {
Native/Ambitions/Features/Today/TodayPanels.swift:1608:            VStack(alignment: .leading, spacing: theme.spacing.xs) {
Native/Ambitions/Features/Today/TodayPanels.swift:1623:            VStack(alignment: .leading, spacing: theme.spacing.xs) {
Native/Ambitions/Features/Today/TodayPanels.swift:1636:                    VStack(alignment: .leading, spacing: theme.spacing.xxxs) {
Native/Ambitions/Features/Today/TodayPanels.swift:1651:        .background(
Native/Ambitions/Features/Today/TodayPanels.swift:1652:            RoundedRectangle(cornerRadius: theme.radius.lg, style: .continuous)
Native/Ambitions/Features/Today/TodayPanels.swift:1655:        .overlay(
Native/Ambitions/Features/Today/TodayPanels.swift:1656:            RoundedRectangle(cornerRadius: theme.radius.lg, style: .continuous)
Native/Ambitions/Features/Today/TodayPanels.swift:1663:            VStack(alignment: .leading, spacing: theme.spacing.xxxs) {
Native/Ambitions/Features/Today/TodayPanels.swift:1684:        VStack(alignment: .leading, spacing: theme.spacing.sm) {
Native/Ambitions/Features/Today/TodayPanels.swift:1689:                        StatTile(title: metric.title, value: metric.value, detail: metric.detail, icon: metric.icon, state: metric.state)
Native/Ambitions/Features/Today/TodayPanels.swift:1714:                TodayActionChip(action: action, handler: handler)
Native/Ambitions/Features/Today/TodayPanels.swift:1752:struct TodayActionChip: View {
AppUI/Sources/WidgetFamiliesPrimary.swift:47:            WidgetSurface(chrome: .appCard) {
AppUI/Sources/WidgetFamiliesPrimary.swift:48:                VStack(alignment: .leading, spacing: 20) {
AppUI/Sources/WidgetFamiliesPrimary.swift:50:                    WidgetProgressList(items: content.targets)
AppUI/Sources/WidgetFamiliesPrimary.swift:117:            WidgetSurface(chrome: viewModel.variant == .expanded ? .heroCard : .appCard, state: .selected, accent: theme.colors.accentWarm) {
AppUI/Sources/WidgetFamiliesPrimary.swift:118:                VStack(alignment: .leading, spacing: 20) {
AppUI/Sources/WidgetFamiliesPrimary.swift:126:                        VStack(alignment: .leading, spacing: theme.spacing.xs) {
AppUI/Sources/WidgetFamiliesPrimary.swift:128:                                WidgetListRow(title: step, subtitle: "Supporting move", icon: "point.forward.to.point.capsulepath", badge: nil, tap: nil)
AppUI/Sources/WidgetFamiliesPrimary.swift:191:            WidgetSurface(chrome: .widgetCard) {
AppUI/Sources/WidgetFamiliesPrimary.swift:192:                VStack(alignment: .leading, spacing: 16) {
AppUI/Sources/WidgetFamiliesPrimary.swift:194:                    WidgetListRow(title: content.suggestionTitle, subtitle: content.suggestionDetail, icon: "clock.arrow.circlepath", badge: "Suggested", tap: makeWidgetAction(identity: identity, kind: .openDetail, handler: handler))
AppUI/Sources/WidgetFamiliesPrimary.swift:202:public struct GoalsListItem: Identifiable, Hashable, Sendable {
AppUI/Sources/WidgetFamiliesPrimary.swift:218:public struct GoalsListContent: Sendable {
AppUI/Sources/WidgetFamiliesPrimary.swift:221:    public let goals: [GoalsListItem]
AppUI/Sources/WidgetFamiliesPrimary.swift:224:    public init(title: String, subtitle: String, goals: [GoalsListItem], actions: [WidgetInlineActionDescriptor]) {
AppUI/Sources/WidgetFamiliesPrimary.swift:232:public struct GoalsListWidgetViewModel: AmbitionsWidgetViewModeling {
AppUI/Sources/WidgetFamiliesPrimary.swift:233:    public let snapshot: WidgetSnapshot<GoalsListContent>
AppUI/Sources/WidgetFamiliesPrimary.swift:234:    public init(snapshot: WidgetSnapshot<GoalsListContent>) { self.snapshot = snapshot }
AppUI/Sources/WidgetFamiliesPrimary.swift:237:public struct GoalsListWidget: View {
AppUI/Sources/WidgetFamiliesPrimary.swift:240:    private let viewModel: GoalsListWidgetViewModel
AppUI/Sources/WidgetFamiliesPrimary.swift:243:    public init(viewModel: GoalsListWidgetViewModel, onAction: WidgetActionHandler? = nil) {
AppUI/Sources/WidgetFamiliesPrimary.swift:260:            WidgetSurface(chrome: .appCard) {
AppUI/Sources/WidgetFamiliesPrimary.swift:261:                VStack(alignment: .leading, spacing: theme.spacing.md) {
AppUI/Sources/WidgetFamiliesPrimary.swift:264:                        VStack(alignment: .leading, spacing: theme.spacing.xxs) {
AppUI/Sources/WidgetFamiliesPrimary.swift:265:                            WidgetListRow(title: goal.title, subtitle: goal.subtitle, icon: "scope", badge: goal.progressLabel) {
AppUI/Sources/WidgetFamiliesPrimary.swift:268:                            TagPill(goal.statusLabel, state: .selected)
AppUI/Sources/WidgetFamiliesPrimary.swift:322:            WidgetSurface(chrome: viewModel.variant == .expanded ? .heroCard : .appCard, state: .success) {
AppUI/Sources/WidgetFamiliesPrimary.swift:323:                VStack(alignment: .leading, spacing: theme.spacing.md) {
AppUI/Sources/WidgetFamiliesPrimary.swift:325:                    CelebrationBanner(title: "Momentum cue", subtitle: content.prompt, icon: "flag.checkered")
AppUI/Sources/WidgetFamiliesPrimary.swift:383:            WidgetSurface(chrome: .appCard) {
AppUI/Sources/WidgetFamiliesPrimary.swift:384:                VStack(alignment: .leading, spacing: theme.spacing.md) {
AppUI/Sources/WidgetFamiliesPrimary.swift:387:                    WidgetProgressList(items: content.habits)
AppUI/Sources/WidgetFamiliesPrimary.swift:439:            WidgetSurface(chrome: .widgetCard, state: .celebration) {
AppUI/Sources/WidgetFamiliesPrimary.swift:440:                VStack(alignment: .leading, spacing: theme.spacing.md) {
Native/Ambitions/Features/Today/TodayScreen.swift:441:        VStack(alignment: .leading, spacing: theme.spacing.md) {
Native/Ambitions/Features/Today/TodayScreen.swift:467:    .appContainer(PreviewAppContainerFactory.preview(todayExperience: PreviewTodayScenarios.stable))
Native/Ambitions/Features/Today/TodayScreen.swift:475:    .appContainer(PreviewAppContainerFactory.preview(todayExperience: PreviewTodayScenarios.overloaded))
Native/Ambitions/Features/Today/TodayDayRailPanels.swift:82:                VStack(alignment: .leading, spacing: 0) {
Native/Ambitions/Features/Today/TodayDayRailPanels.swift:91:                        VStack(alignment: .leading, spacing: dynamicTypeSize.isAccessibilitySize ? theme.spacing.lg : theme.spacing.xl) {
Native/Ambitions/Features/Today/TodayDayRailPanels.swift:103:                                upNextList
Native/Ambitions/Features/Today/TodayDayRailPanels.swift:192:            VStack {
Native/Ambitions/Features/Today/TodayDayRailPanels.swift:234:            VStack(alignment: .leading, spacing: theme.spacing.xxxs) {
Native/Ambitions/Features/Today/TodayDayRailPanels.swift:290:                VStack(spacing: 0) {
Native/Ambitions/Features/Today/TodayDayRailPanels.swift:314:        VStack(spacing: 0) {
Native/Ambitions/Features/Today/TodayDayRailPanels.swift:366:            VStack(alignment: .trailing, spacing: 1) {
Native/Ambitions/Features/Today/TodayDayRailPanels.swift:413:        VStack(alignment: .leading, spacing: theme.spacing.md) {
Native/Ambitions/Features/Today/TodayDayRailPanels.swift:502:            .background(
Native/Ambitions/Features/Today/TodayDayRailPanels.swift:514:                    .shadow(color: theme.colors.accentWarm.opacity(dynamicTypeSize.isAccessibilitySize ? 0.16 : 0.34), radius: 16, x: 0, y: 9)
Native/Ambitions/Features/Today/TodayDayRailPanels.swift:522:        VStack(alignment: .leading, spacing: theme.spacing.md) {
Native/Ambitions/Features/Today/TodayDayRailPanels.swift:554:                .background(
Native/Ambitions/Features/Today/TodayDayRailPanels.swift:564:        .shadow(color: reduceMotion ? .clear : theme.colors.accentWarm.opacity(0.22), radius: 8, x: 0, y: 0)
Native/Ambitions/Features/Today/TodayDayRailPanels.swift:568:    private var upNextList: some View {
Native/Ambitions/Features/Today/TodayDayRailPanels.swift:569:        VStack(alignment: .leading, spacing: theme.spacing.sm) {
Native/Ambitions/Features/Today/TodayDayRailPanels.swift:621:            VStack(spacing: 0) {
Native/Ambitions/Features/Today/TodayDayRailPanels.swift:640:            VStack(alignment: .leading, spacing: theme.spacing.xxxs) {
Native/Ambitions/Features/Today/TodayDayRailPanels.swift:661:            VStack(alignment: .leading, spacing: theme.spacing.xxxs) {
Native/Ambitions/Features/Today/TodayDayRailPanels.swift:679:        .overlay(alignment: .top) {
Native/Ambitions/Features/Today/TodayDayRailPanels.swift:692:                VStack(alignment: .leading, spacing: theme.spacing.xxs) {
Native/Ambitions/Features/Today/TodayDayRailPanels.swift:698:                VStack(alignment: .leading, spacing: theme.spacing.xxs) {
Native/Ambitions/Features/Today/TodayExecutionProjector.swift:19:        let activeLens = lensChip(input.nowState.activeContextLens, active: true)
Native/Ambitions/Features/Today/TodayExecutionProjector.swift:20:        let lenses = input.nowState.availableContextLenses.map { lensChip($0, active: $0 == input.nowState.activeContextLens) }
Native/Ambitions/Features/Today/TodayExecutionProjector.swift:25:        let oneStepGoals = oneStepGoalsPanel(input)
Native/Ambitions/Features/Today/TodayExecutionProjector.swift:27:        let support = supportingPanels(input)
Native/Ambitions/Features/Today/TodayExecutionProjector.swift:87:            oneStepGoalsPanel: oneStepGoals,
Native/Ambitions/Features/Today/TodayExecutionProjector.swift:88:            supportingPanels: [friction] + Array(support.filter { $0.id != friction.id }.prefix(1)),
Native/Ambitions/Features/Today/TodayExecutionProjector.swift:108:        friction: TodayExecutionPanelState
Native/Ambitions/Features/Today/TodayExecutionProjector.swift:224:    func dayRailMode(_ input: TodayExecutionProjectionInput, hero: TodayExecutionHeroState, friction: TodayExecutionPanelState) -> DayRailMode {
Native/Ambitions/Features/Today/TodayExecutionProjector.swift:524:    func frictionSignal(_ input: TodayExecutionProjectionInput) -> TodayExecutionPanelState {
Native/Ambitions/Features/Today/TodayExecutionProjector.swift:526:            return TodayExecutionPanelState(
Native/Ambitions/Features/Today/TodayExecutionProjector.swift:538:            return TodayExecutionPanelState(
Native/Ambitions/Features/Today/TodayExecutionProjector.swift:550:            return TodayExecutionPanelState(
Native/Ambitions/Features/Today/TodayExecutionProjector.swift:562:            return TodayExecutionPanelState(
Native/Ambitions/Features/Today/TodayExecutionProjector.swift:573:        return TodayExecutionPanelState(
Native/Ambitions/Features/Today/TodayExecutionProjector.swift:672:    func oneStepGoalsPanel(_ input: TodayExecutionProjectionInput) -> TodayOneStepGoalsPanelState {
Native/Ambitions/Features/Today/TodayExecutionProjector.swift:693:        return TodayOneStepGoalsPanelState(
Native/Ambitions/Features/Today/TodayExecutionProjector.swift:753:    func supportingPanels(_ input: TodayExecutionProjectionInput) -> [TodayExecutionPanelState] {
Native/Ambitions/Features/Today/TodayExecutionProjector.swift:754:        var panels: [TodayExecutionPanelState] = []
Native/Ambitions/Features/Today/TodayExecutionProjector.swift:757:                TodayExecutionPanelState(
Native/Ambitions/Features/Today/TodayExecutionProjector.swift:769:        panels.append(capturePanel(input))
Native/Ambitions/Features/Today/TodayExecutionProjector.swift:770:        panels.append(timePanel(input))
Native/Ambitions/Features/Today/TodayExecutionProjector.swift:772:            panels.append(priorityPanel(input))
Native/Ambitions/Features/Today/TodayExecutionProjector.swift:779:            priorityPanel(input),
Native/Ambitions/Features/Today/TodayExecutionProjector.swift:780:            waitingPanel(input),
Native/Ambitions/Features/Today/TodayExecutionProjector.swift:782:        let recoveryRows = recoveryDetailPanels(input)
Native/Ambitions/Features/Today/TodayExecutionProjector.swift:789:    func capturePanel(_ input: TodayExecutionProjectionInput) -> TodayExecutionPanelState {
Native/Ambitions/Features/Today/TodayExecutionProjector.swift:791:        return TodayExecutionPanelState(
Native/Ambitions/Features/Today/TodayExecutionProjector.swift:803:    func timePanel(_ input: TodayExecutionProjectionInput) -> TodayExecutionPanelState {
Native/Ambitions/Features/Today/TodayExecutionProjector.swift:808:        return TodayExecutionPanelState(
Native/Ambitions/Features/Today/TodayExecutionProjector.swift:855:    func priorityPanel(_ input: TodayExecutionProjectionInput) -> TodayExecutionPanelState {
Native/Ambitions/Features/Today/TodayExecutionProjector.swift:858:        return TodayExecutionPanelState(
Native/Ambitions/Features/Today/TodayExecutionProjector.swift:870:    func waitingPanel(_ input: TodayExecutionProjectionInput) -> TodayExecutionPanelState {
Native/Ambitions/Features/Today/TodayExecutionProjector.swift:871:        TodayExecutionPanelState(
Native/Ambitions/Features/Today/TodayExecutionProjector.swift:883:    func recoveryDetailPanels(_ input: TodayExecutionProjectionInput) -> [TodayExecutionPanelState] {
Native/Ambitions/Features/Today/TodayExecutionProjector.swift:885:            TodayExecutionPanelState(id: "today2.protected.\($0.id)", kind: .recovery, title: "Kept in view", subtitle: $0.summary.todayShortSentence, value: $0.title.shortened(maxLength: 24), semanticState: .protected, action: openTimeAction(), explanation: nil)
Native/Ambitions/Features/Today/TodayExecutionProjector.swift:889:                TodayExecutionPanelState(
Native/Ambitions/Features/Today/TodayExecutionProjector.swift:902:            TodayExecutionPanelState(id: "today2.passive.\($0.id)", kind: .priority, title: "Can wait", subtitle: $0.summary.todayShortSentence, value: $0.title.shortened(maxLength: 24), semanticState: .trust, action: nil, explanation: nil)
Native/Ambitions/Features/Today/TodayExecutionProjector.swift:905:            TodayExecutionPanelState(id: "today2.waiting.\($0.id)", kind: .waiting, title: "Waiting", subtitle: $0.summary.todayShortSentence, value: $0.title.shortened(maxLength: 24), semanticState: .waiting, action: nil, explanation: nil)
Native/Ambitions/Features/Today/TodayExecutionProjector.swift:910:    func emptyGuidance(_ input: TodayExecutionProjectionInput) -> TodayExecutionPanelState {
Native/Ambitions/Features/Today/TodayExecutionProjector.swift:911:        TodayExecutionPanelState(
Native/Ambitions/Features/Today/TodayExecutionProjector.swift:1002:    func lensChip(_ lens: NowContextLens, active: Bool) -> TodayLensChipState {
Native/Ambitions/Features/Today/TodayExecutionProjector.swift:1003:        TodayLensChipState(id: "lens.\(lens.rawValue)", title: lens.displayTitle, icon: lens.icon, state: active ? .selected : .default, isActive: active)
Native/Ambitions/App/AppShellView.swift:175:        VStack(spacing: 0) {
Native/Ambitions/App/AppShellView.swift:179:        .background(headerMaterial)
Native/Ambitions/App/AppShellView.swift:180:        .shadow(color: headerShadowColor, radius: headerShadowRadius, x: 0, y: 6)
Native/Ambitions/App/AppShellView.swift:202:        .background(headerMaterial)
Native/Ambitions/App/AppShellView.swift:213:                    .background(Circle().fill(theme.colors.surfaceOverlay))
Native/Ambitions/App/AppShellView.swift:214:                    .overlay(Circle().stroke(theme.colors.strokeSubtle, lineWidth: 1))
Native/Ambitions/App/AppShellView.swift:389:    @Environment(\.appContainer) private var appContainer
Native/Ambitions/App/AppShellView.swift:408:        VStack(alignment: .leading, spacing: theme.spacing.lg) {
Native/Ambitions/App/AppShellView.swift:416:        .background(theme.colors.canvas)
Native/Ambitions/App/AppShellView.swift:434:            VStack(alignment: .leading, spacing: theme.spacing.xs) {
Native/Ambitions/App/AppShellView.swift:448:                .accessibilityIdentifier("shell.overlay.close-button")
Native/Ambitions/App/AppShellView.swift:473:        VStack(alignment: .leading, spacing: theme.spacing.md) {
Native/Ambitions/App/AppShellView.swift:480:                .background(
Native/Ambitions/App/AppShellView.swift:481:                    RoundedRectangle(cornerRadius: theme.radius.md, style: .continuous)
Native/Ambitions/App/AppShellView.swift:484:                .overlay(
Native/Ambitions/App/AppShellView.swift:485:                    RoundedRectangle(cornerRadius: theme.radius.md, style: .continuous)
Native/Ambitions/App/AppShellView.swift:488:                .accessibilityIdentifier("shell.overlay.quick-capture-field")
Native/Ambitions/App/AppShellView.swift:498:                .accessibilityIdentifier("shell.overlay.save-capture-button")
Native/Ambitions/App/AppShellView.swift:502:                    appContainer?.commandRouter.presentCreateGoal(source: overlay.entrySource, seedText: captureText, captureID: overlay.captureID)
Native/Ambitions/App/AppShellView.swift:529:        VStack(alignment: .leading, spacing: theme.spacing.md) {
Native/Ambitions/App/AppShellView.swift:536:                appContainer?.commandRouter.presentCreateGoal(source: overlay.entrySource, seedText: overlay.query, captureID: overlay.captureID)
Native/Ambitions/App/AppShellView.swift:550:        VStack(alignment: .leading, spacing: theme.spacing.md) {
Native/Ambitions/App/AppShellView.swift:557:                appContainer?.navigation.selectToday(entryContext: .standard)
Native/Ambitions/App/AppShellView.swift:564:        VStack(alignment: .leading, spacing: theme.spacing.md) {
Native/Ambitions/App/AppShellView.swift:571:                appContainer?.navigation.selectToday(entryContext: .stepSession)
Native/Ambitions/App/AppShellView.swift:578:        VStack(alignment: .leading, spacing: theme.spacing.md) {
Native/Ambitions/App/AppShellView.swift:585:                appContainer?.commandRouter.route(to: .tab(.time), source: overlay.entrySource)
Native/Ambitions/App/AppShellView.swift:592:        VStack(alignment: .leading, spacing: theme.spacing.md) {
Native/Ambitions/App/AppShellView.swift:601:                appContainer?.commandRouter.presentCreateGoal(source: overlay.entrySource)
Native/Ambitions/App/AppShellView.swift:659:        guard let appContainer else { return }
Native/Ambitions/App/AppShellView.swift:664:            _ = try await appContainer.captureService.createCapture(
Native/Ambitions/App/AppShellView.swift:677:    @Environment(\.appContainer) private var appContainer
Native/Ambitions/App/AppShellView.swift:702:        VStack(alignment: .leading, spacing: theme.spacing.sm) {
Native/Ambitions/App/AppShellView.swift:705:            ScrollView(.vertical, showsIndicators: false) {
Native/Ambitions/App/AppShellView.swift:706:                VStack(alignment: .leading, spacing: theme.spacing.sm) {
Native/Ambitions/App/AppShellView.swift:720:        .background(theme.shell.receiptMaterial)
Native/Ambitions/App/AppShellView.swift:721:        .overlay(
Native/Ambitions/App/AppShellView.swift:722:            RoundedRectangle(cornerRadius: theme.radius.lg, style: .continuous)
Native/Ambitions/App/AppShellView.swift:725:        .clipShape(RoundedRectangle(cornerRadius: theme.radius.lg, style: .continuous))
Native/Ambitions/App/AppShellView.swift:726:        .shadow(color: theme.depth.overlay.color, radius: theme.depth.overlay.radius, x: theme.depth.overlay.x, y: theme.depth.overlay.y)
Native/Ambitions/App/AppShellView.swift:744:            VStack(alignment: .leading, spacing: theme.spacing.xxxs) {
Native/Ambitions/App/AppShellView.swift:770:            VStack(alignment: .leading, spacing: theme.spacing.sm) {
Native/Ambitions/App/AppShellView.swift:796:            .background(
Native/Ambitions/App/AppShellView.swift:797:                RoundedRectangle(cornerRadius: theme.radius.md, style: .continuous)
Native/Ambitions/App/AppShellView.swift:800:            .overlay(
Native/Ambitions/App/AppShellView.swift:801:                RoundedRectangle(cornerRadius: theme.radius.md, style: .continuous)
Native/Ambitions/App/AppShellView.swift:812:                VStack(alignment: .leading, spacing: theme.spacing.xs) {
Native/Ambitions/App/AppShellView.swift:978:            VStack(alignment: .leading, spacing: theme.spacing.xs) {
Native/Ambitions/App/AppShellView.swift:1027:            VStack(alignment: .leading, spacing: theme.spacing.xs) {
Native/Ambitions/App/AppShellView.swift:1349:        guard let appContainer else { return }
Native/Ambitions/App/AppShellView.swift:1355:            _ = try await appContainer.captureService.createCapture(
Native/Ambitions/Features/Today/TodayDayRailCurrentTimeFusion.swift:17:        VStack(alignment: .leading, spacing: 0) {
Native/Ambitions/Features/Today/TodayDayRailCurrentTimeFusion.swift:23:            content.overlay(alignment: .topLeading) {
Native/Ambitions/Features/Today/TodayDayRailCurrentTimeFusion.swift:35:        .background(fusedSurfaceMaterial)
Native/Ambitions/Features/Today/TodayDayRailCurrentTimeFusion.swift:36:        .clipShape(RoundedRectangle(cornerRadius: surfaceTheme.radius.xl, style: .continuous))
Native/Ambitions/Features/Today/TodayDayRailCurrentTimeFusion.swift:37:        .overlay(
Native/Ambitions/Features/Today/TodayDayRailCurrentTimeFusion.swift:38:            RoundedRectangle(cornerRadius: surfaceTheme.radius.xl, style: .continuous)
Native/Ambitions/Features/Today/TodayDayRailCurrentTimeFusion.swift:41:        .shadow(color: Color.black.opacity(0.42), radius: 28, x: 0, y: 18)
Native/Ambitions/Features/Today/TodayFeatureModels.swift:214:struct TodayPillState: Identifiable, Hashable, Sendable {
Native/Ambitions/Features/Today/TodayFeatureModels.swift:243:    let contextPills: [TodayPillState]
Native/Ambitions/Features/Today/TodayFeatureModels.swift:346:    let contextPills: [TodayPillState]
Native/Ambitions/Features/Today/TodayFeatureModels.swift:438:struct TodayEmptyPanelState: Sendable {
Native/Ambitions/Features/Today/TodayFeatureModels.swift:449:    case empty(TodayEmptyPanelState)
Native/Ambitions/Features/Today/TodayExecutionViewState.swift:10:enum TodayExecutionPanelKind: String, Equatable {
Native/Ambitions/Features/Today/TodayExecutionViewState.swift:43:struct TodayLensChipState: Identifiable, Equatable {
Native/Ambitions/Features/Today/TodayExecutionViewState.swift:95:struct TodayExecutionPanelState: Identifiable, Equatable {
Native/Ambitions/Features/Today/TodayExecutionViewState.swift:97:    let kind: TodayExecutionPanelKind
Native/Ambitions/Features/Today/TodayExecutionViewState.swift:109:    let rows: [TodayExecutionPanelState]
Native/Ambitions/Features/Today/TodayExecutionViewState.swift:146:struct TodayOneStepGoalsPanelState: Equatable {
Native/Ambitions/Features/Today/TodayExecutionViewState.swift:160:    let activeLens: TodayLensChipState
Native/Ambitions/Features/Today/TodayExecutionViewState.swift:161:    let availableLenses: [TodayLensChipState]
Native/Ambitions/Features/Today/TodayExecutionViewState.swift:172:    let frictionSignal: TodayExecutionPanelState
Native/Ambitions/Features/Today/TodayExecutionViewState.swift:175:    let oneStepGoalsPanel: TodayOneStepGoalsPanelState
Native/Ambitions/Features/Today/TodayExecutionViewState.swift:176:    let supportingPanels: [TodayExecutionPanelState]
Native/Ambitions/Features/Today/TodayExecutionViewState.swift:180:    let emptyGuidance: TodayExecutionPanelState?
Native/Ambitions/App/AppBootstrapper.swift:11:        case ready(AppContainer)
Native/Ambitions/App/AppBootstrapper.swift:42:            let container = try await AppContainerFactory.make(configuration: resolvedConfiguration)
Native/Ambitions/App/AppBootstrapper.swift:187:    private func applyDebugLaunchOverridesIfNeeded(to container: AppContainer) {
Native/Ambitions/App/AppBootstrapper.swift:202:    private func flushPendingDeepLinks(using container: AppContainer) {
Native/Ambitions/App/AppBootstrapper.swift:211:    private func importPendingExternalCreations(using container: AppContainer) async {
Native/Ambitions/App/AppBootstrapper.swift:231:    private func reconcileMaintenance(using container: AppContainer, now: Date) async {
Native/Ambitions/Features/Today/TodayRealityMeridianRows.swift:14:        VStack(alignment: .leading, spacing: theme.spacing.xs) {
Native/Ambitions/Features/Today/TodayRealityMeridianRows.swift:62:                VStack(alignment: .leading, spacing: theme.spacing.xxs) {
Native/Ambitions/Features/Today/TodayRealityMeridianRows.swift:67:                        AmbitionChip(row.duration.label, role: .time, semanticState: .calendarDerived)
Native/Ambitions/Features/Today/TodayRealityMeridianRows.swift:88:            .background(
Native/Ambitions/Features/Today/TodayRealityMeridianRows.swift:89:                RoundedRectangle(cornerRadius: theme.radius.md, style: .continuous)
Native/Ambitions/Features/Today/TodayRealityMeridianRows.swift:92:            .overlay(
Native/Ambitions/Features/Today/TodayRealityMeridianRows.swift:93:                RoundedRectangle(cornerRadius: theme.radius.md, style: .continuous)
Native/Ambitions/Features/Today/TodayRealityMeridianRows.swift:139:            VStack(alignment: .leading, spacing: theme.spacing.xs) {
Native/Ambitions/Features/Today/TodayRealityMeridianRows.swift:156:        .background(
Native/Ambitions/Features/Today/TodayRealityMeridianRows.swift:157:            RoundedRectangle(cornerRadius: theme.radius.md, style: .continuous)
Native/Ambitions/Features/Today/TodayRealityMeridianRows.swift:160:        .overlay(
Native/Ambitions/Features/Today/TodayRealityMeridianRows.swift:161:            RoundedRectangle(cornerRadius: theme.radius.md, style: .continuous)
Native/Ambitions/Features/Today/TodayRealityMeridianRows.swift:178:        VStack(spacing: 0) {
Native/Ambitions/Features/Today/TodayRealityMeridianRows.swift:211:                .shadow(color: theme.colors.accentWarm.opacity(0.24), radius: 8)
Native/Ambitions/Features/Today/TodayRealityMeridianContinuitySpine.swift:11:        VStack(alignment: .leading, spacing: theme.spacing.sm) {
Native/Ambitions/Features/Today/TodayRealityMeridianContinuitySpine.swift:12:            VStack(alignment: .leading, spacing: theme.spacing.xxxs) {
Native/Ambitions/Features/Today/TodayRealityMeridianContinuitySpine.swift:23:                VStack(alignment: .leading, spacing: theme.spacing.xs) {
Native/Ambitions/Features/Today/TodayRealityMeridianContinuitySpine.swift:33:                AmbitionChip(state.pressureLabel, role: .state, semanticState: .caution)
Native/Ambitions/Features/Today/TodayRealityMeridianContinuitySpine.swift:34:                AmbitionChip(state.noSilentChangesLabel, role: .state, semanticState: .trust)
Native/Ambitions/Features/Today/TodayRealityMeridianContinuitySpine.swift:41:        .background(
Native/Ambitions/Features/Today/TodayRealityMeridianContinuitySpine.swift:42:            RoundedRectangle(cornerRadius: theme.radius.md, style: .continuous)
Native/Ambitions/Features/Today/TodayRealityMeridianContinuitySpine.swift:45:        .overlay(
Native/Ambitions/Features/Today/TodayRealityMeridianContinuitySpine.swift:46:            RoundedRectangle(cornerRadius: theme.radius.md, style: .continuous)
Native/Ambitions/Features/Today/TodayRealityMeridianContinuitySpine.swift:73:        VStack(alignment: .leading, spacing: theme.spacing.xxxs) {
Native/Ambitions/Features/Today/TodayRealityMeridianContinuitySpine.swift:99:        .background(
Native/Ambitions/Features/Today/TodayRealityMeridianContinuitySpine.swift:100:            RoundedRectangle(cornerRadius: theme.radius.sm, style: .continuous)
Native/Ambitions/Features/Today/TodayRealityMeridianContinuitySpine.swift:103:        .overlay(
Native/Ambitions/Features/Today/TodayRealityMeridianContinuitySpine.swift:104:            RoundedRectangle(cornerRadius: theme.radius.sm, style: .continuous)
Native/Ambitions/Features/Today/TodayStepDetailSheet.swift:18:            ScrollView {
Native/Ambitions/Features/Today/TodayStepDetailSheet.swift:19:                VStack(alignment: .leading, spacing: theme.spacing.lg) {
Native/Ambitions/Features/Today/TodayStepDetailSheet.swift:29:            .background(TodayBackgroundView())
Native/Ambitions/Features/Today/TodayStepDetailSheet.swift:47:        VStack(alignment: .leading, spacing: theme.spacing.sm) {
Native/Ambitions/Features/Today/TodayStepDetailSheet.swift:63:        VStack(alignment: .leading, spacing: theme.spacing.sm) {
Native/Ambitions/Features/Today/TodayStepDetailSheet.swift:91:        VStack(alignment: .leading, spacing: theme.spacing.sm) {
Native/Ambitions/Features/Today/TodayStepDetailSheet.swift:117:        VStack(alignment: .leading, spacing: theme.spacing.sm) {
Native/Ambitions/Features/Today/TodayStepDetailSheet.swift:123:                    .background(Circle().fill(theme.semanticStyle(for: .trust).fill))
Native/Ambitions/Features/Today/TodayStepDetailSheet.swift:126:                VStack(alignment: .leading, spacing: theme.spacing.xs) {
Native/Ambitions/Features/Today/TodayStepDetailSheet.swift:141:        .background(
Native/Ambitions/Features/Today/TodayStepDetailSheet.swift:142:            RoundedRectangle(cornerRadius: theme.radius.md, style: .continuous)
Native/Ambitions/Features/Today/TodayStepDetailSheet.swift:145:        .overlay(
Native/Ambitions/Features/Today/TodayStepDetailSheet.swift:146:            RoundedRectangle(cornerRadius: theme.radius.md, style: .continuous)
Native/Ambitions/Features/Today/TodayStepDetailSheet.swift:168:            .background(
Native/Ambitions/Features/Today/TodayStepDetailSheet.swift:169:                RoundedRectangle(cornerRadius: theme.radius.md, style: .continuous)
Native/Ambitions/Features/Today/TodayStepDetailSheet.swift:172:            .overlay(
Native/Ambitions/Features/Today/TodayStepDetailSheet.swift:173:                RoundedRectangle(cornerRadius: theme.radius.md, style: .continuous)
Native/Ambitions/Features/Today/TodayStepDetailSheet.swift:184:        VStack(alignment: .leading, spacing: theme.spacing.sm) {
Native/Ambitions/Features/Today/TodayStartHereSurface.swift:19:        VStack(alignment: .leading, spacing: theme.spacing.lg) {
Native/Ambitions/Features/Today/TodayStartHereSurface.swift:27:                    VStack(alignment: .leading, spacing: theme.spacing.md) {
Native/Ambitions/Features/Today/TodayStartHereSurface.swift:60:        .background(
Native/Ambitions/Features/Today/TodayStartHereSurface.swift:62:                UnevenRoundedRectangle(
Native/Ambitions/Features/Today/TodayStartHereSurface.swift:83:        .overlay(
Native/Ambitions/Features/Today/TodayStartHereSurface.swift:99:            VStack(alignment: .leading, spacing: theme.spacing.sm) {
Native/Ambitions/Features/Today/TodayStartHereSurface.swift:111:        VStack(alignment: .trailing, spacing: theme.spacing.xs) {
Native/Ambitions/Features/Today/TodayStartHereSurface.swift:137:            VStack(alignment: .trailing, spacing: theme.spacing.xs) {
Native/Ambitions/Features/Today/TodayStartHereSurface.swift:160:        .overlay(
Native/Ambitions/Features/Today/TodayStartHereSurface.swift:179:        .overlay(
Native/Ambitions/Features/Today/TodayStartHereSurface.swift:188:        VStack(alignment: .leading, spacing: theme.spacing.sm) {
Native/Ambitions/Features/Today/TodayStartHereSurface.swift:190:                AmbitionChip(step.duration.label, role: .time, semanticState: .calendarDerived)
Native/Ambitions/Features/Today/TodayStartHereSurface.swift:191:                AmbitionChip(step.fitLabel, role: .state, semanticState: .focus)
Native/Ambitions/Features/Today/TodayStartHereSurface.swift:213:            VStack(alignment: .leading, spacing: 0) {
Native/Ambitions/Features/Today/TodayStartHereSurface.swift:222:        VStack(alignment: .leading, spacing: theme.spacing.xs) {
Native/Ambitions/Features/Today/TodayExecutionCompatibility.swift:11:        let activeLens = TodayLensChipState(id: "lens.all", title: "All", icon: "square.grid.2x2", state: .selected, isActive: true)
Native/Ambitions/Features/Today/TodayExecutionCompatibility.swift:102:        let capturePanel = TodayExecutionPanelState(
Native/Ambitions/Features/Today/TodayExecutionCompatibility.swift:112:        let timePanel = TodayExecutionPanelState(
Native/Ambitions/Features/Today/TodayExecutionCompatibility.swift:122:        let friction = TodayExecutionPanelState(
Native/Ambitions/Features/Today/TodayExecutionCompatibility.swift:160:        let oneStepGoalsPanel = TodayOneStepGoalsPanelState(
Native/Ambitions/Features/Today/TodayExecutionCompatibility.swift:202:            oneStepGoalsPanel: oneStepGoalsPanel,
Native/Ambitions/Features/Today/TodayExecutionCompatibility.swift:203:            supportingPanels: [capturePanel, timePanel],
Native/Ambitions/Features/Today/TodayExecutionCompatibility.swift:207:            emptyGuidance: mode == .empty ? capturePanel : nil,
Native/Ambitions/Features/Today/TodayExecutionCompatibility.swift:266:            oneStepGoalsPanel: oneStepGoalsPanel,
Native/Ambitions/Features/Today/TodayExecutionCompatibility.swift:267:            supportingPanels: supportingPanels,
Native/Ambitions/Features/Today/TodayRealityMeridianTopology.swift:12:        VStack(alignment: .leading, spacing: theme.spacing.sm) {
Native/Ambitions/Features/Today/TodayRealityMeridianTopology.swift:13:            VStack(alignment: .leading, spacing: theme.spacing.xxxs) {
Native/Ambitions/Features/Today/TodayRealityMeridianTopology.swift:89:        .background(
Native/Ambitions/Features/Today/TodayRealityMeridianTopology.swift:90:            RoundedRectangle(cornerRadius: theme.radius.md, style: .continuous)
Native/Ambitions/Features/Today/TodayRealityMeridianTopology.swift:93:        .overlay(
Native/Ambitions/Features/Today/TodayRealityMeridianTopology.swift:94:            RoundedRectangle(cornerRadius: theme.radius.md, style: .continuous)
Native/Ambitions/Features/Today/TodayRealityMeridianTopology.swift:168:        VStack(alignment: .leading, spacing: theme.spacing.xxxs) {
Native/Ambitions/Features/Today/TodayRealityMeridianTopology.swift:181:        .background(
Native/Ambitions/Features/Today/TodayRealityMeridianTopology.swift:182:            RoundedRectangle(cornerRadius: theme.radius.sm, style: .continuous)
Native/Ambitions/Features/Today/TodayRealityMeridianTopology.swift:185:        .overlay(
Native/Ambitions/Features/Today/TodayRealityMeridianTopology.swift:186:            RoundedRectangle(cornerRadius: theme.radius.sm, style: .continuous)
Sources/Accessibility/AccessibilityNutrition.swift:260:        "Sources/Theme/PanelDensitySize.swift",
Sources/Accessibility/AccessibilityNutrition.swift:267:            ownerFile: "Sources/Theme/PanelDensitySize.swift",
Sources/Accessibility/AccessibilityNutrition.swift:268:            automatedProofTarget: "Native/AmbitionsTests/App/PanelDensitySizeDesignSystemTests.swift",
Sources/Accessibility/AccessibilityNutrition.swift:282:            automatedProofTarget: "Native/AmbitionsTests/App/PanelDensitySizeDesignSystemTests.swift",
Sources/Accessibility/AccessibilityNutrition.swift:458:            ownerFile: "Sources/Components/GroupedNavigationList.swift",
Sources/Accessibility/AccessibilityNutrition.swift:459:            automatedProofTarget: "Native/AmbitionsTests/App/GroupedNavigationListDesignSystemTests.swift",
Sources/Accessibility/AccessibilityNutrition.swift:529:        "Sources/Theme/PanelDensitySize.swift",
Sources/Accessibility/AccessibilityNutrition.swift:551:            ownerFile: "Sources/Theme/PanelDensitySize.swift",
Sources/Accessibility/AccessibilityNutrition.swift:552:            automatedProofTarget: "Native/AmbitionsTests/App/PanelDensitySizeDesignSystemTests.swift",
Sources/Accessibility/AccessibilityNutrition.swift:637:            screenAudit("rich-panels", "Rich Panels", "component.rich-panels", "Design System", source: "Sources/Components/RichPanelPrimitives.swift", tests: "Native/AmbitionsTests/App/RichPanelDesignSystemTests.swift"),
Sources/Accessibility/AccessibilityNutrition.swift:639:            screenAudit("grouped-navigation-list", "GroupedNavigationList", "component.grouped-navigation-list", "Design System", source: "Sources/Components/GroupedNavigationList.swift", tests: "Native/AmbitionsTests/App/GroupedNavigationListDesignSystemTests.swift"),
Native/Ambitions/Features/Today/TodayMasthead.swift:16:        VStack(alignment: .leading, spacing: theme.spacing.md) {
Native/Ambitions/Features/Today/TodayMasthead.swift:18:                VStack(alignment: .leading, spacing: theme.spacing.xxxs) {
Native/Ambitions/Features/Today/TodayMasthead.swift:35:            VStack(alignment: .leading, spacing: theme.spacing.xxxs) {
Native/Ambitions/App/AppMeridianShell.swift:16:            .background(railMaterial)
Native/Ambitions/App/AppMeridianShell.swift:23:            ScrollView(.horizontal, showsIndicators: false) {
Native/Ambitions/App/AppMeridianShell.swift:42:        RoundedRectangle(cornerRadius: 34, style: .continuous)
Native/Ambitions/App/AppMeridianShell.swift:44:            .overlay(
Native/Ambitions/App/AppMeridianShell.swift:45:                RoundedRectangle(cornerRadius: 34, style: .continuous)
Native/Ambitions/App/AppMeridianShell.swift:48:            .overlay(
Native/Ambitions/App/AppMeridianShell.swift:49:                RoundedRectangle(cornerRadius: 34, style: .continuous)
Native/Ambitions/App/AppMeridianShell.swift:52:            .overlay(alignment: .top) {
Native/Ambitions/App/AppMeridianShell.swift:53:                RoundedRectangle(cornerRadius: 34, style: .continuous)
Native/Ambitions/App/AppMeridianShell.swift:58:            .shadow(
Native/Ambitions/App/AppMeridianShell.swift:72:            VStack(spacing: 5) {
Native/Ambitions/App/AppMeridianShell.swift:77:                            .overlay(
Native/Ambitions/App/AppMeridianShell.swift:101:            .background {
Native/Ambitions/App/AppMeridianShell.swift:103:                    RoundedRectangle(cornerRadius: 24, style: .continuous)
Native/Ambitions/App/AppMeridianShell.swift:117:            .overlay {
Native/Ambitions/App/AppMeridianShell.swift:119:                    RoundedRectangle(cornerRadius: 24, style: .continuous)
Native/Ambitions/App/AppMeridianShell.swift:123:            .contentShape(RoundedRectangle(cornerRadius: 24, style: .continuous))
Native/Ambitions/App/AppMeridianShell.swift:144:            VStack(spacing: theme.spacing.md) {
Native/Ambitions/App/AppMeridianShell.swift:157:        .background(theme.shell.canvasGradient)
Native/Ambitions/Features/Today/TodayActionClosureSheet.swift:17:            ScrollView {
Native/Ambitions/Features/Today/TodayActionClosureSheet.swift:18:                VStack(alignment: .leading, spacing: theme.spacing.lg) {
Native/Ambitions/Features/Today/TodayActionClosureSheet.swift:19:                    VStack(alignment: .leading, spacing: theme.spacing.xs) {
Native/Ambitions/Features/Today/TodayActionClosureSheet.swift:50:            .background(TodayBackgroundView())
Native/Ambitions/Features/Today/TodayActionClosureSheet.swift:84:        VStack(alignment: .leading, spacing: theme.spacing.sm) {
Native/Ambitions/Features/Today/TodayActionClosureSheet.swift:105:                closureDiamondList
Native/Ambitions/Features/Today/TodayActionClosureSheet.swift:117:            RoundedRectangle(cornerRadius: theme.radius.sm, style: .continuous)
Native/Ambitions/Features/Today/TodayActionClosureSheet.swift:119:                .overlay(
Native/Ambitions/Features/Today/TodayActionClosureSheet.swift:120:                    RoundedRectangle(cornerRadius: theme.radius.sm, style: .continuous)
Native/Ambitions/Features/Today/TodayActionClosureSheet.swift:146:    private var closureDiamondList: some View {
Native/Ambitions/Features/Today/TodayActionClosureSheet.swift:147:        VStack(alignment: .leading, spacing: theme.spacing.xs) {
Native/Ambitions/Features/Today/TodayActionClosureSheet.swift:150:                    VStack(alignment: .leading, spacing: theme.spacing.xxxs) {
Native/Ambitions/Features/Today/TodayActionClosureSheet.swift:170:        VStack(spacing: theme.spacing.xxxs) {
Native/Ambitions/Features/Today/TodayActionClosureSheet.swift:180:        .background(
Native/Ambitions/Features/Today/TodayActionClosureSheet.swift:199:        VStack(alignment: .leading, spacing: theme.spacing.sm) {
Native/Ambitions/Features/Today/TodayActionClosureSheet.swift:224:                            AmbitionChip("Proof", role: .state, semanticState: .success)
Native/Ambitions/Features/Today/TodayReadModelProjector.swift:352:        let formatter = DateFormatter()
Native/Ambitions/Features/Today/TodayReadModelProjector.swift:356:        formatter.dateFormat = "yyyy-MM-dd"
Sources/Previews/LoadingDegradedStatePreviews.swift:19:        ScrollView {
Sources/Previews/LoadingDegradedStatePreviews.swift:20:            VStack(alignment: .leading, spacing: theme.spacing.lg) {
Sources/Previews/LoadingDegradedStatePreviews.swift:28:                    VStack(alignment: .leading, spacing: theme.spacing.md) {
Sources/Previews/LoadingDegradedStatePreviews.swift:51:        .background(LivingSurfaceBackground(context: .trust, state: .calm).ignoresSafeArea())
Sources/Previews/LoadingDegradedStatePreviews.swift:62:            VStack(alignment: .leading, spacing: theme.spacing.xxs) {
Sources/Previews/LoadingDegradedStatePreviews.swift:76:        .background(
Sources/Previews/LoadingDegradedStatePreviews.swift:77:            RoundedRectangle(cornerRadius: theme.radius.md, style: .continuous)
Sources/Previews/LoadingDegradedStatePreviews.swift:80:        .overlay(
Sources/Previews/LoadingDegradedStatePreviews.swift:81:            RoundedRectangle(cornerRadius: theme.radius.md, style: .continuous)
Native/Ambitions/Features/Today/TodayScreenContractSnapshot.swift:35:                oneStepGoalsPanel.title,
Native/Ambitions/Features/Today/TodayScreenContractSnapshot.swift:36:                oneStepGoalsPanel.subtitle,
Native/Ambitions/Features/Today/TodayScreenContractSnapshot.swift:37:                oneStepGoalsPanel.emptyMessage,
Native/Ambitions/Features/Today/TodayScreenContractSnapshot.swift:42:            supportsPanelSizeBehavior: true,
Native/Ambitions/Features/Capture/CaptureViewModel.swift:49:            supportsPanelSizeBehavior: true,
Native/Ambitions/Features/Today/TodayRejectionReasonSheet.swift:18:            ScrollView {
Native/Ambitions/Features/Today/TodayRejectionReasonSheet.swift:19:                VStack(alignment: .leading, spacing: theme.spacing.lg) {
Native/Ambitions/Features/Today/TodayRejectionReasonSheet.swift:21:                    contextCard
Native/Ambitions/Features/Today/TodayRejectionReasonSheet.swift:22:                    reasonsCard
Native/Ambitions/Features/Today/TodayRejectionReasonSheet.swift:23:                    customReasonCard
Native/Ambitions/Features/Today/TodayRejectionReasonSheet.swift:24:                    skipCard
Native/Ambitions/Features/Today/TodayRejectionReasonSheet.swift:29:            .background(TodayBackgroundView())
Native/Ambitions/Features/Today/TodayRejectionReasonSheet.swift:50:        VStack(alignment: .leading, spacing: theme.spacing.xs) {
Native/Ambitions/Features/Today/TodayRejectionReasonSheet.swift:62:    private var contextCard: some View {
Native/Ambitions/Features/Today/TodayRejectionReasonSheet.swift:63:        VStack(alignment: .leading, spacing: theme.spacing.xs) {
Native/Ambitions/Features/Today/TodayRejectionReasonSheet.swift:73:        .background(
Native/Ambitions/Features/Today/TodayRejectionReasonSheet.swift:74:            RoundedRectangle(cornerRadius: theme.radius.md, style: .continuous)
Native/Ambitions/Features/Today/TodayRejectionReasonSheet.swift:77:        .overlay(
Native/Ambitions/Features/Today/TodayRejectionReasonSheet.swift:78:            RoundedRectangle(cornerRadius: theme.radius.md, style: .continuous)
Native/Ambitions/Features/Today/TodayRejectionReasonSheet.swift:85:    private var reasonsCard: some View {
Native/Ambitions/Features/Today/TodayRejectionReasonSheet.swift:86:        VStack(alignment: .leading, spacing: theme.spacing.sm) {
Native/Ambitions/Features/Today/TodayRejectionReasonSheet.swift:96:        .background(
Native/Ambitions/Features/Today/TodayRejectionReasonSheet.swift:97:            RoundedRectangle(cornerRadius: theme.radius.md, style: .continuous)
Native/Ambitions/Features/Today/TodayRejectionReasonSheet.swift:100:        .overlay(
Native/Ambitions/Features/Today/TodayRejectionReasonSheet.swift:101:            RoundedRectangle(cornerRadius: theme.radius.md, style: .continuous)
Native/Ambitions/Features/Today/TodayRejectionReasonSheet.swift:121:                VStack(alignment: .leading, spacing: theme.spacing.xxxs) {
Native/Ambitions/Features/Today/TodayRejectionReasonSheet.swift:127:                            AmbitionChip("Local only", role: .state, semanticState: .protected)
Native/Ambitions/Features/Today/TodayRejectionReasonSheet.swift:141:            .background(
Native/Ambitions/Features/Today/TodayRejectionReasonSheet.swift:142:                RoundedRectangle(cornerRadius: theme.radius.md, style: .continuous)
Native/Ambitions/Features/Today/TodayRejectionReasonSheet.swift:145:            .overlay(
Native/Ambitions/Features/Today/TodayRejectionReasonSheet.swift:146:                RoundedRectangle(cornerRadius: theme.radius.md, style: .continuous)
Native/Ambitions/Features/Today/TodayRejectionReasonSheet.swift:158:    private var customReasonCard: some View {
Native/Ambitions/Features/Today/TodayRejectionReasonSheet.swift:159:        VStack(alignment: .leading, spacing: theme.spacing.sm) {
Native/Ambitions/Features/Today/TodayRejectionReasonSheet.swift:170:                    VStack(alignment: .leading, spacing: theme.spacing.xxxs) {
Native/Ambitions/Features/Today/TodayRejectionReasonSheet.swift:183:                .background(
Native/Ambitions/Features/Today/TodayRejectionReasonSheet.swift:184:                    RoundedRectangle(cornerRadius: theme.radius.md, style: .continuous)
Native/Ambitions/Features/Today/TodayRejectionReasonSheet.swift:187:                .overlay(
Native/Ambitions/Features/Today/TodayRejectionReasonSheet.swift:188:                    RoundedRectangle(cornerRadius: theme.radius.md, style: .continuous)
Native/Ambitions/Features/Today/TodayRejectionReasonSheet.swift:197:                VStack(alignment: .leading, spacing: theme.spacing.xs) {
Native/Ambitions/Features/Today/TodayRejectionReasonSheet.swift:201:                        .background(
Native/Ambitions/Features/Today/TodayRejectionReasonSheet.swift:202:                            RoundedRectangle(cornerRadius: theme.radius.md, style: .continuous)
Native/Ambitions/Features/Today/TodayRejectionReasonSheet.swift:205:                        .overlay(
Native/Ambitions/Features/Today/TodayRejectionReasonSheet.swift:206:                            RoundedRectangle(cornerRadius: theme.radius.md, style: .continuous)
Native/Ambitions/Features/Today/TodayRejectionReasonSheet.swift:225:        .background(
Native/Ambitions/Features/Today/TodayRejectionReasonSheet.swift:226:            RoundedRectangle(cornerRadius: theme.radius.md, style: .continuous)
Native/Ambitions/Features/Today/TodayRejectionReasonSheet.swift:229:        .overlay(
Native/Ambitions/Features/Today/TodayRejectionReasonSheet.swift:230:            RoundedRectangle(cornerRadius: theme.radius.md, style: .continuous)
Native/Ambitions/Features/Today/TodayRejectionReasonSheet.swift:236:    private var skipCard: some View {
Native/Ambitions/Features/Capture/CaptureDraftRoutePreviewCard.swift:16:            VStack(alignment: .leading, spacing: theme.spacing.sm) {
Native/Ambitions/Features/Capture/CaptureDraftRoutePreviewCard.swift:45:            VStack(alignment: .leading, spacing: theme.spacing.xxs) {
Native/Ambitions/Features/Capture/CaptureDraftRoutePreviewCard.swift:108:        VStack(alignment: .leading, spacing: theme.spacing.xxs) {
Native/Ambitions/Features/Capture/CaptureDraftRoutePreviewCard.swift:175:            VStack(alignment: .leading, spacing: theme.spacing.xxs) {
Native/Ambitions/Features/Capture/CaptureDraftRoutePreviewCard.swift:213:                VStack(alignment: .leading, spacing: theme.spacing.sm) {
Native/Ambitions/Features/Capture/CaptureDraftRoutePreviewCard.swift:215:                        VStack(alignment: .leading, spacing: theme.spacing.xxs) {
Native/Ambitions/App/AppExternalRouting.swift:629:        case .background: .external
Sources/Previews/TrustReceiptLayerPreviews.swift:119:        ScrollView {
Sources/Previews/TrustReceiptLayerPreviews.swift:120:            VStack(alignment: .leading, spacing: theme.spacing.lg) {
Sources/Previews/TrustReceiptLayerPreviews.swift:231:                VStack(alignment: .leading, spacing: theme.spacing.sm) {
Sources/Previews/TrustReceiptLayerPreviews.swift:239:        .background(LivingSurfaceBackground(context: .trust, state: .calm).ignoresSafeArea())
Native/Ambitions/Features/Capture/CaptureScreen.swift:78:        VStack(alignment: .leading, spacing: theme.spacing.md) {
Native/Ambitions/Features/Capture/CaptureScreen.swift:84:        .background(alignment: .leading) {
Native/Ambitions/Features/Capture/CaptureScreen.swift:89:        .overlay(alignment: .top) {
Native/Ambitions/Features/Capture/CaptureScreen.swift:94:        .overlay(alignment: .bottom) {
Native/Ambitions/Features/Capture/CaptureScreen.swift:131:            ScrollView {
Native/Ambitions/Features/Capture/CaptureScreen.swift:132:                LazyVStack(alignment: .leading, spacing: theme.spacing.lg) {
Native/Ambitions/Features/Capture/CaptureScreen.swift:155:                            .transition(.ambitionPanel)
Native/Ambitions/Features/Capture/CaptureScreen.swift:164:                        .transition(.ambitionPanel)
Native/Ambitions/Features/Capture/CaptureScreen.swift:170:                                .transition(.ambitionPanel)
Native/Ambitions/Features/Capture/CaptureScreen.swift:177:                            .transition(.ambitionPanel)
Native/Ambitions/Features/Capture/CaptureScreen.swift:226:        VStack(alignment: .leading, spacing: theme.spacing.sm) {
Native/Ambitions/Features/Capture/CaptureScreen.swift:285:            LazyVStack(alignment: .leading, spacing: theme.spacing.lg) {
Native/Ambitions/Features/Capture/CaptureScreen.swift:319:                    VStack(alignment: .leading, spacing: theme.spacing.xs) {
Native/Ambitions/Features/Capture/CaptureScreen.swift:335:        VStack(alignment: .leading, spacing: theme.spacing.md) {
Native/Ambitions/Features/Capture/CaptureScreen.swift:357:            VStack(alignment: .leading, spacing: theme.spacing.sm) {
Native/Ambitions/Features/Capture/CaptureScreen.swift:360:                    VStack(alignment: .leading, spacing: theme.spacing.xs) {
Native/Ambitions/Features/Capture/CaptureScreen.swift:424:            VStack(alignment: .leading, spacing: theme.spacing.md) {
Native/Ambitions/Features/Capture/CaptureScreen.swift:467:        VStack(alignment: .leading, spacing: theme.spacing.xs) {
Native/Ambitions/Features/Capture/CaptureScreen.swift:475:                TagPill(review.placementStateTitle, state: review.state)
Native/Ambitions/Features/Capture/CaptureScreen.swift:502:        VStack(alignment: .leading, spacing: theme.spacing.xs) {
Native/Ambitions/Features/Capture/CaptureScreen.swift:510:                TagPill("Confirm first", state: state.state)
Native/Ambitions/Features/Capture/CaptureScreen.swift:530:            VStack(alignment: .leading, spacing: theme.spacing.xs) {
Native/Ambitions/Features/Capture/CaptureScreen.swift:552:        VStack(alignment: .leading, spacing: theme.spacing.sm) {
Native/Ambitions/Features/Capture/CaptureScreen.swift:771:            VStack(alignment: .leading, spacing: theme.spacing.md) {
Native/Ambitions/Features/Capture/CaptureScreen.swift:778:                VStack(alignment: .leading, spacing: theme.spacing.sm) {
Native/Ambitions/Features/Capture/CaptureScreen.swift:787:                            VStack(alignment: .leading, spacing: theme.spacing.xxxs) {
Native/Ambitions/Features/Capture/CaptureScreen.swift:853:    .appContainer(PreviewAppContainerFactory.preview)
Native/Ambitions/Features/Capture/CaptureScreen.swift:862:    .appContainer(PreviewAppContainerFactory.preview)
Native/Ambitions/Features/Capture/CaptureScreen.swift:871:    .appContainer(PreviewAppContainerFactory.preview)
Native/Ambitions/Features/Capture/CaptureScreen.swift:880:    .appContainer(PreviewAppContainerFactory.preview)
Native/Ambitions/Features/Capture/CaptureScreen.swift:889:    .appContainer(PreviewAppContainerFactory.preview)
Native/Ambitions/Features/Capture/CaptureScreen.swift:899:    .appContainer(PreviewAppContainerFactory.preview)
Native/Ambitions/Features/Capture/CaptureScreen.swift:908:    .appContainer(PreviewAppContainerFactory.preview)
Native/Ambitions/Features/Capture/CaptureScreen.swift:917:    .appContainer(PreviewAppContainerFactory.preview)
Sources/Previews/SignatureInterfaceVisualQAPreviews.swift:12:        ScrollView {
Sources/Previews/SignatureInterfaceVisualQAPreviews.swift:13:            VStack(alignment: .leading, spacing: theme.spacing.lg) {
Sources/Previews/SignatureInterfaceVisualQAPreviews.swift:22:                        surfaceCoverageTile(row)
Sources/Previews/SignatureInterfaceVisualQAPreviews.swift:28:                        fixtureTile(fixture)
Sources/Previews/SignatureInterfaceVisualQAPreviews.swift:40:                        scorecardTile(entry)
Sources/Previews/SignatureInterfaceVisualQAPreviews.swift:46:                        driftTile(example)
Sources/Previews/SignatureInterfaceVisualQAPreviews.swift:52:        .background(LivingSurfaceBackground(context: .trust, state: .calm).ignoresSafeArea())
Sources/Previews/SignatureInterfaceVisualQAPreviews.swift:56:    private func fixtureTile(_ fixture: SI16VisualQAFixture) -> some View {
Sources/Previews/SignatureInterfaceVisualQAPreviews.swift:57:        VStack(alignment: .leading, spacing: theme.spacing.sm) {
Sources/Previews/SignatureInterfaceVisualQAPreviews.swift:88:        .background(
Sources/Previews/SignatureInterfaceVisualQAPreviews.swift:89:            RoundedRectangle(cornerRadius: theme.radius.md, style: .continuous)
Sources/Previews/SignatureInterfaceVisualQAPreviews.swift:92:        .overlay(
Sources/Previews/SignatureInterfaceVisualQAPreviews.swift:93:            RoundedRectangle(cornerRadius: theme.radius.md, style: .continuous)
Sources/Previews/SignatureInterfaceVisualQAPreviews.swift:101:    private func surfaceCoverageTile(_ row: SI16PreviewSurfaceCoverageRow) -> some View {
Sources/Previews/SignatureInterfaceVisualQAPreviews.swift:102:        VStack(alignment: .leading, spacing: theme.spacing.sm) {
Sources/Previews/SignatureInterfaceVisualQAPreviews.swift:121:            VStack(alignment: .leading, spacing: theme.spacing.xs) {
Sources/Previews/SignatureInterfaceVisualQAPreviews.swift:123:                    fixturePill(fixture)
Sources/Previews/SignatureInterfaceVisualQAPreviews.swift:134:        .background(
Sources/Previews/SignatureInterfaceVisualQAPreviews.swift:135:            RoundedRectangle(cornerRadius: theme.radius.md, style: .continuous)
Sources/Previews/SignatureInterfaceVisualQAPreviews.swift:138:        .overlay(
Sources/Previews/SignatureInterfaceVisualQAPreviews.swift:139:            RoundedRectangle(cornerRadius: theme.radius.md, style: .continuous)
Sources/Previews/SignatureInterfaceVisualQAPreviews.swift:147:    private func fixturePill(_ fixture: SI16VisualQAFixture) -> some View {
Sources/Previews/SignatureInterfaceVisualQAPreviews.swift:156:        .background(
Sources/Previews/SignatureInterfaceVisualQAPreviews.swift:160:        .overlay(
Sources/Previews/SignatureInterfaceVisualQAPreviews.swift:168:    private func scorecardTile(_ entry: AFI13VisualQAScorecardEntry) -> some View {
Sources/Previews/SignatureInterfaceVisualQAPreviews.swift:169:        VStack(alignment: .leading, spacing: theme.spacing.sm) {
Sources/Previews/SignatureInterfaceVisualQAPreviews.swift:195:        .background(
Sources/Previews/SignatureInterfaceVisualQAPreviews.swift:196:            RoundedRectangle(cornerRadius: theme.radius.md, style: .continuous)
Sources/Previews/SignatureInterfaceVisualQAPreviews.swift:199:        .overlay(
Sources/Previews/SignatureInterfaceVisualQAPreviews.swift:200:            RoundedRectangle(cornerRadius: theme.radius.md, style: .continuous)
Sources/Previews/SignatureInterfaceVisualQAPreviews.swift:208:    private func driftTile(_ example: AFI13VisualDriftGalleryExample) -> some View {
Sources/Previews/SignatureInterfaceVisualQAPreviews.swift:209:        VStack(alignment: .leading, spacing: theme.spacing.sm) {
Sources/Previews/SignatureInterfaceVisualQAPreviews.swift:227:        .background(
Sources/Previews/SignatureInterfaceVisualQAPreviews.swift:228:            RoundedRectangle(cornerRadius: theme.radius.md, style: .continuous)
Sources/Previews/SignatureInterfaceVisualQAPreviews.swift:231:        .overlay(
Sources/Previews/SignatureInterfaceVisualQAPreviews.swift:232:            RoundedRectangle(cornerRadius: theme.radius.md, style: .continuous)
Native/Ambitions/Features/Capture/CaptureAtmosphereComposer.swift:132:        VStack(alignment: .leading, spacing: theme.spacing.sm) {
Native/Ambitions/Features/Capture/CaptureAtmosphereComposer.swift:174:        .background(.ultraThinMaterial)
Native/Ambitions/Features/Capture/CaptureAtmosphereComposer.swift:175:        .overlay(alignment: .top) {
Native/Ambitions/Features/Capture/CaptureAtmosphereComposer.swift:195:        VStack(alignment: .leading, spacing: theme.spacing.xs) {
Native/Ambitions/Features/Capture/CaptureAtmosphereComposer.swift:230:                VStack(alignment: .leading, spacing: theme.spacing.sm) {
Native/Ambitions/Features/Capture/CaptureAtmosphereComposer.swift:273:        .background(fieldBackground)
Native/Ambitions/Features/Capture/CaptureAtmosphereComposer.swift:274:        .overlay(
Native/Ambitions/Features/Capture/CaptureAtmosphereComposer.swift:275:            RoundedRectangle(cornerRadius: theme.radius.lg, style: .continuous)
Native/Ambitions/Features/Capture/CaptureAtmosphereComposer.swift:288:            RoundedRectangle(cornerRadius: theme.radius.lg, style: .continuous)
Native/Ambitions/Features/Capture/CaptureAtmosphereComposer.swift:329:            VStack(alignment: .leading, spacing: theme.spacing.sm) {
Native/Ambitions/Features/Capture/CaptureAtmosphereComposer.swift:331:                    VStack(alignment: .leading, spacing: theme.spacing.xs) {
Native/Ambitions/Features/Capture/CaptureAtmosphereComposer.swift:341:                    AmbitionChip(preview.privacyLabel, role: .protected, semanticState: .trust)
Native/Ambitions/Features/Capture/CaptureAtmosphereComposer.swift:375:                VStack(alignment: .leading, spacing: theme.spacing.xs) {
Native/Ambitions/Features/Capture/CaptureAtmosphereComposer.swift:477:    .background(LivingSurfaceBackground(context: .capture, state: .active))
Sources/Previews/SignatureInterfaceVisualQAFixtures.swift:142:public struct SI16VisualQAFixtureSnapshotCard: View {
Sources/Previews/SignatureInterfaceVisualQAFixtures.swift:156:            .overlay(alignment: .topTrailing) {
Sources/Previews/SignatureInterfaceVisualQAFixtures.swift:162:            .overlay(alignment: .bottomTrailing) {
Sources/Previews/SignatureInterfaceVisualQAFixtures.swift:174:            VStack(alignment: .leading, spacing: 30) {
Sources/Previews/SignatureInterfaceVisualQAFixtures.swift:181:                        .background(Capsule().fill(surfaceAccent.opacity(0.15)))
Sources/Previews/SignatureInterfaceVisualQAFixtures.swift:190:                VStack(alignment: .leading, spacing: 14) {
Sources/Previews/SignatureInterfaceVisualQAFixtures.swift:202:                VStack(alignment: .leading, spacing: 12) {
Sources/Previews/SignatureInterfaceVisualQAFixtures.swift:213:                .background(
Sources/Previews/SignatureInterfaceVisualQAFixtures.swift:214:                    RoundedRectangle(cornerRadius: 26, style: .continuous)
Sources/Previews/SignatureInterfaceVisualQAFixtures.swift:217:                .overlay(
Sources/Previews/SignatureInterfaceVisualQAFixtures.swift:218:                    RoundedRectangle(cornerRadius: 26, style: .continuous)
Sources/Previews/ComponentPreviews.swift:24:        ScrollView {
Sources/Previews/ComponentPreviews.swift:25:            VStack(alignment: .leading, spacing: 24) {
Sources/Previews/ComponentPreviews.swift:26:                HeroCard(state: .celebration) {
Sources/Previews/ComponentPreviews.swift:27:                    VStack(alignment: .leading, spacing: 16) {
Sources/Previews/ComponentPreviews.swift:29:                            TagPill("Premium", icon: "sparkles", state: .selected)
Sources/Previews/ComponentPreviews.swift:36:                SectionHeader(eyebrow: "Cards", title: "Shared Surfaces", subtitle: "Base shells for screens and compact modules.")
Sources/Previews/ComponentPreviews.swift:38:                AppCard {
Sources/Previews/ComponentPreviews.swift:39:                    VStack(alignment: .leading, spacing: 16) {
Sources/Previews/ComponentPreviews.swift:40:                        Text("AppCard")
Sources/Previews/ComponentPreviews.swift:48:                    WidgetCard {
Sources/Previews/ComponentPreviews.swift:49:                        Text("WidgetCard")
Sources/Previews/ComponentPreviews.swift:52:                    StatTile(title: "Consistency", value: "92%", detail: "7 day rhythm quality", icon: "waveform.path.ecg", state: .success)
Sources/Previews/ComponentPreviews.swift:58:                    TagPill("Default")
Sources/Previews/ComponentPreviews.swift:59:                    StatusChip("Success", icon: "checkmark.circle.fill", state: .success)
Sources/Previews/ComponentPreviews.swift:60:                    TagPill("Warning", icon: "exclamationmark.triangle.fill", state: .warning)
Sources/Previews/ComponentPreviews.swift:61:                    TagPill("Selected", icon: "checkmark.circle.fill", state: .selected)
Sources/Previews/ComponentPreviews.swift:71:                SectionHeader(eyebrow: "v2", title: "Adaptive System Panels", subtitle: "Canonical wrappers for grounded context, step recommendations, duration labels, and closure check-ins.")
Sources/Previews/ComponentPreviews.swift:73:                HeroStepPanel(
Sources/Previews/ComponentPreviews.swift:85:                ClosureCheckInPanel(subtitle: "Yesterday has 2 loose ends. Review them without turning the day into a stale list.") {
Sources/Previews/ComponentPreviews.swift:87:                        StatusChip("Still Counts", state: .success)
Sources/Previews/ComponentPreviews.swift:88:                        StatusChip("Rescheduled", state: .warning)
Sources/Previews/ComponentPreviews.swift:89:                        StatusChip("Waiting", state: .default)
Sources/Previews/ComponentPreviews.swift:99:                SectionHeader(eyebrow: "D03", title: "Grouped Navigation List", subtitle: "Settings-style grouped rows for secondary navigation, preferences, status, and caller-confirmed destructive actions.")
Sources/Previews/ComponentPreviews.swift:101:                GroupedNavigationList {
Sources/Previews/ComponentPreviews.swift:175:                SectionHeader(eyebrow: "D04", title: "Panel Size + Display Density", subtitle: "Shared comfort foundation. Required information stays visible while extra detail can collapse.")
Sources/Previews/ComponentPreviews.swift:183:                        ForEach(AmbitionPanelSize.allCases) { size in
Sources/Previews/ComponentPreviews.swift:184:                            panelDensityMatrixTile(
Sources/Previews/ComponentPreviews.swift:191:                SectionHeader(eyebrow: "Batch 63", title: "Rich Panel Foundations", subtitle: "Canonical panel types with semantic state, action, explanation, and visual slots.")
Sources/Previews/ComponentPreviews.swift:193:                SectionHeader(eyebrow: "SI02", title: "Adaptive Panel + Action Foundation", subtitle: "Shared Signature Interface primitives for module shells, action hierarchy, loading, disabled, privacy, and Dynamic Type lanes.")
Sources/Previews/ComponentPreviews.swift:195:                AdaptivePanel(
Sources/Previews/ComponentPreviews.swift:204:                    VStack(alignment: .leading, spacing: 12) {
Sources/Previews/ComponentPreviews.swift:223:                    AdaptivePanel(.init(emphasis: .proof, title: "Proof saved", status: "Proof")) {
Sources/Previews/ComponentPreviews.swift:224:                        AmbitionChip("Local receipt", role: .state, semanticState: .trust)
Sources/Previews/ComponentPreviews.swift:227:                    AdaptivePanel(.init(emphasis: .source, title: "Private source", status: "Private", isPrivacySensitive: true)) {
Sources/Previews/ComponentPreviews.swift:228:                        AmbitionChip("Inspectable", role: .protected)
Sources/Previews/ComponentPreviews.swift:231:                    AdaptivePanel(.init(emphasis: .action, title: "Finding the safest action", isLoading: true))
Sources/Previews/ComponentPreviews.swift:233:                    AdaptivePanel(.init(emphasis: .recovery, title: "Recovery option paused", status: "Disabled", isDisabled: true)) {
Sources/Previews/ComponentPreviews.swift:244:                        AmbitionChip("Reduced Motion safe", role: .state, semanticState: .accessibilityVerified)
Sources/Previews/ComponentPreviews.swift:245:                        AmbitionChip("44 pt targets", role: .state, semanticState: .accessibilityVerified)
Sources/Previews/ComponentPreviews.swift:249:                ForEach(AmbitionPanelKind.allCases) { kind in
Sources/Previews/ComponentPreviews.swift:250:                    AmbitionRichPanel(panelConfiguration(for: kind)) {
Sources/Previews/ComponentPreviews.swift:260:                            RoundedRectangle(cornerRadius: 8, style: .continuous)
Sources/Previews/ComponentPreviews.swift:269:                VStack(spacing: 16) {
Sources/Previews/ComponentPreviews.swift:270:                    EmptyStateCard(
Sources/Previews/ComponentPreviews.swift:276:                    LoadingSkeletonCard(lineCount: 4)
Sources/Previews/ComponentPreviews.swift:277:                    CelebrationBanner(title: "Momentum is compounding", subtitle: "Use this after wins, completed steps, or rhythm milestones.")
Sources/Previews/ComponentPreviews.swift:280:                VStack(spacing: 12) {
Sources/Previews/ComponentPreviews.swift:281:                    ListChevronRow(
Sources/Previews/ComponentPreviews.swift:312:    private func panelConfiguration(for kind: AmbitionPanelKind) -> AmbitionRichPanelConfiguration {
Sources/Previews/ComponentPreviews.swift:313:        AmbitionRichPanelConfiguration(
Sources/Previews/ComponentPreviews.swift:326:    private func panelTitle(for kind: AmbitionPanelKind) -> String {
Sources/Previews/ComponentPreviews.swift:342:    private func previewVisualSlot(for kind: AmbitionPanelKind) -> some View {
Sources/Previews/ComponentPreviews.swift:345:            VStack(alignment: .leading, spacing: 10) {
Sources/Previews/ComponentPreviews.swift:353:                    VStack(spacing: 6) {
Sources/Previews/ComponentPreviews.swift:354:                        RoundedRectangle(cornerRadius: 8, style: .continuous)
Sources/Previews/ComponentPreviews.swift:371:    private func previewContentSlot(for kind: AmbitionPanelKind) -> some View {
Sources/Previews/ComponentPreviews.swift:375:                AmbitionChip("Raw", role: .capture)
Sources/Previews/ComponentPreviews.swift:376:                AmbitionChip("Schedule idea", role: .domain)
Sources/Previews/ComponentPreviews.swift:377:                AmbitionChip("10 min", role: .time)
Sources/Previews/ComponentPreviews.swift:381:                AmbitionChip("Smaller", role: .recovery)
Sources/Previews/ComponentPreviews.swift:382:                AmbitionChip("Later", role: .waiting)
Sources/Previews/ComponentPreviews.swift:383:                AmbitionChip("Keep", role: .protected)
Sources/Previews/ComponentPreviews.swift:387:                AmbitionChip("Local", role: .state, semanticState: .trust)
Sources/Previews/ComponentPreviews.swift:388:                AmbitionChip("Not synced", role: .state, semanticState: .waiting)
Sources/Previews/ComponentPreviews.swift:401:            VStack(alignment: .leading, spacing: 2) {
Sources/Previews/ComponentPreviews.swift:411:    private func panelDensityMatrixTile(
Sources/Previews/ComponentPreviews.swift:412:        configuration: AmbitionPanelDisplayConfiguration
Sources/Previews/ComponentPreviews.swift:423:        return WidgetCard {
Sources/Previews/ComponentPreviews.swift:424:            VStack(alignment: .leading, spacing: required.metrics.verticalSpacing) {
Sources/Previews/ComponentPreviews.swift:426:                    VStack(alignment: .leading, spacing: 4) {
Sources/Previews/ComponentPreviews.swift:436:                    AmbitionChip(
Sources/Previews/ComponentPreviews.swift:468:            .ambitionPanelDisplayConfiguration(configuration)
Sources/Previews/ComponentPreviews.swift:476:private extension AmbitionPanelVisibility {
Sources/Theme/AmbitionTokens.generated.swift:84:        public static let proofChip: AmbitionTokenLayout = .init(name: "proofChip", radius: 16, padding: 10, meaning: "proof summary chip")
Sources/Previews/InteractionMotionHapticsPreviews.swift:8:        ScrollView {
Sources/Previews/InteractionMotionHapticsPreviews.swift:9:            VStack(alignment: .leading, spacing: theme.spacing.lg) {
Sources/Previews/InteractionMotionHapticsPreviews.swift:17:                    VStack(alignment: .leading, spacing: theme.spacing.sm) {
Sources/Previews/InteractionMotionHapticsPreviews.swift:31:                    VStack(alignment: .leading, spacing: theme.spacing.sm) {
Sources/Previews/InteractionMotionHapticsPreviews.swift:40:        .background(LivingSurfaceBackground(context: .trust, state: .calm).ignoresSafeArea())
Sources/Previews/InteractionMotionHapticsPreviews.swift:45:        VStack(alignment: .leading, spacing: theme.spacing.xxs) {
Sources/Previews/InteractionMotionHapticsPreviews.swift:75:        .background(
Sources/Previews/InteractionMotionHapticsPreviews.swift:76:            RoundedRectangle(cornerRadius: theme.radius.md, style: .continuous)
Sources/Previews/InteractionMotionHapticsPreviews.swift:79:        .overlay(
Sources/Previews/InteractionMotionHapticsPreviews.swift:80:            RoundedRectangle(cornerRadius: theme.radius.md, style: .continuous)
Sources/Previews/InteractionMotionHapticsPreviews.swift:88:        VStack(alignment: .leading, spacing: theme.spacing.xxs) {
Sources/Previews/InteractionMotionHapticsPreviews.swift:116:        .background(
Sources/Previews/InteractionMotionHapticsPreviews.swift:117:            RoundedRectangle(cornerRadius: theme.radius.md, style: .continuous)
Sources/Previews/InteractionMotionHapticsPreviews.swift:120:        .overlay(
Sources/Previews/InteractionMotionHapticsPreviews.swift:121:            RoundedRectangle(cornerRadius: theme.radius.md, style: .continuous)
Sources/Previews/InteractionMotionHapticsPreviews.swift:146:        ScrollView {
Sources/Previews/InteractionMotionHapticsPreviews.swift:147:            VStack(alignment: .leading, spacing: theme.spacing.lg) {
Sources/Previews/InteractionMotionHapticsPreviews.swift:155:                    VStack(alignment: .leading, spacing: theme.spacing.md) {
Sources/Previews/InteractionMotionHapticsPreviews.swift:177:                    VStack(alignment: .leading, spacing: theme.spacing.md) {
Sources/Previews/InteractionMotionHapticsPreviews.swift:195:                    VStack(alignment: .leading, spacing: theme.spacing.md) {
Sources/Previews/InteractionMotionHapticsPreviews.swift:216:        .background(LivingSurfaceBackground(context: .trust, state: .calm).ignoresSafeArea())
Sources/Previews/InteractionMotionHapticsPreviews.swift:225:        VStack(alignment: .leading, spacing: theme.spacing.xs) {
Sources/Previews/InteractionMotionHapticsPreviews.swift:238:        .background(
Sources/Previews/InteractionMotionHapticsPreviews.swift:239:            RoundedRectangle(cornerRadius: theme.radius.md, style: .continuous)
Sources/Previews/InteractionMotionHapticsPreviews.swift:242:        .overlay(
Sources/Previews/InteractionMotionHapticsPreviews.swift:243:            RoundedRectangle(cornerRadius: theme.radius.md, style: .continuous)
Sources/Previews/RealityMeridianRichnessPreviews.swift:22:        ScrollView {
Sources/Previews/RealityMeridianRichnessPreviews.swift:23:            VStack(alignment: .leading, spacing: theme.spacing.lg) {
Sources/Previews/RealityMeridianRichnessPreviews.swift:24:                VStack(alignment: .leading, spacing: theme.spacing.xxxs) {
Sources/Previews/RealityMeridianRichnessPreviews.swift:34:                StateDrivenMaterialPanel(context: .today, state: mode == .overloaded ? .pressured : .active) {
Sources/Previews/RealityMeridianRichnessPreviews.swift:35:                    VStack(alignment: .leading, spacing: theme.spacing.md) {
Sources/Previews/RealityMeridianRichnessPreviews.swift:38:                        VStack(alignment: .leading, spacing: theme.spacing.sm) {
Sources/Previews/RealityMeridianRichnessPreviews.swift:47:                            VStack(alignment: .leading, spacing: theme.spacing.xs) {
Sources/Previews/RealityMeridianRichnessPreviews.swift:80:        .background(LivingSurfaceBackground(context: .today, state: mode == .overloaded ? .pressured : .calm).ignoresSafeArea())
Sources/Previews/IconographyStatusPreviews.swift:25:        ScrollView {
Sources/Previews/IconographyStatusPreviews.swift:26:            VStack(alignment: .leading, spacing: theme.spacing.lg) {
Sources/Previews/IconographyStatusPreviews.swift:32:                VStack(alignment: .leading, spacing: theme.spacing.xs) {
Sources/Previews/IconographyStatusPreviews.swift:39:                    .overlay(theme.colors.strokeSubtle)
Sources/Previews/IconographyStatusPreviews.swift:47:        .background(theme.colors.canvas)
Sources/Previews/IconographyStatusPreviews.swift:51:        VStack(alignment: .leading, spacing: theme.spacing.sm) {
Sources/Components/AmbitionsFlagshipTactilePrimitives.swift:32:        VStack(spacing: 0) {
Sources/Components/AmbitionsFlagshipTactilePrimitives.swift:39:                        .shadow(color: theme.colors.accentSecondary.opacity(0.4), radius: 2)
Sources/Components/AmbitionsFlagshipTactilePrimitives.swift:71:                        .shadow(color: theme.colors.accentPrimary.opacity(0.6), radius: 2)
Sources/Components/AmbitionsFlagshipTactilePrimitives.swift:85:                .background {
Sources/Components/AmbitionsFlagshipTactilePrimitives.swift:89:                .overlay {
Sources/Components/AmbitionsFlagshipTactilePrimitives.swift:96:            .background {
Sources/Components/AmbitionsFlagshipTactilePrimitives.swift:179:            VStack(spacing: theme.spacing.md) {
Sources/Components/AmbitionsFlagshipTactilePrimitives.swift:184:                        RoundedRectangle(cornerRadius: theme.radius.md, style: .continuous)
Sources/Components/AmbitionsFlagshipTactilePrimitives.swift:237:                    VStack(spacing: theme.spacing.xxs) {
Sources/Components/AmbitionsFlagshipTactilePrimitives.swift:247:                            .shadow(color: theme.colors.accentSecondary.opacity(colorSchemeContrast == .increased ? 0 : 0.45), radius: 8)
Sources/Components/AmbitionsFlagshipTactilePrimitives.swift:287:                .clipShape(RoundedRectangle(cornerRadius: theme.radius.md, style: .continuous))
Sources/Components/AmbitionsFlagshipTactilePrimitives.swift:288:                .overlay {
Sources/Components/AmbitionsFlagshipTactilePrimitives.swift:289:                    RoundedRectangle(cornerRadius: theme.radius.md, style: .continuous)
Sources/Components/AmbitionsFlagshipTactilePrimitives.swift:300:                    .background {
Sources/Components/AmbitionsFlagshipTactilePrimitives.swift:301:                        RoundedRectangle(cornerRadius: theme.radius.md, style: .continuous)
Sources/Components/AmbitionsFlagshipTactilePrimitives.swift:304:                    .overlay {
Sources/Components/AmbitionsFlagshipTactilePrimitives.swift:305:                        RoundedRectangle(cornerRadius: theme.radius.md, style: .continuous)
Sources/Components/AmbitionsFlagshipTactilePrimitives.swift:327:                            .background {
Sources/Components/AmbitionsFlagshipTactilePrimitives.swift:347:                            .background {
Sources/Components/AmbitionsFlagshipTactilePrimitives.swift:448:            VStack(alignment: .leading, spacing: theme.spacing.sm) {
Sources/Components/AmbitionsFlagshipTactilePrimitives.swift:470:                        .background {
Sources/Components/AmbitionsFlagshipTactilePrimitives.swift:476:                VStack(alignment: .leading, spacing: theme.spacing.xxs) {
Sources/Components/AmbitionsFlagshipTactilePrimitives.swift:509:                    VStack(alignment: .leading, spacing: 2) {
Sources/Components/AmbitionsFlagshipTactilePrimitives.swift:520:                .background {
Sources/Components/AmbitionsFlagshipTactilePrimitives.swift:521:                    RoundedRectangle(cornerRadius: theme.radius.md, style: .continuous)
Sources/Components/AmbitionsFlagshipTactilePrimitives.swift:526:                VStack(alignment: .leading, spacing: theme.spacing.xxs) {
Sources/Components/AmbitionsFlagshipTactilePrimitives.swift:547:                        VStack(alignment: .leading, spacing: theme.spacing.xxs) {
Sources/Components/AmbitionsFlagshipTactilePrimitives.swift:567:                    .background(theme.colors.strokeSubtle)
Sources/Components/AmbitionsFlagshipTactilePrimitives.swift:577:                            .background {
Sources/Components/AmbitionsFlagshipTactilePrimitives.swift:578:                                RoundedRectangle(cornerRadius: theme.radius.sm, style: .continuous)
Sources/Components/AmbitionsFlagshipTactilePrimitives.swift:590:                            .background {
Sources/Components/AmbitionsFlagshipTactilePrimitives.swift:591:                                RoundedRectangle(cornerRadius: theme.radius.sm, style: .continuous)
Sources/Previews/AccessibilityAdaptiveInterfacePreviews.swift:19:        ScrollView {
Sources/Previews/AccessibilityAdaptiveInterfacePreviews.swift:20:            VStack(alignment: .leading, spacing: theme.spacing.lg) {
Sources/Previews/AccessibilityAdaptiveInterfacePreviews.swift:43:        .background(theme.colors.canvas)
Sources/Previews/AccessibilityAdaptiveInterfacePreviews.swift:47:        VStack(alignment: .leading, spacing: theme.spacing.xs) {
Sources/Previews/AccessibilityAdaptiveInterfacePreviews.swift:74:        .background(
Sources/Previews/AccessibilityAdaptiveInterfacePreviews.swift:75:            RoundedRectangle(cornerRadius: theme.radius.md, style: .continuous)
Sources/Previews/AccessibilityAdaptiveInterfacePreviews.swift:78:        .background(
Sources/Previews/AccessibilityAdaptiveInterfacePreviews.swift:79:            RoundedRectangle(cornerRadius: theme.radius.md, style: .continuous)
Sources/Previews/AccessibilityAdaptiveInterfacePreviews.swift:87:        VStack(alignment: .leading, spacing: theme.spacing.sm) {
Sources/Previews/AccessibilityAdaptiveInterfacePreviews.swift:97:            VStack(spacing: theme.spacing.xs) {
Sources/Previews/TopLevelSurfaceCompositionPreviews.swift:8:        ScrollView {
Sources/Previews/TopLevelSurfaceCompositionPreviews.swift:9:            VStack(alignment: .leading, spacing: theme.spacing.lg) {
Sources/Previews/TopLevelSurfaceCompositionPreviews.swift:25:        .background(theme.colors.canvas)
Sources/Previews/RootDestinationIdentityPreviews.swift:6:    VStack(alignment: .leading, spacing: 18) {
Sources/Previews/RootDestinationIdentityPreviews.swift:15:    .background(AmbitionTheme.dark.shell.canvasGradient)
Sources/Components/ClosureRecoveryPrimitiveFamily.swift:141:        VStack(alignment: .leading, spacing: theme.spacing.md) {
Sources/Components/ClosureRecoveryPrimitiveFamily.swift:149:                VStack(alignment: .leading, spacing: theme.spacing.xxxs) {
Sources/Components/ClosureRecoveryPrimitiveFamily.swift:182:        .background(style.fill.opacity(theme.mode == .dark ? 0.38 : 0.22))
Sources/Components/ClosureRecoveryPrimitiveFamily.swift:183:        .overlay(alignment: .leading) {
Sources/Components/ClosureRecoveryPrimitiveFamily.swift:189:        .overlay(alignment: .top) {
Sources/Components/ClosureRecoveryPrimitiveFamily.swift:195:        .overlay(alignment: .bottom) {
Sources/Components/ClosureRecoveryPrimitiveFamily.swift:258:            VStack(alignment: .leading, spacing: theme.spacing.xxxs) {
Sources/Components/ClosureRecoveryPrimitiveFamily.swift:277:        .background(style.fill.opacity(isEmphasized ? 0.42 : 0.20))
Sources/Components/ClosureRecoveryPrimitiveFamily.swift:278:        .overlay(alignment: .leading) {
Sources/Components/ClosureRecoveryPrimitiveFamily.swift:284:        .overlay(alignment: .bottom) {
Sources/Previews/RealityMeridianTemporalPreviews.swift:15:        ScrollView {
Sources/Previews/RealityMeridianTemporalPreviews.swift:16:            VStack(alignment: .leading, spacing: theme.spacing.lg) {
Sources/Previews/RealityMeridianTemporalPreviews.swift:17:                VStack(alignment: .leading, spacing: theme.spacing.xxxs) {
Sources/Previews/RealityMeridianTemporalPreviews.swift:27:                StateDrivenMaterialPanel(context: .today, state: .active) {
Sources/Previews/RealityMeridianTemporalPreviews.swift:28:                    VStack(alignment: .leading, spacing: theme.spacing.md) {
Sources/Previews/RealityMeridianTemporalPreviews.swift:51:                StateDrivenMaterialPanel(context: .today, state: .proof) {
Sources/Previews/RealityMeridianTemporalPreviews.swift:63:        .background(LivingSurfaceBackground(context: .today, state: .calm).ignoresSafeArea())
Sources/Previews/ShellChromeTrustPreviews.swift:6:    VStack(alignment: .leading, spacing: 16) {
Sources/Previews/ShellChromeTrustPreviews.swift:12:    .background(AmbitionTheme.dark.shell.canvasGradient)
Sources/Previews/PersonalSystemCenterPreviews.swift:64:        ScrollView {
Sources/Previews/PersonalSystemCenterPreviews.swift:65:            VStack(alignment: .leading, spacing: theme.spacing.lg) {
Sources/Previews/PersonalSystemCenterPreviews.swift:88:        .background {
Sources/Previews/DynamicAdaptiveVisualPreviews.swift:167:        ScrollView {
Sources/Previews/DynamicAdaptiveVisualPreviews.swift:168:            VStack(alignment: .leading, spacing: theme.spacing.lg) {
Sources/Previews/DynamicAdaptiveVisualPreviews.swift:207:                    DAVScenarioCard(scenario: scenario)
Sources/Previews/DynamicAdaptiveVisualPreviews.swift:252:        .background(LivingSurfaceBackground(context: .today, state: .calm).ignoresSafeArea())
Sources/Previews/DynamicAdaptiveVisualPreviews.swift:257:private struct DAVScenarioCard: View {
Sources/Previews/DynamicAdaptiveVisualPreviews.swift:273:            VStack(alignment: .leading, spacing: theme.spacing.xs) {
Sources/Previews/FE09ComponentSystemPreviewMatrix.swift:179:        ScrollView {
Sources/Previews/FE09ComponentSystemPreviewMatrix.swift:180:            VStack(alignment: .leading, spacing: theme.spacing.lg) {
Sources/Previews/FE09ComponentSystemPreviewMatrix.swift:205:        .background(LivingSurfaceBackground(context: .trust, state: .calm).ignoresSafeArea())
Sources/Previews/FE09ComponentSystemPreviewMatrix.swift:210:        StateDrivenMaterialPanel(context: cell.role.context, state: cell.state.visualState) {
Sources/Previews/FE09ComponentSystemPreviewMatrix.swift:211:            VStack(alignment: .leading, spacing: theme.spacing.xxs) {
Sources/Previews/FE09ComponentSystemPreviewMatrix.swift:236:        .overlay {
Sources/Previews/FE09ComponentSystemPreviewMatrix.swift:238:                RoundedRectangle(cornerRadius: theme.radius.md, style: .continuous)
Sources/Components/PersonalSystemCenterPrimitives.swift:72:        StateDrivenMaterialPanel(context: .you, state: .proof) {
Sources/Components/PersonalSystemCenterPrimitives.swift:73:            VStack(alignment: .leading, spacing: theme.spacing.md) {
Sources/Components/PersonalSystemCenterPrimitives.swift:79:                        .background(Circle().fill(LivingTabContext.you.accent(in: theme).opacity(0.14)))
Sources/Components/PersonalSystemCenterPrimitives.swift:80:                        .overlay {
Sources/Components/PersonalSystemCenterPrimitives.swift:86:                    VStack(alignment: .leading, spacing: theme.spacing.xxs) {
Sources/Components/PersonalSystemCenterPrimitives.swift:170:        StateDrivenMaterialPanel(context: .you, state: completenessState) {
Sources/Components/PersonalSystemCenterPrimitives.swift:171:            VStack(alignment: .leading, spacing: theme.spacing.sm) {
Sources/Components/PersonalSystemCenterPrimitives.swift:173:                    VStack(alignment: .leading, spacing: theme.spacing.xxxs) {
Sources/Components/PersonalSystemCenterPrimitives.swift:196:                VStack(alignment: .leading, spacing: theme.spacing.xs) {
Sources/Components/AsyncStatePrimitives.swift:10:public struct AsyncStateCard: View {
Sources/Components/AsyncStatePrimitives.swift:28:            LoadingSkeletonCard(lineCount: lines)
Sources/Components/AsyncStatePrimitives.swift:30:            EmptyStateCard(
Sources/Components/AsyncStatePrimitives.swift:39:            ErrorStateCard(
Sources/Components/AsyncStatePrimitives.swift:51:public struct ErrorStateCard: View {
Sources/Components/AsyncStatePrimitives.swift:78:        AppCard(state: .warning, accent: theme.colors.warning) {
Sources/Components/AsyncStatePrimitives.swift:79:            VStack(alignment: .leading, spacing: theme.spacing.md) {
Sources/Components/AsyncStatePrimitives.swift:84:                    StatusChip("May need attention", icon: "exclamationmark.triangle.fill", state: .warning)
Sources/Components/AsyncStatePrimitives.swift:87:                VStack(alignment: .leading, spacing: theme.spacing.xxs) {
Sources/Components/LifeDirectionalIntegrationPrimitives.swift:63:            VStack(spacing: theme.spacing.sm) {
Sources/Components/LifeDirectionalIntegrationPrimitives.swift:153:                .shadow(color: theme.colors.accentWarm.opacity(0.4), radius: 3)
Sources/Components/LifeDirectionalIntegrationPrimitives.swift:159:                    .shadow(radius: 2)
Sources/Components/LifeDirectionalIntegrationPrimitives.swift:170:        VStack(spacing: 2) {
Sources/Components/LifeDirectionalIntegrationPrimitives.swift:245:                    VStack(alignment: .leading, spacing: theme.spacing.xs) {
Sources/Components/LifeDirectionalIntegrationPrimitives.swift:255:                    VStack(alignment: .leading, spacing: theme.spacing.xs) {
Sources/Components/LifeDirectionalIntegrationPrimitives.swift:284:                .shadow(color: theme.colors.accentWarm.opacity(colorSchemeContrast == .increased ? 0.0 : 0.4), radius: 3)
Sources/Components/LifeDirectionalIntegrationPrimitives.swift:288:        .clipShape(RoundedRectangle(cornerRadius: theme.radius.lg, style: .continuous))
Sources/Components/LifeDirectionalIntegrationPrimitives.swift:325:        VStack(alignment: .leading, spacing: theme.spacing.md) {
Sources/Components/LifeDirectionalIntegrationPrimitives.swift:339:                    .background {
Sources/Components/LifeDirectionalIntegrationPrimitives.swift:348:                    RoundedRectangle(cornerRadius: theme.radius.lg, style: .continuous)
Sources/Components/LifeDirectionalIntegrationPrimitives.swift:350:                        .overlay {
Sources/Components/LifeDirectionalIntegrationPrimitives.swift:387:            .clipShape(RoundedRectangle(cornerRadius: theme.radius.lg, style: .continuous))
Sources/Components/LifeDirectionalIntegrationPrimitives.swift:388:            .overlay {
Sources/Components/LifeDirectionalIntegrationPrimitives.swift:389:                RoundedRectangle(cornerRadius: theme.radius.lg, style: .continuous)
Sources/Components/LifeDirectionalIntegrationPrimitives.swift:394:        .background {
Sources/Components/LifeDirectionalIntegrationPrimitives.swift:501:                            .overlay {
Sources/Components/LifeDirectionalIntegrationPrimitives.swift:520:                            .shadow(color: theme.colors.accentSecondary.opacity(0.35), radius: 10, x: 0, y: 4)
Sources/Components/LifeDirectionalIntegrationPrimitives.swift:553:                VStack(alignment: .leading, spacing: theme.spacing.xxs) {
Sources/Components/LifeDirectionalIntegrationPrimitives.swift:579:        VStack(alignment: .leading, spacing: 2) {
Sources/Components/LifeDirectionalIntegrationPrimitives.swift:601:                    .overlay(alignment: .leading) {
Sources/Components/RichPanelPrimitives.swift:134:public enum AmbitionPanelKind: String, CaseIterable, Sendable, Identifiable {
Sources/Components/RichPanelPrimitives.swift:193:    var surfaceStyle: AmbitionCardStyle {
Sources/Components/RichPanelPrimitives.swift:205:public struct AmbitionPanelAction: Identifiable, Hashable, Sendable {
Sources/Components/RichPanelPrimitives.swift:236:public struct AmbitionRichPanelConfiguration: Sendable {
Sources/Components/RichPanelPrimitives.swift:237:    public let kind: AmbitionPanelKind
Sources/Components/RichPanelPrimitives.swift:247:    public let primaryAction: AmbitionPanelAction?
Sources/Components/RichPanelPrimitives.swift:248:    public let secondaryAction: AmbitionPanelAction?
Sources/Components/RichPanelPrimitives.swift:254:        kind: AmbitionPanelKind,
Sources/Components/RichPanelPrimitives.swift:264:        primaryAction: AmbitionPanelAction? = nil,
Sources/Components/RichPanelPrimitives.swift:265:        secondaryAction: AmbitionPanelAction? = nil,
Sources/Components/RichPanelPrimitives.swift:288:public typealias AmbitionPanelActionHandler = @MainActor (AmbitionPanelAction) -> Void
Sources/Components/RichPanelPrimitives.swift:290:public struct AmbitionRichPanel<VisualSlot: View, ContentSlot: View>: View {
Sources/Components/RichPanelPrimitives.swift:294:    private let configuration: AmbitionRichPanelConfiguration
Sources/Components/RichPanelPrimitives.swift:297:    private let onAction: AmbitionPanelActionHandler?
Sources/Components/RichPanelPrimitives.swift:300:        _ configuration: AmbitionRichPanelConfiguration,
Sources/Components/RichPanelPrimitives.swift:301:        onAction: AmbitionPanelActionHandler? = nil,
Sources/Components/RichPanelPrimitives.swift:314:        VStack(alignment: .leading, spacing: theme.spacing.md) {
Sources/Components/RichPanelPrimitives.swift:341:        .transition(reduceMotion ? .opacity : .ambitionPanel)
Sources/Components/RichPanelPrimitives.swift:342:        .ambitionPanelAccessibility(
Sources/Components/RichPanelPrimitives.swift:392:                .background(Circle().fill(semanticStyle.fill))
Sources/Components/RichPanelPrimitives.swift:393:                .overlay(Circle().stroke(semanticStyle.stroke, lineWidth: 1))
Sources/Components/RichPanelPrimitives.swift:396:            VStack(alignment: .leading, spacing: theme.spacing.xxs) {
Sources/Components/RichPanelPrimitives.swift:402:                    AmbitionChip(configuration.semanticState.label, role: .state, semanticState: configuration.semanticState)
Sources/Components/RichPanelPrimitives.swift:414:        VStack(alignment: .leading, spacing: theme.spacing.xs) {
Sources/Components/RichPanelPrimitives.swift:416:                AmbitionChip(confidenceLabel, role: .confidence, semanticState: configuration.semanticState)
Sources/Components/RichPanelPrimitives.swift:432:        VStack(alignment: .leading, spacing: theme.spacing.xxs) {
Sources/Components/RichPanelPrimitives.swift:442:        .background(RoundedRectangle(cornerRadius: theme.radius.md, style: .continuous).fill(theme.colors.surfaceOverlay))
Sources/Components/RichPanelPrimitives.swift:443:        .overlay(RoundedRectangle(cornerRadius: theme.radius.md, style: .continuous).stroke(theme.borders.quiet, lineWidth: 1))
Sources/Components/RichPanelPrimitives.swift:450:            VStack(alignment: .leading, spacing: theme.spacing.xs) {
Sources/Components/RichPanelPrimitives.swift:466:public extension AmbitionPanelAction.Role {
Sources/Components/RichPanelPrimitives.swift:490:public extension AmbitionRichPanel where VisualSlot == EmptyView, ContentSlot == EmptyView {
Sources/Components/RichPanelPrimitives.swift:492:        _ configuration: AmbitionRichPanelConfiguration,
Sources/Components/RichPanelPrimitives.swift:493:        onAction: AmbitionPanelActionHandler? = nil
Sources/Components/RichPanelPrimitives.swift:499:public extension AmbitionRichPanel where ContentSlot == EmptyView {
Sources/Components/RichPanelPrimitives.swift:501:        _ configuration: AmbitionRichPanelConfiguration,
Sources/Components/RichPanelPrimitives.swift:502:        onAction: AmbitionPanelActionHandler? = nil,
Sources/Components/RichPanelPrimitives.swift:509:public struct HeroDecisionPanel<VisualSlot: View, ContentSlot: View>: View {
Sources/Components/RichPanelPrimitives.swift:510:    private let panel: AmbitionRichPanel<VisualSlot, ContentSlot>
Sources/Components/RichPanelPrimitives.swift:513:        _ configuration: AmbitionRichPanelConfiguration,
Sources/Components/RichPanelPrimitives.swift:514:        onAction: AmbitionPanelActionHandler? = nil,
Sources/Components/RichPanelPrimitives.swift:518:        panel = AmbitionRichPanel(configuration.with(kind: .heroDecision), onAction: onAction, visualSlot: visualSlot, contentSlot: contentSlot)
Sources/Components/RichPanelPrimitives.swift:524:public struct ProgressPanel<VisualSlot: View, ContentSlot: View>: View {
Sources/Components/RichPanelPrimitives.swift:525:    private let panel: AmbitionRichPanel<VisualSlot, ContentSlot>
Sources/Components/RichPanelPrimitives.swift:527:    public init(_ configuration: AmbitionRichPanelConfiguration, onAction: AmbitionPanelActionHandler? = nil, @ViewBuilder visualSlot: () -> VisualSlot, @ViewBuilder contentSlot: () -> ContentSlot) {
Sources/Components/RichPanelPrimitives.swift:528:        panel = AmbitionRichPanel(configuration.with(kind: .progress), onAction: onAction, visualSlot: visualSlot, contentSlot: contentSlot)
Sources/Components/RichPanelPrimitives.swift:534:public struct TimelinePanel<VisualSlot: View, ContentSlot: View>: View {
Sources/Components/RichPanelPrimitives.swift:535:    private let panel: AmbitionRichPanel<VisualSlot, ContentSlot>
Sources/Components/RichPanelPrimitives.swift:537:    public init(_ configuration: AmbitionRichPanelConfiguration, onAction: AmbitionPanelActionHandler? = nil, @ViewBuilder visualSlot: () -> VisualSlot, @ViewBuilder contentSlot: () -> ContentSlot) {
Sources/Components/RichPanelPrimitives.swift:538:        panel = AmbitionRichPanel(configuration.with(kind: .timeline), onAction: onAction, visualSlot: visualSlot, contentSlot: contentSlot)
Sources/Components/RichPanelPrimitives.swift:544:public struct SchedulePanel<VisualSlot: View, ContentSlot: View>: View {
Sources/Components/RichPanelPrimitives.swift:545:    private let panel: AmbitionRichPanel<VisualSlot, ContentSlot>
Sources/Components/RichPanelPrimitives.swift:547:    public init(_ configuration: AmbitionRichPanelConfiguration, onAction: AmbitionPanelActionHandler? = nil, @ViewBuilder visualSlot: () -> VisualSlot, @ViewBuilder contentSlot: () -> ContentSlot) {
Sources/Components/RichPanelPrimitives.swift:548:        panel = AmbitionRichPanel(configuration.with(kind: .schedule), onAction: onAction, visualSlot: visualSlot, contentSlot: contentSlot)
Sources/Components/RichPanelPrimitives.swift:554:public struct InsightPanel<VisualSlot: View, ContentSlot: View>: View {
Sources/Components/RichPanelPrimitives.swift:555:    private let panel: AmbitionRichPanel<VisualSlot, ContentSlot>
Sources/Components/RichPanelPrimitives.swift:557:    public init(_ configuration: AmbitionRichPanelConfiguration, onAction: AmbitionPanelActionHandler? = nil, @ViewBuilder visualSlot: () -> VisualSlot, @ViewBuilder contentSlot: () -> ContentSlot) {
Sources/Components/RichPanelPrimitives.swift:558:        panel = AmbitionRichPanel(configuration.with(kind: .insight), onAction: onAction, visualSlot: visualSlot, contentSlot: contentSlot)
Sources/Components/RichPanelPrimitives.swift:564:public struct RecoveryPanel<VisualSlot: View, ContentSlot: View>: View {
Sources/Components/RichPanelPrimitives.swift:567:    private let configuration: AmbitionRichPanelConfiguration
Sources/Components/RichPanelPrimitives.swift:570:    private let onAction: AmbitionPanelActionHandler?
Sources/Components/RichPanelPrimitives.swift:572:    public init(_ configuration: AmbitionRichPanelConfiguration, onAction: AmbitionPanelActionHandler? = nil, @ViewBuilder visualSlot: () -> VisualSlot, @ViewBuilder contentSlot: () -> ContentSlot) {
Sources/Components/RichPanelPrimitives.swift:589:            VStack(alignment: .leading, spacing: theme.spacing.sm) {
Sources/Components/RichPanelPrimitives.swift:613:    private func actionButton(_ action: AmbitionPanelAction, isPrimary: Bool) -> some View {
Sources/Components/RichPanelPrimitives.swift:626:public struct TrustPanel<VisualSlot: View, ContentSlot: View>: View {
Sources/Components/RichPanelPrimitives.swift:627:    private let panel: AmbitionRichPanel<VisualSlot, ContentSlot>
Sources/Components/RichPanelPrimitives.swift:629:    public init(_ configuration: AmbitionRichPanelConfiguration, onAction: AmbitionPanelActionHandler? = nil, @ViewBuilder visualSlot: () -> VisualSlot, @ViewBuilder contentSlot: () -> ContentSlot) {
Sources/Components/RichPanelPrimitives.swift:630:        panel = AmbitionRichPanel(configuration.with(kind: .trust), onAction: onAction, visualSlot: visualSlot, contentSlot: contentSlot)
Sources/Components/RichPanelPrimitives.swift:636:public struct CapturePanel<VisualSlot: View, ContentSlot: View>: View {
Sources/Components/RichPanelPrimitives.swift:637:    private let panel: AmbitionRichPanel<VisualSlot, ContentSlot>
Sources/Components/RichPanelPrimitives.swift:639:    public init(_ configuration: AmbitionRichPanelConfiguration, onAction: AmbitionPanelActionHandler? = nil, @ViewBuilder visualSlot: () -> VisualSlot, @ViewBuilder contentSlot: () -> ContentSlot) {
Sources/Components/RichPanelPrimitives.swift:640:        panel = AmbitionRichPanel(configuration.with(kind: .capture), onAction: onAction, visualSlot: visualSlot, contentSlot: contentSlot)
Sources/Components/RichPanelPrimitives.swift:646:public struct ReviewPanel<VisualSlot: View, ContentSlot: View>: View {
Sources/Components/RichPanelPrimitives.swift:647:    private let panel: AmbitionRichPanel<VisualSlot, ContentSlot>
Sources/Components/RichPanelPrimitives.swift:649:    public init(_ configuration: AmbitionRichPanelConfiguration, onAction: AmbitionPanelActionHandler? = nil, @ViewBuilder visualSlot: () -> VisualSlot, @ViewBuilder contentSlot: () -> ContentSlot) {
Sources/Components/RichPanelPrimitives.swift:650:        panel = AmbitionRichPanel(configuration.with(kind: .review), onAction: onAction, visualSlot: visualSlot, contentSlot: contentSlot)
Sources/Components/RichPanelPrimitives.swift:656:public struct SettingsPreferencePanel<VisualSlot: View, ContentSlot: View>: View {
Sources/Components/RichPanelPrimitives.swift:657:    private let panel: AmbitionRichPanel<VisualSlot, ContentSlot>
Sources/Components/RichPanelPrimitives.swift:659:    public init(_ configuration: AmbitionRichPanelConfiguration, onAction: AmbitionPanelActionHandler? = nil, @ViewBuilder visualSlot: () -> VisualSlot, @ViewBuilder contentSlot: () -> ContentSlot) {
Sources/Components/RichPanelPrimitives.swift:660:        panel = AmbitionRichPanel(configuration.with(kind: .settingsPreference), onAction: onAction, visualSlot: visualSlot, contentSlot: contentSlot)
Sources/Components/RichPanelPrimitives.swift:666:public extension AmbitionRichPanelConfiguration {
Sources/Components/RichPanelPrimitives.swift:667:    func with(kind: AmbitionPanelKind) -> AmbitionRichPanelConfiguration {
Sources/Components/RichPanelPrimitives.swift:668:        AmbitionRichPanelConfiguration(
Sources/Previews/SI03ShellNavigationPreviews.swift:9:        ScrollView {
Sources/Previews/SI03ShellNavigationPreviews.swift:26:                GroupedNavigationList {
Sources/Components/SurfaceShellPrimitives.swift:17:        case .overlayHost: "Overlay host"
Sources/Components/SurfaceShellPrimitives.swift:26:        case .overlayHost: .triage
Sources/Components/SurfaceShellPrimitives.swift:35:        case .overlayHost: .tight
Sources/Components/SurfaceShellPrimitives.swift:44:        case .overlayHost: "Temporary overlay host"
Sources/Components/SurfaceShellPrimitives.swift:102:        VStack(alignment: .leading, spacing: theme.spacing.lg) {
Sources/Components/SurfaceShellPrimitives.swift:108:        .background(theme.shell.canvasGradient)
Sources/Components/SurfaceShellPrimitives.swift:110:        .ambitionPanelAccessibility(
Sources/Components/SurfaceShellPrimitives.swift:124:        VStack(alignment: .leading, spacing: theme.spacing.sm) {
Sources/Components/SurfaceShellPrimitives.swift:126:                VStack(alignment: .leading, spacing: theme.spacing.xs) {
Sources/Components/SurfaceShellPrimitives.swift:128:                        AmbitionModeLensPill(kind.defaultLens)
Sources/Components/SurfaceShellPrimitives.swift:161:        .background {
Sources/Components/SurfaceShellPrimitives.swift:162:            let chromeShape = RoundedRectangle(cornerRadius: theme.radius.lg, style: .continuous)
Sources/Components/SurfaceShellPrimitives.swift:171:        .overlay(RoundedRectangle(cornerRadius: theme.radius.lg, style: .continuous).stroke(theme.shell.divider, lineWidth: 1))
Sources/Components/SurfaceShellPrimitives.swift:172:        .shadow(color: theme.depth.resting.color, radius: theme.depth.resting.radius, x: theme.depth.resting.x, y: theme.depth.resting.y)
Sources/Components/SurfaceShellPrimitives.swift:223:        self.overlay = overlay()
Sources/Components/SurfaceShellPrimitives.swift:234:                VStack(alignment: .leading, spacing: theme.spacing.sm) {
Sources/Components/SurfaceShellPrimitives.swift:236:                        VStack(alignment: .leading, spacing: theme.spacing.xxxs) {
Sources/Components/SurfaceShellPrimitives.swift:266:                .background {
Sources/Components/SurfaceShellPrimitives.swift:267:                    let chromeShape = RoundedRectangle(cornerRadius: theme.radius.lg, style: .continuous)
Sources/Components/SurfaceShellPrimitives.swift:276:                .overlay(RoundedRectangle(cornerRadius: theme.radius.lg, style: .continuous).stroke(theme.shell.divider, lineWidth: 1))
Sources/Components/SurfaceShellPrimitives.swift:277:                .shadow(color: theme.depth.overlay.color, radius: theme.depth.overlay.radius, x: theme.depth.overlay.x, y: theme.depth.overlay.y)
Sources/Components/IconographyStatusPrimitives.swift:29:    case loadingDegradedCard
Sources/Components/IconographyStatusPrimitives.swift:38:        case .loadingDegradedCard: "Loading or degraded card"
Sources/Components/IconographyStatusPrimitives.swift:237:            return [.objectHeader, .statusBadge, .loadingDegradedCard, .reviewFold]
Sources/Components/IconographyStatusPrimitives.swift:240:            return [.objectHeader, .statusBadge, .externalCompact, .loadingDegradedCard]
Sources/Components/IconographyStatusPrimitives.swift:243:            return [.objectHeader, .statusBadge, .loadingDegradedCard, .reviewFold]
Sources/Components/IconographyStatusPrimitives.swift:245:            return [.objectHeader, .statusBadge, .loadingDegradedCard, .reviewFold]
Sources/Components/IconographyStatusPrimitives.swift:248:            return [.objectHeader, .statusBadge, .loadingDegradedCard]
Sources/Components/IconographyStatusPrimitives.swift:300:        .background(background)
Sources/Components/IconographyStatusPrimitives.swift:301:        .clipShape(RoundedRectangle(cornerRadius: radius, style: .continuous))
Sources/Components/IconographyStatusPrimitives.swift:302:        .overlay {
Sources/Components/IconographyStatusPrimitives.swift:303:            RoundedRectangle(cornerRadius: radius, style: .continuous)
Sources/Components/IconographyStatusPrimitives.swift:316:            .background(symbolBackground)
Sources/Components/IconographyStatusPrimitives.swift:322:        VStack(alignment: .leading, spacing: theme.spacing.xxxs) {
Sources/Components/NavigationPrimitives.swift:84:                VStack(spacing: theme.spacing.xxxs) {
Sources/Components/NavigationPrimitives.swift:95:                .background {
Sources/Components/NavigationPrimitives.swift:112:                GlassEffectContainer(spacing: theme.shell.glass.containerSpacing) {
Sources/Components/NavigationPrimitives.swift:120:            .background {
Sources/Components/NavigationPrimitives.swift:130:            .overlay(Capsule(style: .continuous).stroke(theme.shell.divider, lineWidth: 1))
Sources/Components/NavigationPrimitives.swift:180:                GlassEffectContainer(spacing: theme.shell.glass.containerSpacing) {
Sources/Components/NavigationPrimitives.swift:188:            .background {
Sources/Components/NavigationPrimitives.swift:198:            .overlay(Capsule(style: .continuous).stroke(theme.colors.strokeSubtle, lineWidth: 1))
Sources/Components/NavigationPrimitives.swift:203:public struct ListChevronRow<Leading: View, Trailing: View>: View {
Sources/Components/NavigationPrimitives.swift:277:                    VStack(spacing: theme.spacing.xxxs) {
Sources/Components/NavigationPrimitives.swift:288:                    .background(
Sources/Components/NavigationPrimitives.swift:289:                        RoundedRectangle(cornerRadius: theme.radius.md, style: .continuous)
Sources/Components/NavigationPrimitives.swift:299:                GlassEffectContainer(spacing: theme.shell.glass.containerSpacing) {
Sources/Components/NavigationPrimitives.swift:307:            .background {
Sources/Components/NavigationPrimitives.swift:308:                let chromeShape = RoundedRectangle(cornerRadius: theme.radius.lg, style: .continuous)
Sources/Components/NavigationPrimitives.swift:314:                    chromeShape.fill(theme.colors.canvasElevated.opacity(theme.surfaces.backgroundBlurOpacity))
Sources/Components/NavigationPrimitives.swift:317:            .overlay(RoundedRectangle(cornerRadius: theme.radius.lg, style: .continuous).stroke(theme.colors.strokeSubtle, lineWidth: 1))
Sources/Components/NavigationPrimitives.swift:318:            .shadow(color: theme.elevation.raised.color, radius: theme.elevation.raised.radius, x: 0, y: theme.elevation.raised.y)
Sources/Components/NavigationPrimitives.swift:346:            .background {
Sources/Components/NavigationPrimitives.swift:368:            .overlay {
Sources/Components/NavigationPrimitives.swift:378:            .overlay(alignment: .bottom) {
Sources/Components/NavigationPrimitives.swift:381:            .shadow(color: chromeAccent.opacity(isPressed ? 0.12 : 0.24), radius: isPressed ? 7 : 16, x: 0, y: isPressed ? 3 : 10)
Sources/Components/NavigationPrimitives.swift:382:            .shadow(color: Color.black.opacity(theme.mode == .dark ? 0.24 : 0.10), radius: isPressed ? 6 : 14, x: 0, y: isPressed ? 2 : 8)
Sources/Components/ChromeButtonPrimitives.swift:89:            VStack(alignment: .leading, spacing: theme.spacing.xxxs) {
Sources/Components/ChromeButtonPrimitives.swift:144:            .background {
Sources/Components/ChromeButtonPrimitives.swift:157:            .overlay(alignment: .top) {
Sources/Components/ChromeButtonPrimitives.swift:162:            .overlay(alignment: .bottom) {
Sources/Components/ChromeButtonPrimitives.swift:166:            .shadow(color: glowColor(semantic: semantic).opacity(isEnabled ? (isPressed ? 0.16 : 0.28) : 0.0), radius: isPressed ? 8 : 18, x: 0, y: isPressed ? 4 : 12)
Sources/Components/ChromeButtonPrimitives.swift:167:            .shadow(color: Color.black.opacity(isEnabled ? 0.22 : 0.04), radius: isPressed ? 8 : 16, x: 0, y: isPressed ? 3 : 9)
Sources/Components/LoadingDegradedStatePrimitives.swift:169:    public var emphasis: PanelEmphasis {
Sources/Components/LoadingDegradedStatePrimitives.swift:247:        AdaptivePanel(
Sources/Components/LoadingDegradedStatePrimitives.swift:260:            VStack(alignment: .leading, spacing: theme.spacing.sm) {
Sources/Components/AmbitionsPremiumMaterials.swift:169:            VStack(alignment: .leading, spacing: 0) {
Sources/Components/AmbitionsPremiumMaterials.swift:172:            .background(theme.colors.surfaceOverlay)
Sources/Components/AmbitionsPremiumMaterials.swift:173:            .clipShape(RoundedRectangle(cornerRadius: cornerRadius, style: .continuous))
Sources/Components/AmbitionsPremiumMaterials.swift:174:            .overlay {
Sources/Components/AmbitionsPremiumMaterials.swift:175:                RoundedRectangle(cornerRadius: cornerRadius, style: .continuous)
Sources/Components/AmbitionsPremiumMaterials.swift:179:            VStack(alignment: .leading, spacing: 0) {
Sources/Components/AmbitionsPremiumMaterials.swift:182:            .background {
Sources/Components/AmbitionsPremiumMaterials.swift:185:                    RoundedRectangle(cornerRadius: cornerRadius, style: .continuous)
Sources/Components/AmbitionsPremiumMaterials.swift:189:                    RoundedRectangle(cornerRadius: cornerRadius, style: .continuous)
Sources/Components/AmbitionsPremiumMaterials.swift:190:                        .fill(theme.surfaces.overlayGradient.opacity(0.70))
Sources/Components/AmbitionsPremiumMaterials.swift:194:            .overlay {
Sources/Components/AmbitionsPremiumMaterials.swift:196:                RoundedRectangle(cornerRadius: cornerRadius, style: .continuous)
Sources/Components/AmbitionsPremiumMaterials.swift:229:        VStack(alignment: .leading, spacing: 0) {
Sources/Components/AmbitionsPremiumMaterials.swift:232:        .background {
Sources/Components/AmbitionsPremiumMaterials.swift:233:            RoundedRectangle(cornerRadius: cornerRadius, style: .continuous)
Sources/Components/AmbitionsPremiumMaterials.swift:236:        .overlay {
Sources/Components/AmbitionsPremiumMaterials.swift:238:            RoundedRectangle(cornerRadius: cornerRadius, style: .continuous)
Sources/Components/AmbitionsPremiumMaterials.swift:339:            .overlay {
Sources/Components/AmbitionsPremiumMaterials.swift:356:        let shape = RoundedRectangle(cornerRadius: theme.radius.lg, style: .continuous)
Sources/Components/InformationPrimitives.swift:27:            VStack(alignment: .leading, spacing: theme.spacing.xxs) {
Sources/Components/InformationPrimitives.swift:52:public struct TagPill: View {
Sources/Components/InformationPrimitives.swift:90:        .background(Capsule(style: .continuous).fill(style.fill))
Sources/Components/InformationPrimitives.swift:91:        .overlay(Capsule(style: .continuous).stroke(style.stroke, lineWidth: 1))
Sources/Components/InformationPrimitives.swift:92:        .overlay {
Sources/Components/InformationPrimitives.swift:104:public struct StatTile: View {
Sources/Components/InformationPrimitives.swift:134:        WidgetCard(state: state, accent: accent) {
Sources/Components/InformationPrimitives.swift:135:            VStack(alignment: .leading, spacing: theme.spacing.sm) {
Sources/Components/InformationPrimitives.swift:141:                    TagPill(labelText, state: state, accent: accent)
Sources/Components/InformationPrimitives.swift:150:                VStack(alignment: .leading, spacing: theme.spacing.xxxs) {
Sources/Components/InformationPrimitives.swift:210:        VStack(alignment: .leading, spacing: theme.spacing.xs) {
Sources/Components/InformationPrimitives.swift:246:        .background(RoundedRectangle(cornerRadius: theme.radius.md, style: .continuous).fill(theme.colors.surfaceOverlay))
Sources/Components/InformationPrimitives.swift:247:        .overlay(RoundedRectangle(cornerRadius: theme.radius.md, style: .continuous).stroke(theme.colors.strokeSubtle, lineWidth: 1))
Sources/Components/InformationPrimitives.swift:273:        AppCard {
Sources/Components/InformationPrimitives.swift:274:            VStack(alignment: .leading, spacing: theme.spacing.md) {
Sources/Components/InformationPrimitives.swift:279:                    .background(RoundedRectangle(cornerRadius: theme.radius.md, style: .continuous).fill(theme.colors.surfaceOverlay))
Sources/Components/InformationPrimitives.swift:280:                    .overlay(RoundedRectangle(cornerRadius: theme.radius.md, style: .continuous).stroke(theme.colors.strokeSubtle, lineWidth: 1))
Sources/Components/InformationPrimitives.swift:287:public struct EmptyStateCard: View {
Sources/Components/InformationPrimitives.swift:314:        AppCard {
Sources/Components/InformationPrimitives.swift:315:            VStack(alignment: .leading, spacing: theme.spacing.md) {
Sources/Components/InformationPrimitives.swift:320:                    .background(Circle().fill(theme.colors.surfaceOverlay))
Sources/Components/InformationPrimitives.swift:322:                VStack(alignment: .leading, spacing: theme.spacing.xxs) {
Sources/Components/InformationPrimitives.swift:344:public struct LoadingSkeletonCard: View {
Sources/Components/InformationPrimitives.swift:355:        AppCard(state: .loading) {
Sources/Components/InformationPrimitives.swift:356:            VStack(alignment: .leading, spacing: theme.spacing.md) {
Sources/Components/InformationPrimitives.swift:369:        RoundedRectangle(cornerRadius: theme.radius.sm, style: .continuous)
Sources/Components/InformationPrimitives.swift:386:            .overlay {
Sources/Components/StartHereProductPrimitives.swift:130:        VStack(alignment: .leading, spacing: theme.spacing.lg) {
Sources/Components/StartHereProductPrimitives.swift:132:            VStack(alignment: .leading, spacing: theme.spacing.xs) {
Sources/Components/StartHereProductPrimitives.swift:139:                        .background {
Sources/Components/StartHereProductPrimitives.swift:178:            VStack(spacing: theme.spacing.sm) {
Sources/Components/StartHereProductPrimitives.swift:186:                                .background {
Sources/Components/StartHereProductPrimitives.swift:192:                            VStack(alignment: .leading, spacing: theme.spacing.xxxs) {
Sources/Components/StartHereProductPrimitives.swift:224:        .background {
Sources/Components/StartHereProductPrimitives.swift:245:        .background {
Sources/Components/StartHereProductPrimitives.swift:249:        .overlay {
Sources/Components/ControlPrimitives.swift:42:            .background(backgroundShape.fill(fill(for: resolved)))
Sources/Components/ControlPrimitives.swift:43:            .overlay(backgroundShape.stroke(stroke(for: resolved), lineWidth: tier == .tertiary ? 0 : 1))
Sources/Components/ControlPrimitives.swift:135:public struct StatusChip: View {
Sources/Components/ControlPrimitives.swift:171:        .background(RoundedRectangle(cornerRadius: theme.radius.chip, style: .continuous).fill(style.fill))
Sources/Components/ControlPrimitives.swift:172:        .overlay(RoundedRectangle(cornerRadius: theme.radius.chip, style: .continuous).stroke(style.stroke, lineWidth: 1))
Sources/Components/ControlPrimitives.swift:176:public enum AmbitionChipRole: String, CaseIterable, Sendable {
Sources/Components/ControlPrimitives.swift:188:public struct AmbitionChip: View {
Sources/Components/ControlPrimitives.swift:193:    private let role: AmbitionChipRole
Sources/Components/ControlPrimitives.swift:199:        role: AmbitionChipRole = .state,
Sources/Components/ControlPrimitives.swift:224:        .background(RoundedRectangle(cornerRadius: theme.radius.chip, style: .continuous).fill(style.fill))
Sources/Components/ControlPrimitives.swift:225:        .overlay(RoundedRectangle(cornerRadius: theme.radius.chip, style: .continuous).stroke(style.stroke, lineWidth: 1))
Sources/Components/ControlPrimitives.swift:245:public extension AmbitionChipRole {
Sources/Components/ControlPrimitives.swift:278:        .background(
Sources/Components/ControlPrimitives.swift:279:            RoundedRectangle(cornerRadius: theme.radius.band, style: .continuous)
Sources/Components/ControlPrimitives.swift:282:        .overlay(
Sources/Components/ControlPrimitives.swift:283:            RoundedRectangle(cornerRadius: theme.radius.band, style: .continuous)
Sources/Components/ControlPrimitives.swift:313:            VStack(alignment: .leading, spacing: theme.spacing.xxxs) {
Sources/Components/ControlPrimitives.swift:329:        .background(
Sources/Components/ControlPrimitives.swift:330:            RoundedRectangle(cornerRadius: theme.radius.md, style: .continuous)
Sources/Components/ControlPrimitives.swift:331:                .fill(theme.surfaces.overlayGradient)
Sources/Components/ControlPrimitives.swift:333:        .overlay(
Sources/Components/ControlPrimitives.swift:334:            RoundedRectangle(cornerRadius: theme.radius.md, style: .continuous)
Sources/Components/ControlPrimitives.swift:340:public struct SectionContainer<Header: View, Content: View>: View {
Sources/Components/ControlPrimitives.swift:359:        AppCard(state: state, accent: accent) {
Sources/Components/ControlPrimitives.swift:360:            VStack(alignment: .leading, spacing: 16) {
Sources/Theme/AmbitionTheme.swift:107:    public struct PanelTokens: Sendable {
Sources/Theme/AmbitionTheme.swift:377:    public let panel: PanelTokens
Sources/Theme/AmbitionTheme.swift:401:            quietGlass: materials.overlayGradient
Sources/Theme/AmbitionTheme.swift:423:        panel: PanelTokens,
Sources/Theme/AmbitionTheme.swift:489:            overlayGradient: materials.overlayGradient,
Sources/Theme/AmbitionTheme.swift:514:        let panel = PanelTokens(
Sources/Theme/AmbitionTheme.swift:904:                overlayGradient: LinearGradient(colors: [tone.overlayTint, tone.overlayTint.opacity(0.55)], startPoint: .top, endPoint: .bottom),
Sources/Theme/AmbitionTheme.swift:916:                overlayGradient: LinearGradient(colors: [tone.overlayTint, Color.white.opacity(0.72)], startPoint: .top, endPoint: .bottom),
Sources/Theme/AmbitionTheme.swift:1074:            .background(theme.colors.canvas.ignoresSafeArea())
Sources/Components/RealityMeridianTemporalPrimitives.swift:117:                VStack(alignment: .leading) {
Sources/Components/RealityMeridianTemporalPrimitives.swift:150:                            .shadow(color: theme.colors.accentWarm.opacity(0.36), radius: 8)
Sources/Components/RealityMeridianTemporalPrimitives.swift:173:        .background(RoundedRectangle(cornerRadius: theme.radius.md, style: .continuous).fill(theme.shell.controlBackground.opacity(presentation.surfaceOpacity)))
Sources/Components/RealityMeridianTemporalPrimitives.swift:174:        .overlay(RoundedRectangle(cornerRadius: theme.radius.md, style: .continuous).stroke(theme.shell.divider.opacity(presentation.strokeOpacity), lineWidth: 1))
Sources/Components/RealityMeridianTemporalPrimitives.swift:213:            VStack(spacing: 0) {
Sources/Components/RealityMeridianTemporalPrimitives.swift:220:                    .overlay(Circle().stroke(theme.colors.accentWarm.opacity(isActive ? 0.84 : 0.48), lineWidth: 1.4))
Sources/Components/FeedbackPrimitives.swift:5:public struct CelebrationBanner: View {
Sources/Components/FeedbackPrimitives.swift:24:                .background(Circle().fill(theme.colors.textInverse.opacity(0.10)))
Sources/Components/FeedbackPrimitives.swift:26:            VStack(alignment: .leading, spacing: theme.spacing.xxs) {
Sources/Components/FeedbackPrimitives.swift:39:        .background(RoundedRectangle(cornerRadius: theme.radius.lg, style: .continuous).fill(theme.surfaces.celebrationGradient))
Sources/Components/FeedbackPrimitives.swift:40:        .overlay(RoundedRectangle(cornerRadius: theme.radius.lg, style: .continuous).stroke(theme.colors.celebration.opacity(0.28), lineWidth: 1))
Sources/Components/FeedbackPrimitives.swift:41:        .shadow(color: theme.colors.celebration.opacity(0.12), radius: theme.glow.radius, x: 0, y: 8)
Sources/Components/FeedbackPrimitives.swift:73:            VStack(alignment: .leading, spacing: theme.spacing.xxxs) {
Sources/Components/FeedbackPrimitives.swift:114:        .overlay(Circle().stroke(theme.colors.strokeStrong, lineWidth: 1))
Sources/Components/AccessibilityAdaptiveInterfacePrimitives.swift:398:            .background {
Sources/Components/AccessibilityAdaptiveInterfacePrimitives.swift:400:                    RoundedRectangle(cornerRadius: theme.radius.sm, style: .continuous)
Sources/Components/AccessibilityAdaptiveInterfacePrimitives.swift:404:            .overlay {
Sources/Components/AccessibilityAdaptiveInterfacePrimitives.swift:406:                    RoundedRectangle(cornerRadius: theme.radius.sm, style: .continuous)
Sources/Components/AccessibilityAdaptiveInterfacePrimitives.swift:680:            VStack(alignment: .leading, spacing: theme.spacing.xs) {
Sources/Components/AccessibilityAdaptiveInterfacePrimitives.swift:699:        .background(
Sources/Components/AccessibilityAdaptiveInterfacePrimitives.swift:700:            RoundedRectangle(cornerRadius: theme.radius.md, style: .continuous)
Sources/Components/HorizonCapacityPrimitiveFamily.swift:168:        VStack(alignment: .leading, spacing: theme.spacing.md) {
Sources/Components/HorizonCapacityPrimitiveFamily.swift:176:                VStack(alignment: .leading, spacing: theme.spacing.xxxs) {
Sources/Components/HorizonCapacityPrimitiveFamily.swift:209:        .background(style.fill.opacity(0.18))
Sources/Components/HorizonCapacityPrimitiveFamily.swift:210:        .overlay(alignment: .leading) {
Sources/Components/HorizonCapacityPrimitiveFamily.swift:216:        .overlay(alignment: .top) {
Sources/Components/HorizonCapacityPrimitiveFamily.swift:222:        .overlay(alignment: .bottom) {
Sources/Components/HorizonCapacityPrimitiveFamily.swift:279:            VStack(alignment: .leading, spacing: 2) {
Sources/Components/HorizonCapacityPrimitiveFamily.swift:313:        .background(style.fill.opacity(isSelected ? 0.24 : 0.08))
Sources/Components/HorizonCapacityPrimitiveFamily.swift:314:        .overlay(alignment: .leading) {
Sources/Components/ShellChromePrimitives.swift:151:public struct AmbitionModeLensPill: View {
Sources/Components/ShellChromePrimitives.swift:168:            .background(Capsule().fill(theme.shell.activeTabBackground))
Sources/Components/ShellChromePrimitives.swift:169:            .overlay(Capsule().stroke(theme.shell.activeTabForeground.opacity(0.34), lineWidth: 1))
Sources/Components/ShellChromePrimitives.swift:193:                .background(Circle().fill(accent.opacity(theme.mode == .dark ? 0.20 : 0.12)))
Sources/Components/ShellChromePrimitives.swift:194:                .overlay(Circle().stroke(accent.opacity(0.42), lineWidth: 1))
Sources/Components/ShellChromePrimitives.swift:278:        .background(RoundedRectangle(cornerRadius: theme.radius.md, style: .continuous).fill(theme.shell.ribbonMaterial))
Sources/Components/ShellChromePrimitives.swift:279:        .overlay(RoundedRectangle(cornerRadius: theme.radius.md, style: .continuous).stroke(theme.shell.divider, lineWidth: 1))
Sources/Components/ShellChromePrimitives.swift:382:                    .background(Capsule().fill(lane == selected ? theme.shell.activeTabBackground : theme.shell.controlBackground))
Sources/Components/ShellChromePrimitives.swift:383:                    .overlay(Capsule().stroke(lane == selected ? theme.shell.activeTabForeground.opacity(0.34) : theme.shell.divider, lineWidth: 1))
Sources/Components/ShellChromePrimitives.swift:415:        .background(RoundedRectangle(cornerRadius: theme.radius.md, style: .continuous).fill(theme.shell.controlBackground))
Sources/Components/ShellChromePrimitives.swift:416:        .overlay(RoundedRectangle(cornerRadius: theme.radius.md, style: .continuous).stroke(theme.shell.divider, lineWidth: 1))
Sources/Components/ShellChromePrimitives.swift:441:                    .background(Capsule().fill(theme.shell.controlBackground))
Sources/Components/ShellChromePrimitives.swift:442:                    .overlay(Capsule().stroke(theme.shell.divider, lineWidth: 1))
Sources/Components/ShellChromePrimitives.swift:467:            .background(Capsule().fill(theme.shell.trustBadgeSurface))
Sources/Components/ShellChromePrimitives.swift:468:            .overlay(Capsule().stroke(theme.semanticColors.trust.opacity(0.38), lineWidth: 1))
Sources/Theme/PanelDensitySize.swift:27:public enum AmbitionPanelSize: String, CaseIterable, Codable, Sendable, Identifiable {
Sources/Theme/PanelDensitySize.swift:106:    public var defaultPanelSize: AmbitionPanelSize {
Sources/Theme/PanelDensitySize.swift:119:    public let panelSize: AmbitionPanelSize
Sources/Theme/PanelDensitySize.swift:120:    public let configuration: AmbitionPanelDisplayConfiguration
Sources/Theme/PanelDensitySize.swift:123:    public let keepsOptionalPanelsCollapsed: Bool
Sources/Theme/PanelDensitySize.swift:130:        panelSize: AmbitionPanelSize? = nil,
Sources/Theme/PanelDensitySize.swift:135:        let requestedSize = panelSize ?? mode.defaultPanelSize
Sources/Theme/PanelDensitySize.swift:136:        let baseConfiguration = AmbitionPanelDisplayConfiguration(
Sources/Theme/PanelDensitySize.swift:154:        self.keepsOptionalPanelsCollapsed = mode != .balanced ||
Sources/Theme/PanelDensitySize.swift:156:            resolvedConfiguration.shouldCollapseOptionalPanels
Sources/Theme/PanelDensitySize.swift:175:public struct AmbitionPanelDisplayConfiguration: Hashable, Codable, Sendable {
Sources/Theme/PanelDensitySize.swift:176:    public static let `default` = AmbitionPanelDisplayConfiguration(
Sources/Theme/PanelDensitySize.swift:182:    public let size: AmbitionPanelSize
Sources/Theme/PanelDensitySize.swift:186:        size: AmbitionPanelSize = .comfortable
Sources/Theme/PanelDensitySize.swift:195:    ) -> AmbitionPanelDisplayConfiguration {
Sources/Theme/PanelDensitySize.swift:205:        return AmbitionPanelDisplayConfiguration(
Sources/Theme/PanelDensitySize.swift:206:            density: AmbitionPanelDisplayConfiguration.effectiveDensity(
Sources/Theme/PanelDensitySize.swift:218:    public var shouldCollapseOptionalPanels: Bool {
Sources/Theme/PanelDensitySize.swift:227:    public var maximumNeighboringPanels: Int {
Sources/Theme/PanelDensitySize.swift:237:        size: AmbitionPanelSize
Sources/Theme/PanelDensitySize.swift:246:public enum AmbitionPanelImportance: String, CaseIterable, Codable, Sendable, Identifiable {
Sources/Theme/PanelDensitySize.swift:275:public enum AmbitionPanelVisibility: String, Codable, Sendable {
Sources/Theme/PanelDensitySize.swift:282:public struct AmbitionPanelDisplayMetrics: Hashable, Sendable {
Sources/Theme/PanelDensitySize.swift:304:public struct AmbitionPanelDisplayDecision: Hashable, Sendable {
Sources/Theme/PanelDensitySize.swift:305:    public let visibility: AmbitionPanelVisibility
Sources/Theme/PanelDensitySize.swift:311:    public let metrics: AmbitionPanelDisplayMetrics
Sources/Theme/PanelDensitySize.swift:317:        visibility: AmbitionPanelVisibility,
Sources/Theme/PanelDensitySize.swift:323:        metrics: AmbitionPanelDisplayMetrics,
Sources/Theme/PanelDensitySize.swift:343:        for configuration: AmbitionPanelDisplayConfiguration
Sources/Theme/PanelDensitySize.swift:344:    ) -> AmbitionPanelDisplayMetrics {
Sources/Theme/PanelDensitySize.swift:376:        return AmbitionPanelDisplayMetrics(
Sources/Theme/PanelDensitySize.swift:386:        for importance: AmbitionPanelImportance,
Sources/Theme/PanelDensitySize.swift:387:        configuration: AmbitionPanelDisplayConfiguration
Sources/Theme/PanelDensitySize.swift:388:    ) -> AmbitionPanelDisplayDecision {
Sources/Theme/PanelDensitySize.swift:401:        return AmbitionPanelDisplayDecision(
Sources/Theme/PanelDensitySize.swift:413:        for importance: AmbitionPanelImportance,
Sources/Theme/PanelDensitySize.swift:414:        configuration: AmbitionPanelDisplayConfiguration
Sources/Theme/PanelDensitySize.swift:434:        for importance: AmbitionPanelImportance,
Sources/Theme/PanelDensitySize.swift:436:        size: AmbitionPanelSize
Sources/Theme/PanelDensitySize.swift:437:    ) -> AmbitionPanelVisibility {
Sources/Theme/PanelDensitySize.swift:484:private struct AmbitionPanelDisplayConfigurationKey: EnvironmentKey {
Sources/Theme/PanelDensitySize.swift:485:    static let defaultValue: AmbitionPanelDisplayConfiguration = .default
Sources/Theme/PanelDensitySize.swift:489:    var ambitionPanelDisplayConfiguration: AmbitionPanelDisplayConfiguration {
Sources/Theme/PanelDensitySize.swift:490:        get { self[AmbitionPanelDisplayConfigurationKey.self] }
Sources/Theme/PanelDensitySize.swift:491:        set { self[AmbitionPanelDisplayConfigurationKey.self] = newValue }
Sources/Theme/PanelDensitySize.swift:496:    func ambitionPanelDisplayConfiguration(
Sources/Theme/PanelDensitySize.swift:497:        _ configuration: AmbitionPanelDisplayConfiguration
Sources/Theme/PanelDensitySize.swift:499:        environment(\.ambitionPanelDisplayConfiguration, configuration)
Sources/Components/DynamicAdaptiveVisualPrimitives.swift:317:            .overlay {
Sources/Components/DynamicAdaptiveVisualPrimitives.swift:322:            .overlay(alignment: .leading) {
Sources/Components/DynamicAdaptiveVisualPrimitives.swift:391:            VStack(alignment: .leading, spacing: theme.spacing.xxxs) {
Sources/Components/DynamicAdaptiveVisualPrimitives.swift:413:        .background(
Sources/Components/DynamicAdaptiveVisualPrimitives.swift:417:        .overlay {
Sources/Components/DynamicAdaptiveVisualPrimitives.swift:430:public struct StateDrivenMaterialPanel<Content: View>: View {
Sources/Components/DynamicAdaptiveVisualPrimitives.swift:451:            VStack(alignment: .leading, spacing: theme.spacing.sm) {
Sources/Components/DynamicAdaptiveVisualPrimitives.swift:457:        .overlay(alignment: .topTrailing) {
Sources/Components/DynamicAdaptiveVisualPrimitives.swift:465:        .shadow(color: theme.depth.resting.color, radius: theme.depth.resting.radius, x: theme.depth.resting.x, y: theme.depth.resting.y)
Sources/Components/DynamicAdaptiveVisualPrimitives.swift:497:        StateDrivenMaterialPanel(context: context, state: state) {
Sources/Components/DynamicAdaptiveVisualPrimitives.swift:503:                    .background(Circle().fill(context.accent(in: theme).opacity(0.12)))
Sources/Components/DynamicAdaptiveVisualPrimitives.swift:506:                VStack(alignment: .leading, spacing: theme.spacing.xxxs) {
Sources/Components/DynamicAdaptiveVisualPrimitives.swift:565:                .background(Circle().fill(accent.opacity(0.12)))
Sources/Components/DynamicAdaptiveVisualPrimitives.swift:568:            VStack(alignment: .leading, spacing: theme.spacing.xxxs) {
Sources/Components/DynamicAdaptiveVisualPrimitives.swift:586:        .background(
Sources/Components/DynamicAdaptiveVisualPrimitives.swift:587:            RoundedRectangle(cornerRadius: theme.radius.pill, style: .continuous)
Sources/Components/DynamicAdaptiveVisualPrimitives.swift:590:        .overlay {
Sources/Components/DynamicAdaptiveVisualPrimitives.swift:591:            RoundedRectangle(cornerRadius: theme.radius.pill, style: .continuous)
Sources/Components/DynamicAdaptiveVisualPrimitives.swift:677:        StateDrivenMaterialPanel(context: context, state: state.livingState) {
Sources/Components/DynamicAdaptiveVisualPrimitives.swift:683:                    .background(Circle().fill(context.accent(in: theme).opacity(0.12)))
Sources/Components/DynamicAdaptiveVisualPrimitives.swift:686:                VStack(alignment: .leading, spacing: theme.spacing.xxxs) {
Sources/Components/DynamicAdaptiveVisualPrimitives.swift:735:public typealias ContextRecallCard = ContextRecallSurface
Sources/Components/DynamicAdaptiveVisualPrimitives.swift:766:        StateDrivenMaterialPanel(context: .memory, state: .calm) {
Sources/Components/DynamicAdaptiveVisualPrimitives.swift:769:            VStack(spacing: theme.spacing.sm) {
Sources/Components/DynamicAdaptiveVisualPrimitives.swift:779:                    .overlay(alignment: .leading) {
Sources/Components/DynamicAdaptiveVisualPrimitives.swift:798:        VStack(spacing: theme.spacing.xxs) {
Sources/Components/DynamicAdaptiveVisualPrimitives.swift:803:                .background(
Sources/Components/DynamicAdaptiveVisualPrimitives.swift:806:                        .overlay(Circle().strokeBorder(theme.semanticColors.trust.opacity(0.24), lineWidth: 1))
Sources/Components/DynamicAdaptiveVisualPrimitives.swift:836:        VStack(alignment: .leading, spacing: theme.spacing.xs) {
Sources/Components/DynamicAdaptiveVisualPrimitives.swift:952:                VStack(alignment: .leading, spacing: theme.spacing.sm) {
Sources/Components/DynamicAdaptiveVisualPrimitives.swift:983:        VStack(alignment: .leading, spacing: theme.spacing.sm) {
Sources/Components/DynamicAdaptiveVisualPrimitives.swift:987:                VStack(alignment: .leading, spacing: theme.spacing.xxxs) {
Sources/Components/DynamicAdaptiveVisualPrimitives.swift:1009:            VStack(alignment: .leading, spacing: theme.spacing.xs) {
Sources/Components/DynamicAdaptiveVisualPrimitives.swift:1026:        .background(
Sources/Components/DynamicAdaptiveVisualPrimitives.swift:1027:            RoundedRectangle(cornerRadius: theme.radius.lg, style: .continuous)
Sources/Components/DynamicAdaptiveVisualPrimitives.swift:1030:        .overlay {
Sources/Components/DynamicAdaptiveVisualPrimitives.swift:1031:            RoundedRectangle(cornerRadius: theme.radius.lg, style: .continuous)
Sources/Components/DynamicAdaptiveVisualPrimitives.swift:1119:        VStack(alignment: .leading, spacing: theme.spacing.md) {
Sources/Components/DynamicAdaptiveVisualPrimitives.swift:1121:                VStack(alignment: .leading, spacing: theme.spacing.xs) {
Sources/Components/DynamicAdaptiveVisualPrimitives.swift:1122:                    VStack(alignment: .leading, spacing: theme.spacing.xxxs) {
Sources/Components/DynamicAdaptiveVisualPrimitives.swift:1135:                    VStack(spacing: theme.spacing.xxs) {
Sources/Components/DynamicAdaptiveVisualPrimitives.swift:1156:                .background(Circle().fill(accent.opacity(0.12)))
Sources/Components/DynamicAdaptiveVisualPrimitives.swift:1159:            VStack(alignment: .leading, spacing: theme.spacing.xxxs) {
Sources/Components/DynamicAdaptiveVisualPrimitives.swift:1181:                    .background(Capsule(style: .continuous).fill(accent.opacity(0.10)))
Sources/Components/DynamicAdaptiveVisualPrimitives.swift:1182:                    .overlay {
Sources/Components/DynamicAdaptiveVisualPrimitives.swift:1195:        .background(
Sources/Components/DynamicAdaptiveVisualPrimitives.swift:1196:            RoundedRectangle(cornerRadius: theme.radius.md, style: .continuous)
Sources/Components/DynamicAdaptiveVisualPrimitives.swift:1199:        .overlay {
Sources/Components/DynamicAdaptiveVisualPrimitives.swift:1200:            RoundedRectangle(cornerRadius: theme.radius.md, style: .continuous)
Sources/Components/MotionPrimitives.swift:119:            return "Panel reveal"
Sources/Components/MotionPrimitives.swift:173:            return "Panel reveal stays silent and does not use reward-style haptics."
Sources/Components/MotionPrimitives.swift:443:                materialRole: .overlay,
Sources/Components/MotionPrimitives.swift:683:    static var ambitionPanel: AnyTransition {
Sources/Components/SurfacePrimitives.swift:4:public enum AmbitionCardStyle: Sendable {
Sources/Components/SurfacePrimitives.swift:15:    private let style: AmbitionCardStyle
Sources/Components/SurfacePrimitives.swift:19:    public init(style: AmbitionCardStyle, state: AmbitionVisualState = .default, accent: Color? = nil) {
Sources/Components/SurfacePrimitives.swift:27:        let shape = RoundedRectangle(cornerRadius: cornerRadius, style: .continuous)
Sources/Components/SurfacePrimitives.swift:44:        .shadow(color: shadow.color.opacity(state == .selected ? 1.05 : 1), radius: shadow.radius, x: shadow.x, y: shadow.y)
Sources/Components/SurfacePrimitives.swift:45:        .overlay {
Sources/Components/SurfacePrimitives.swift:102:        _ style: AmbitionCardStyle,
Sources/Components/SurfacePrimitives.swift:109:    func ambitionPanelAccessibility() -> some View {
Sources/Components/SurfacePrimitives.swift:113:    func ambitionPanelAccessibility(
Sources/Components/SurfacePrimitives.swift:131:public struct AppCard<Content: View>: View {
Sources/Components/SurfacePrimitives.swift:147:        VStack(alignment: .leading, spacing: 0) { content }
Sources/Components/SurfacePrimitives.swift:153:public struct WidgetCard<Content: View>: View {
Sources/Components/SurfacePrimitives.swift:169:        VStack(alignment: .leading, spacing: 0) { content }
Sources/Components/SurfacePrimitives.swift:175:public struct HeroCard<Content: View>: View {
Sources/Components/SurfacePrimitives.swift:191:        VStack(alignment: .leading, spacing: 0) { content }
Sources/Components/SurfacePrimitives.swift:213:        VStack(alignment: .leading, spacing: 0) { content }
Sources/Components/ShellChromeTrustPrimitives.swift:50:        .background(Capsule(style: .continuous).fill(theme.shell.trustBadgeSurface))
Sources/Components/ShellChromeTrustPrimitives.swift:51:        .overlay(Capsule(style: .continuous).stroke(theme.semanticColors.trust.opacity(0.38), lineWidth: 1))
Sources/Components/AmbitionsV2CanonicalComponents.swift:34:                    .background(Circle().fill(theme.colors.surfaceOverlay))
Sources/Components/AmbitionsV2CanonicalComponents.swift:38:            VStack(alignment: .leading, spacing: theme.spacing.xxxs) {
Sources/Components/AmbitionsV2CanonicalComponents.swift:67:public struct HeroStepPanel<Content: View>: View {
Sources/Components/AmbitionsV2CanonicalComponents.swift:97:        HeroDecisionPanel(
Sources/Components/AmbitionsV2CanonicalComponents.swift:98:            AmbitionRichPanelConfiguration(
Sources/Components/AmbitionsV2CanonicalComponents.swift:113:            VStack(alignment: .leading, spacing: theme.spacing.sm) {
Sources/Components/AmbitionsV2CanonicalComponents.swift:137:        TagPill(sourceLabel.map { "\(title) · \($0)" } ?? title, icon: "clock", state: state)
Sources/Components/AmbitionsV2CanonicalComponents.swift:142:public typealias ContextLensChip = TimeContextBadge
Sources/Components/AmbitionsV2CanonicalComponents.swift:143:public typealias EvidenceSourceChip = TimeContextBadge
Sources/Components/AmbitionsV2CanonicalComponents.swift:154:        TagPill(label, icon: "timer", state: .default)
Sources/Components/AmbitionsV2CanonicalComponents.swift:161:public typealias RigidityChip = StatusChip
Sources/Components/AmbitionsV2CanonicalComponents.swift:162:public typealias ReadinessChip = StatusChip
Sources/Components/AmbitionsV2CanonicalComponents.swift:163:public typealias ContextRequirementChip = StatusChip
Sources/Components/AmbitionsV2CanonicalComponents.swift:183:        AppCard {
Sources/Components/AmbitionsV2CanonicalComponents.swift:184:            VStack(alignment: .leading, spacing: theme.spacing.sm) {
Sources/Components/AmbitionsV2CanonicalComponents.swift:193:public struct ClosureCheckInPanel<Content: View>: View {
Sources/Components/GroupedNavigationList.swift:40:public struct GroupedNavigationList<Content: View>: View {
Sources/Components/GroupedNavigationList.swift:50:        VStack(alignment: .leading, spacing: theme.spacing.lg) {
Sources/Components/GroupedNavigationList.swift:76:        VStack(alignment: .leading, spacing: theme.spacing.xs) {
Sources/Components/GroupedNavigationList.swift:85:            VStack(spacing: 0) {
Sources/Components/GroupedNavigationList.swift:88:            .background(sectionShape.fill(theme.colors.surfaceOverlay))
Sources/Components/GroupedNavigationList.swift:89:            .overlay(sectionShape.stroke(theme.colors.strokeSubtle, lineWidth: 1))
Sources/Components/GroupedNavigationList.swift:103:    private var sectionShape: RoundedRectangle {
Sources/Components/GroupedNavigationList.swift:104:        RoundedRectangle(cornerRadius: theme.radius.md, style: .continuous)
Sources/Components/GroupedNavigationList.swift:450:            VStack(alignment: .leading, spacing: theme.spacing.xs) {
Sources/Components/GroupedNavigationList.swift:493:        VStack(alignment: .leading, spacing: theme.spacing.xxxs) {
Sources/Components/GroupedNavigationList.swift:585:        .background(RoundedRectangle(cornerRadius: theme.radius.chip, style: .continuous).fill(style.fill))
Sources/Components/GroupedNavigationList.swift:586:        .overlay(RoundedRectangle(cornerRadius: theme.radius.chip, style: .continuous).stroke(style.stroke, lineWidth: 1))
Sources/Components/GroupedNavigationList.swift:609:            .background(
Sources/Components/TrustReceiptLayerPrimitives.swift:358:                VStack(alignment: .leading, spacing: theme.spacing.xs) {
Sources/Components/TrustReceiptLayerPrimitives.swift:389:            VStack(alignment: .leading, spacing: theme.spacing.xxxs) {
Sources/Components/TrustReceiptLayerPrimitives.swift:405:        .background(
Sources/Components/TrustReceiptLayerPrimitives.swift:406:            RoundedRectangle(cornerRadius: theme.radius.sm, style: .continuous)
Sources/Components/TrustReceiptLayerPrimitives.swift:409:        .overlay(
Sources/Components/TrustReceiptLayerPrimitives.swift:410:            RoundedRectangle(cornerRadius: theme.radius.sm, style: .continuous)
Sources/Components/TrustReceiptLayerPrimitives.swift:571:        VStack(alignment: .leading, spacing: theme.spacing.md) {
Sources/Components/TrustReceiptLayerPrimitives.swift:572:            VStack(alignment: .leading, spacing: theme.spacing.xxxs) {
Sources/Components/TrustReceiptLayerPrimitives.swift:601:            VStack(alignment: .leading, spacing: theme.spacing.xxxs) {
Sources/Components/TrustReceiptLayerPrimitives.swift:613:        .background(
Sources/Components/TrustReceiptLayerPrimitives.swift:614:            RoundedRectangle(cornerRadius: theme.radius.md, style: .continuous)
Sources/Components/TrustReceiptLayerPrimitives.swift:617:        .overlay {
Sources/Components/TrustReceiptLayerPrimitives.swift:618:            RoundedRectangle(cornerRadius: theme.radius.md, style: .continuous)
Sources/Components/TrustReceiptLayerPrimitives.swift:624:        VStack(alignment: .leading, spacing: 0) {
Sources/Components/TrustReceiptLayerPrimitives.swift:627:                    VStack(spacing: theme.spacing.xxs) {
Sources/Components/TrustReceiptLayerPrimitives.swift:646:        VStack(alignment: .leading, spacing: theme.spacing.sm) {
Sources/Components/TrustReceiptLayerPrimitives.swift:654:        VStack(alignment: .leading, spacing: theme.spacing.sm) {
Sources/Components/TrustReceiptLayerPrimitives.swift:675:            VStack(alignment: .leading, spacing: theme.spacing.xs) {
Sources/Components/TrustReceiptLayerPrimitives.swift:695:        .background(
Sources/Components/TrustReceiptLayerPrimitives.swift:696:            RoundedRectangle(cornerRadius: theme.radius.md, style: .continuous)
Sources/Components/TrustReceiptLayerPrimitives.swift:699:        .overlay {
Sources/Components/TrustReceiptLayerPrimitives.swift:700:            RoundedRectangle(cornerRadius: theme.radius.md, style: .continuous)
Sources/Components/TrustReceiptLayerPrimitives.swift:731:                VStack(alignment: .leading, spacing: theme.spacing.xs) {
Sources/Components/TrustReceiptLayerPrimitives.swift:756:        AmbitionChip(item.privacyLabel, icon: "lock", role: .protected, semanticState: .trust)
Sources/Components/TrustReceiptLayerPrimitives.swift:771:        StateDrivenMaterialPanel(context: .trust, state: item.kind.visualState) {
Sources/Components/TrustReceiptLayerPrimitives.swift:779:                VStack(alignment: .leading, spacing: theme.spacing.xs) {
Sources/Components/TrustReceiptLayerPrimitives.swift:823:        StateDrivenMaterialPanel(context: .trust, state: .calm) {
Sources/Components/TrustReceiptLayerPrimitives.swift:824:            VStack(alignment: .leading, spacing: theme.spacing.md) {
Sources/Components/TrustReceiptLayerPrimitives.swift:825:                VStack(alignment: .leading, spacing: theme.spacing.xxxs) {
Sources/Components/TrustReceiptLayerPrimitives.swift:851:        VStack(alignment: .leading, spacing: theme.spacing.xs) {
Sources/Components/TrustReceiptLayerPrimitives.swift:864:        VStack(alignment: .leading, spacing: theme.spacing.sm) {
Sources/Components/TrustReceiptLayerPrimitives.swift:865:            VStack(alignment: .leading, spacing: theme.spacing.xxxs) {
Sources/Components/TrustReceiptLayerPrimitives.swift:906:        VStack(alignment: .leading, spacing: theme.spacing.sm) {
Sources/Components/TrustReceiptLayerPrimitives.swift:909:            VStack(alignment: .leading, spacing: theme.spacing.xs) {
Sources/Components/TrustReceiptLayerPrimitives.swift:935:        VStack(alignment: .leading, spacing: theme.spacing.xxxs) {
Sources/Components/TrustReceiptLayerPrimitives.swift:966:        VStack(alignment: .leading, spacing: theme.spacing.sm) {
Sources/Components/TrustReceiptLayerPrimitives.swift:978:            VStack(alignment: .leading, spacing: theme.spacing.xs) {
Sources/Components/TrustReceiptLayerPrimitives.swift:1028:                VStack(alignment: .leading, spacing: theme.spacing.xxxs) {
Sources/Components/TrustReceiptLayerPrimitives.swift:1059:            .background(.ultraThinMaterial, in: RoundedRectangle(cornerRadius: theme.radius.lg, style: .continuous))
Sources/Components/TrustReceiptLayerPrimitives.swift:1060:            .overlay {
Sources/Components/TrustReceiptLayerPrimitives.swift:1061:                RoundedRectangle(cornerRadius: theme.radius.lg, style: .continuous)
Sources/Components/TrustReceiptLayerPrimitives.swift:1092:                VStack(alignment: .leading, spacing: theme.spacing.xxxs) {
Sources/Components/CaptureRoutingPrimitiveFamily.swift:174:        VStack(alignment: .leading, spacing: theme.spacing.md) {
Sources/Components/CaptureRoutingPrimitiveFamily.swift:182:                VStack(alignment: .leading, spacing: theme.spacing.xxxs) {
Sources/Components/CaptureRoutingPrimitiveFamily.swift:215:        .background(style.fill.opacity(0.20))
Sources/Components/CaptureRoutingPrimitiveFamily.swift:216:        .overlay(alignment: .leading) {
Sources/Components/CaptureRoutingPrimitiveFamily.swift:222:        .overlay(alignment: .top) {
Sources/Components/CaptureRoutingPrimitiveFamily.swift:228:        .overlay(alignment: .bottom) {
Sources/Components/CaptureRoutingPrimitiveFamily.swift:295:            VStack(alignment: .leading, spacing: 2) {
Sources/Components/CaptureRoutingPrimitiveFamily.swift:329:        .background(style.fill.opacity(isSelected ? 0.24 : 0.08))
Sources/Components/CaptureRoutingPrimitiveFamily.swift:330:        .overlay(alignment: .leading) {
Sources/Components/AdaptivePanelPrimitives.swift:4:public enum PanelEmphasis: String, CaseIterable, Sendable, Identifiable {
Sources/Components/AdaptivePanelPrimitives.swift:94:public struct AdaptivePanelConfiguration: Sendable {
Sources/Components/AdaptivePanelPrimitives.swift:95:    public let emphasis: PanelEmphasis
Sources/Components/AdaptivePanelPrimitives.swift:106:        emphasis: PanelEmphasis,
Sources/Components/AdaptivePanelPrimitives.swift:153:public struct AdaptivePanel<Content: View>: View {
Sources/Components/AdaptivePanelPrimitives.swift:158:    private let configuration: AdaptivePanelConfiguration
Sources/Components/AdaptivePanelPrimitives.swift:162:        _ configuration: AdaptivePanelConfiguration,
Sources/Components/AdaptivePanelPrimitives.swift:172:        VStack(alignment: .leading, spacing: panelSpacing) {
Sources/Components/AdaptivePanelPrimitives.swift:178:                    .background(Circle().fill(semanticStyle.fill))
Sources/Components/AdaptivePanelPrimitives.swift:179:                    .overlay(Circle().stroke(semanticStyle.stroke, lineWidth: 1))
Sources/Components/AdaptivePanelPrimitives.swift:182:                VStack(alignment: .leading, spacing: theme.spacing.xxs) {
Sources/Components/AdaptivePanelPrimitives.swift:189:                            AmbitionChip(status, role: .state, semanticState: configuration.emphasis.semanticState)
Sources/Components/AdaptivePanelPrimitives.swift:208:                LoadingSkeletonCard(lineCount: dynamicTypeSize.isAccessibilitySize ? 2 : 3)
Sources/Components/AdaptivePanelPrimitives.swift:215:        .transition(reduceMotion ? .opacity : .ambitionPanel)
Sources/Components/AdaptivePanelPrimitives.swift:216:        .ambitionPanelAccessibility(
Sources/Components/AdaptivePanelPrimitives.swift:228:public extension AdaptivePanel where Content == EmptyView {
Sources/Components/AdaptivePanelPrimitives.swift:229:    init(_ configuration: AdaptivePanelConfiguration) {
Sources/Components/AdaptivePanelPrimitives.swift:304:    private let emphasis: PanelEmphasis
Sources/Components/AdaptivePanelPrimitives.swift:310:        emphasis: PanelEmphasis = .orientation,
Sources/Components/AdaptivePanelPrimitives.swift:320:        AdaptivePanel(
Sources/Components/AdaptivePanelPrimitives.swift:329:            VStack(alignment: .leading, spacing: theme.spacing.sm) {
Sources/Components/ProofRelationshipTracePrimitiveFamily.swift:156:        VStack(alignment: .leading, spacing: theme.spacing.md) {
Sources/Components/ProofRelationshipTracePrimitiveFamily.swift:164:                VStack(alignment: .leading, spacing: theme.spacing.xxxs) {
Sources/Components/ProofRelationshipTracePrimitiveFamily.swift:197:        .background(style.fill.opacity(0.14))
Sources/Components/ProofRelationshipTracePrimitiveFamily.swift:198:        .overlay(alignment: .leading) {
Sources/Components/ProofRelationshipTracePrimitiveFamily.swift:204:        .overlay(alignment: .top) {
Sources/Components/ProofRelationshipTracePrimitiveFamily.swift:210:        .overlay(alignment: .bottom) {
Sources/Components/ProofRelationshipTracePrimitiveFamily.swift:267:            VStack(alignment: .leading, spacing: 2) {
Sources/Components/ProofRelationshipTracePrimitiveFamily.swift:301:        .background(style.fill.opacity(0.10))
Sources/Components/ProofRelationshipTracePrimitiveFamily.swift:302:        .overlay(alignment: .leading) {
Sources/Components/ProofRelationshipTracePrimitiveFamily.swift:354:        .background(style.fill.opacity(0.12))
Sources/Components/ProofRelationshipTracePrimitiveFamily.swift:355:        .overlay(alignment: .bottom) {
Sources/Components/QuietReflowPrimitiveFamily.swift:169:        VStack(alignment: .leading, spacing: theme.spacing.md) {
Sources/Components/QuietReflowPrimitiveFamily.swift:177:                VStack(alignment: .leading, spacing: theme.spacing.xxxs) {
Sources/Components/QuietReflowPrimitiveFamily.swift:210:        .background(style.fill.opacity(isSelected ? 0.36 : 0.20))
Sources/Components/QuietReflowPrimitiveFamily.swift:211:        .overlay(alignment: .leading) {
Sources/Components/QuietReflowPrimitiveFamily.swift:217:        .overlay(alignment: .top) {
Sources/Components/QuietReflowPrimitiveFamily.swift:223:        .overlay(alignment: .bottom) {
Sources/Components/QuietReflowPrimitiveFamily.swift:283:            VStack(alignment: .leading, spacing: theme.spacing.xxxs) {
Sources/Components/QuietReflowPrimitiveFamily.swift:298:        .overlay(alignment: .bottom) {
Sources/Components/QuietReflowPrimitiveFamily.swift:338:        VStack(alignment: .leading, spacing: theme.spacing.xs) {
Sources/Components/QuietReflowPrimitiveFamily.swift:348:                VStack(alignment: .leading, spacing: theme.spacing.xs) {
Sources/Components/TopLevelSurfaceCompositionPrimitives.swift:217:            VStack(alignment: .leading, spacing: theme.spacing.sm) {
Sources/Components/TopLevelSurfaceCompositionPrimitives.swift:241:                    supportingModuleChips
Sources/Components/TopLevelSurfaceCompositionPrimitives.swift:244:                VStack(alignment: .leading, spacing: theme.spacing.xs) {
Sources/Components/TopLevelSurfaceCompositionPrimitives.swift:246:                        supportingModuleChips
Sources/Components/TopLevelSurfaceCompositionPrimitives.swift:250:                VStack(alignment: .leading, spacing: theme.spacing.xs) {
Sources/Components/TopLevelSurfaceCompositionPrimitives.swift:260:                        supportingModuleChips
Sources/Components/TopLevelSurfaceCompositionPrimitives.swift:264:                VStack(alignment: .leading, spacing: theme.spacing.xs) {
Sources/Components/TopLevelSurfaceCompositionPrimitives.swift:274:                        supportingModuleChips
Sources/Components/TopLevelSurfaceCompositionPrimitives.swift:279:                    supportingModuleChips
Sources/Components/TopLevelSurfaceCompositionPrimitives.swift:287:    private var supportingModuleChips: some View {
Sources/Components/TopLevelSurfaceCompositionPrimitives.swift:289:            AmbitionChip(module, icon: surface.supportingModuleIcon, role: .state)
Sources/Components/TopLevelSurfaceCompositionPrimitives.swift:298:            .background(
Sources/Components/TopLevelSurfaceCompositionPrimitives.swift:302:            .overlay(
Sources/Components/TopLevelSurfaceCompositionPrimitives.swift:313:            VStack(alignment: .leading, spacing: theme.spacing.xxxs) {
Sources/Components/TopLevelSurfaceCompositionPrimitives.swift:319:            VStack(alignment: .leading, spacing: theme.spacing.xxxs) {
Sources/Components/TopLevelSurfaceCompositionPrimitives.swift:322:                    AmbitionModeLensPill(surface.lens)
Sources/Components/TopLevelSurfaceCompositionPrimitives.swift:328:            VStack(alignment: .leading, spacing: theme.spacing.xxxs) {
Sources/Components/TopLevelSurfaceCompositionPrimitives.swift:337:            VStack(alignment: .leading, spacing: theme.spacing.xxxs) {
Sources/Components/TopLevelSurfaceCompositionPrimitives.swift:346:            VStack(alignment: .leading, spacing: theme.spacing.xxxs) {
Sources/Components/RealityMeridianTimeBand.swift:76:            VStack(alignment: .leading, spacing: theme.spacing.xs) {
Sources/Components/RealityMeridianTimeBand.swift:103:        .background(
Sources/Components/RealityMeridianTimeBand.swift:104:            RoundedRectangle(cornerRadius: theme.radius.lg, style: .continuous)
Sources/Components/RealityMeridianTimeBand.swift:107:        .overlay(
Sources/Components/RealityMeridianTimeBand.swift:108:            RoundedRectangle(cornerRadius: theme.radius.lg, style: .continuous)
Sources/Components/RealityMeridianTimeBand.swift:111:        .shadow(color: theme.colors.accentWarm.opacity(reduceMotion ? 0.0 : 0.10), radius: 20, x: 0, y: 10)
Sources/Components/RealityMeridianTimeBand.swift:151:                VStack(alignment: .leading, spacing: theme.spacing.xxxs) {
Sources/Components/RealityMeridianTimeBand.swift:165:                .background(zoneGradient(zone.kind))
Sources/Components/RealityMeridianTimeBand.swift:166:                .overlay(alignment: .trailing) {
Sources/Components/RealityMeridianTimeBand.swift:174:        .clipShape(RoundedRectangle(cornerRadius: theme.radius.md, style: .continuous))
Sources/Components/RealityMeridianTimeBand.swift:178:        VStack(spacing: 0) {
Sources/Components/RealityMeridianTimeBand.swift:197:        return VStack(spacing: theme.spacing.xxxs) {
Sources/Components/RealityMeridianTimeBand.swift:206:                .shadow(color: theme.colors.accentWarm.opacity(0.48), radius: 8)
Sources/Components/RealityMeridianTimeBand.swift:207:                .overlay(alignment: .center) {
Sources/Components/AmbitionsExtendedTactileKit.swift:19:                RoundedRectangle(cornerRadius: 1.5)
Sources/Components/AmbitionsExtendedTactileKit.swift:26:        .background(Capsule().fill(theme.shell.activeTabBackground))
Sources/Components/AmbitionsExtendedTactileKit.swift:63:        VStack(spacing: theme.spacing.xs) {
Sources/Components/AmbitionsExtendedTactileKit.swift:73:            .overlay(
Sources/Components/AmbitionsExtendedTactileKit.swift:83:        .background(RoundedRectangle(cornerRadius: theme.radius.sm).fill(theme.shell.controlBackground))
Sources/Components/AmbitionsExtendedTactileKit.swift:310:        .background(Capsule().fill(theme.shell.activeTabBackground))
Sources/Components/AmbitionsExtendedTactileKit.swift:397:        VStack(alignment: .leading, spacing: theme.spacing.xs) {
Sources/Components/AmbitionsExtendedTactileKit.swift:422:                VStack(alignment: .leading, spacing: 4) {
Sources/Components/AmbitionsExtendedTactileKit.swift:433:        .background(RoundedRectangle(cornerRadius: theme.radius.md).fill(theme.shell.controlBackground))
Sources/Components/AmbitionsExtendedTactileKit.swift:451:                VStack(spacing: 4) {
Sources/Components/AmbitionsExtendedTactileKit.swift:468:// MARK: - 14. VacationBanner
Sources/Components/AmbitionsExtendedTactileKit.swift:470:public struct VacationBanner: View {
Sources/Components/AmbitionsExtendedTactileKit.swift:481:            VStack(alignment: .leading, spacing: 2) {
Sources/Components/AmbitionsExtendedTactileKit.swift:491:        .background(RoundedRectangle(cornerRadius: theme.radius.md).fill(theme.shell.ribbonMaterial))
Sources/Components/AmbitionsExtendedTactileKit.swift:492:        .overlay(RoundedRectangle(cornerRadius: theme.radius.md).stroke(theme.shell.divider, lineWidth: 1))
Sources/Components/AmbitionsExtendedTactileKit.swift:507:        VStack(alignment: .leading, spacing: theme.spacing.xxs) {
Sources/Components/AmbitionsExtendedTactileKit.swift:521:                    RoundedRectangle(cornerRadius: 2)
Sources/Components/AmbitionsExtendedTactileKit.swift:524:                    RoundedRectangle(cornerRadius: 2)
Sources/Components/AmbitionsExtendedTactileKit.swift:545:// MARK: - 16. ContextPathPill
Sources/Components/AmbitionsExtendedTactileKit.swift:547:public struct ContextPathPill: View {
Sources/Components/AmbitionsExtendedTactileKit.swift:565:        .background(Capsule().fill(theme.shell.controlBackground))
Sources/Components/AmbitionsExtendedTactileKit.swift:587:        .background(Capsule().fill(theme.shell.trustBadgeSurface))
Sources/Components/AmbitionsExtendedTactileKit.swift:612:        .background(
Sources/Components/AmbitionsExtendedTactileKit.swift:690:        .background(Capsule().fill(theme.semanticColors.risk.opacity(0.12)))
