path,class,owner,purpose,active_indexed,action,status,notes
".agents/skills/supabase-postgres-best-practices/SKILL.md",implementation-control,Repo operations,Codex, build, validation, skill, or repository operating documentation,yes,retain,retained,Operational handoff/control surface.
".agents/skills/supabase-postgres-best-practices/references/_contributing.md",implementation-control,Repo operations,Codex, build, validation, skill, or repository operating documentation,yes,retain,retained,Operational handoff/control surface.
".agents/skills/supabase-postgres-best-practices/references/_sections.md",implementation-control,Repo operations,Codex, build, validation, skill, or repository operating documentation,yes,retain,retained,Operational handoff/control surface.
".agents/skills/supabase-postgres-best-practices/references/_template.md",implementation-control,Repo operations,Codex, build, validation, skill, or repository operating documentation,yes,retain,retained,Operational handoff/control surface.
".agents/skills/supabase-postgres-best-practices/references/advanced-full-text-search.md",implementation-control,Repo operations,Codex, build, validation, skill, or repository operating documentation,yes,retain,retained,Operational handoff/control surface.
".agents/skills/supabase-postgres-best-practices/references/advanced-jsonb-indexing.md",implementation-control,Repo operations,Codex, build, validation, skill, or repository operating documentation,yes,retain,retained,Operational handoff/control surface.
".agents/skills/supabase-postgres-best-practices/references/conn-idle-timeout.md",implementation-control,Repo operations,Codex, build, validation, skill, or repository operating documentation,yes,retain,retained,Operational handoff/control surface.
".agents/skills/supabase-postgres-best-practices/references/conn-limits.md",implementation-control,Repo operations,Codex, build, validation, skill, or repository operating documentation,yes,retain,retained,Operational handoff/control surface.
".agents/skills/supabase-postgres-best-practices/references/conn-pooling.md",implementation-control,Repo operations,Codex, build, validation, skill, or repository operating documentation,yes,retain,retained,Operational handoff/control surface.
".agents/skills/supabase-postgres-best-practices/references/conn-prepared-statements.md",implementation-control,Repo operations,Codex, build, validation, skill, or repository operating documentation,yes,retain,retained,Operational handoff/control surface.
".agents/skills/supabase-postgres-best-practices/references/data-batch-inserts.md",implementation-control,Repo operations,Codex, build, validation, skill, or repository operating documentation,yes,retain,retained,Operational handoff/control surface.
".agents/skills/supabase-postgres-best-practices/references/data-n-plus-one.md",implementation-control,Repo operations,Codex, build, validation, skill, or repository operating documentation,yes,retain,retained,Operational handoff/control surface.
".agents/skills/supabase-postgres-best-practices/references/data-pagination.md",implementation-control,Repo operations,Codex, build, validation, skill, or repository operating documentation,yes,retain,retained,Operational handoff/control surface.
".agents/skills/supabase-postgres-best-practices/references/data-upsert.md",implementation-control,Repo operations,Codex, build, validation, skill, or repository operating documentation,yes,retain,retained,Operational handoff/control surface.
".agents/skills/supabase-postgres-best-practices/references/lock-advisory.md",implementation-control,Repo operations,Codex, build, validation, skill, or repository operating documentation,yes,retain,retained,Operational handoff/control surface.
".agents/skills/supabase-postgres-best-practices/references/lock-deadlock-prevention.md",implementation-control,Repo operations,Codex, build, validation, skill, or repository operating documentation,yes,retain,retained,Operational handoff/control surface.
".agents/skills/supabase-postgres-best-practices/references/lock-short-transactions.md",implementation-control,Repo operations,Codex, build, validation, skill, or repository operating documentation,yes,retain,retained,Operational handoff/control surface.
".agents/skills/supabase-postgres-best-practices/references/lock-skip-locked.md",implementation-control,Repo operations,Codex, build, validation, skill, or repository operating documentation,yes,retain,retained,Operational handoff/control surface.
".agents/skills/supabase-postgres-best-practices/references/monitor-explain-analyze.md",implementation-control,Repo operations,Codex, build, validation, skill, or repository operating documentation,yes,retain,retained,Operational handoff/control surface.
".agents/skills/supabase-postgres-best-practices/references/monitor-pg-stat-statements.md",implementation-control,Repo operations,Codex, build, validation, skill, or repository operating documentation,yes,retain,retained,Operational handoff/control surface.
".agents/skills/supabase-postgres-best-practices/references/monitor-vacuum-analyze.md",implementation-control,Repo operations,Codex, build, validation, skill, or repository operating documentation,yes,retain,retained,Operational handoff/control surface.
".agents/skills/supabase-postgres-best-practices/references/query-composite-indexes.md",implementation-control,Repo operations,Codex, build, validation, skill, or repository operating documentation,yes,retain,retained,Operational handoff/control surface.
".agents/skills/supabase-postgres-best-practices/references/query-covering-indexes.md",implementation-control,Repo operations,Codex, build, validation, skill, or repository operating documentation,yes,retain,retained,Operational handoff/control surface.
".agents/skills/supabase-postgres-best-practices/references/query-index-types.md",implementation-control,Repo operations,Codex, build, validation, skill, or repository operating documentation,yes,retain,retained,Operational handoff/control surface.
".agents/skills/supabase-postgres-best-practices/references/query-missing-indexes.md",implementation-control,Repo operations,Codex, build, validation, skill, or repository operating documentation,yes,retain,retained,Operational handoff/control surface.
".agents/skills/supabase-postgres-best-practices/references/query-partial-indexes.md",implementation-control,Repo operations,Codex, build, validation, skill, or repository operating documentation,yes,retain,retained,Operational handoff/control surface.
".agents/skills/supabase-postgres-best-practices/references/schema-constraints.md",implementation-control,Repo operations,Codex, build, validation, skill, or repository operating documentation,yes,retain,retained,Operational handoff/control surface.
".agents/skills/supabase-postgres-best-practices/references/schema-data-types.md",implementation-control,Repo operations,Codex, build, validation, skill, or repository operating documentation,yes,retain,retained,Operational handoff/control surface.
".agents/skills/supabase-postgres-best-practices/references/schema-foreign-key-indexes.md",implementation-control,Repo operations,Codex, build, validation, skill, or repository operating documentation,yes,retain,retained,Operational handoff/control surface.
".agents/skills/supabase-postgres-best-practices/references/schema-lowercase-identifiers.md",implementation-control,Repo operations,Codex, build, validation, skill, or repository operating documentation,yes,retain,retained,Operational handoff/control surface.
".agents/skills/supabase-postgres-best-practices/references/schema-partitioning.md",implementation-control,Repo operations,Codex, build, validation, skill, or repository operating documentation,yes,retain,retained,Operational handoff/control surface.
".agents/skills/supabase-postgres-best-practices/references/schema-primary-keys.md",implementation-control,Repo operations,Codex, build, validation, skill, or repository operating documentation,yes,retain,retained,Operational handoff/control surface.
".agents/skills/supabase-postgres-best-practices/references/security-privileges.md",implementation-control,Repo operations,Codex, build, validation, skill, or repository operating documentation,yes,retain,retained,Operational handoff/control surface.
".agents/skills/supabase-postgres-best-practices/references/security-rls-basics.md",implementation-control,Repo operations,Codex, build, validation, skill, or repository operating documentation,yes,retain,retained,Operational handoff/control surface.
".agents/skills/supabase-postgres-best-practices/references/security-rls-performance.md",implementation-control,Repo operations,Codex, build, validation, skill, or repository operating documentation,yes,retain,retained,Operational handoff/control surface.
".agents/skills/supabase/SKILL.md",implementation-control,Repo operations,Codex, build, validation, skill, or repository operating documentation,yes,retain,retained,Operational handoff/control surface.
".agents/skills/supabase/assets/feedback-issue-template.md",implementation-control,Repo operations,Codex, build, validation, skill, or repository operating documentation,yes,retain,retained,Operational handoff/control surface.
".agents/skills/supabase/references/skill-feedback.md",implementation-control,Repo operations,Codex, build, validation, skill, or repository operating documentation,yes,retain,retained,Operational handoff/control surface.
".codex/README.md",implementation-control,Repo operations,Codex, build, validation, skill, or repository operating documentation,yes,retain,retained,Operational handoff/control surface.
".codex/checklists/README.md",implementation-control,Repo operations,Codex, build, validation, skill, or repository operating documentation,yes,retain,retained,Operational handoff/control surface.
".codex/checklists/accessibility-change-checklist.md",implementation-control,Repo operations,Codex, build, validation, skill, or repository operating documentation,yes,retain,retained,Operational handoff/control surface.
".codex/checklists/architecture-hardening-checklist.md",implementation-control,Repo operations,Codex, build, validation, skill, or repository operating documentation,yes,retain,retained,Operational handoff/control surface.
".codex/checklists/batch-train-continuation-checklist.md",implementation-control,Repo operations,Codex, build, validation, skill, or repository operating documentation,yes,retain,retained,Operational handoff/control surface.
".codex/checklists/batch-train-final-closeout-checklist.md",implementation-control,Repo operations,Codex, build, validation, skill, or repository operating documentation,yes,retain,retained,Operational handoff/control surface.
".codex/checklists/batch-train-per-batch-checklist.md",implementation-control,Repo operations,Codex, build, validation, skill, or repository operating documentation,yes,retain,retained,Operational handoff/control surface.
".codex/checklists/batch-train-preflight-checklist.md",implementation-control,Repo operations,Codex, build, validation, skill, or repository operating documentation,yes,retain,retained,Operational handoff/control surface.
".codex/checklists/batch-train-stop-checklist.md",implementation-control,Repo operations,Codex, build, validation, skill, or repository operating documentation,yes,retain,retained,Operational handoff/control surface.
".codex/checklists/definition-of-done-checklist.md",implementation-control,Repo operations,Codex, build, validation, skill, or repository operating documentation,yes,retain,retained,Operational handoff/control surface.
".codex/checklists/definition-of-ready-checklist.md",implementation-control,Repo operations,Codex, build, validation, skill, or repository operating documentation,yes,retain,retained,Operational handoff/control surface.
".codex/checklists/dependency-change-checklist.md",implementation-control,Repo operations,Codex, build, validation, skill, or repository operating documentation,yes,retain,retained,Operational handoff/control surface.
".codex/checklists/faang-handoff-preservation-checklist.md",implementation-control,Repo operations,Codex, build, validation, skill, or repository operating documentation,yes,retain,retained,Operational handoff/control surface.
".codex/checklists/feature-file-responsibility-checklist.md",implementation-control,Repo operations,Codex, build, validation, skill, or repository operating documentation,yes,retain,retained,Operational handoff/control surface.
".codex/checklists/post-commit-checklist.md",implementation-control,Repo operations,Codex, build, validation, skill, or repository operating documentation,yes,retain,retained,Operational handoff/control surface.
".codex/checklists/pre-commit-checklist.md",implementation-control,Repo operations,Codex, build, validation, skill, or repository operating documentation,yes,retain,retained,Operational handoff/control surface.
".codex/checklists/pre-implementation-checklist.md",implementation-control,Repo operations,Codex, build, validation, skill, or repository operating documentation,yes,retain,retained,Operational handoff/control surface.
".codex/checklists/preflight-checklist.md",implementation-control,Repo operations,Codex, build, validation, skill, or repository operating documentation,yes,retain,retained,Operational handoff/control surface.
".codex/checklists/privacy-change-checklist.md",implementation-control,Repo operations,Codex, build, validation, skill, or repository operating documentation,yes,retain,retained,Operational handoff/control surface.
".codex/checklists/prompt-quality-checklist.md",implementation-control,Repo operations,Codex, build, validation, skill, or repository operating documentation,yes,retain,retained,Operational handoff/control surface.
".codex/checklists/release-readiness-checklist.md",implementation-control,Repo operations,Codex, build, validation, skill, or repository operating documentation,yes,retain,retained,Operational handoff/control surface.
".codex/checklists/swiftui-state-contract-checklist.md",implementation-control,Repo operations,Codex, build, validation, skill, or repository operating documentation,yes,retain,retained,Operational handoff/control surface.
".codex/checklists/task-width-checklist.md",implementation-control,Repo operations,Codex, build, validation, skill, or repository operating documentation,yes,retain,retained,Operational handoff/control surface.
".codex/checklists/toolchain-readiness-checklist.md",implementation-control,Repo operations,Codex, build, validation, skill, or repository operating documentation,yes,retain,retained,Operational handoff/control surface.
".codex/checklists/ui-change-checklist.md",implementation-control,Repo operations,Codex, build, validation, skill, or repository operating documentation,yes,retain,retained,Operational handoff/control surface.
".codex/checklists/ui-test-contract-checklist.md",implementation-control,Repo operations,Codex, build, validation, skill, or repository operating documentation,yes,retain,retained,Operational handoff/control surface.
".codex/config.toml",implementation-control,Repo operations,Codex, build, validation, skill, or repository operating documentation,yes,retain,retained,Operational handoff/control surface.
".codex/context-packs/README.md",implementation-control,Repo operations,Codex, build, validation, skill, or repository operating documentation,yes,retain,retained,Operational handoff/control surface.
".codex/context-packs/action-closure-proof-receipts-context.md",implementation-control,Repo operations,Codex, build, validation, skill, or repository operating documentation,yes,retain,retained,Operational handoff/control surface.
".codex/context-packs/ai-recommendation-context.md",implementation-control,Repo operations,Codex, build, validation, skill, or repository operating documentation,yes,retain,retained,Operational handoff/control surface.
".codex/context-packs/capture-placement-context.md",implementation-control,Repo operations,Codex, build, validation, skill, or repository operating documentation,yes,retain,retained,Operational handoff/control surface.
".codex/context-packs/dependency-management-context.md",implementation-control,Repo operations,Codex, build, validation, skill, or repository operating documentation,yes,retain,retained,Operational handoff/control surface.
".codex/context-packs/external-surfaces-context.md",implementation-control,Repo operations,Codex, build, validation, skill, or repository operating documentation,yes,retain,retained,Operational handoff/control surface.
".codex/context-packs/goals-mission-control-context.md",implementation-control,Repo operations,Codex, build, validation, skill, or repository operating documentation,yes,retain,retained,Operational handoff/control surface.
".codex/context-packs/minimal-default-context.md",implementation-control,Repo operations,Codex, build, validation, skill, or repository operating documentation,yes,retain,retained,Operational handoff/control surface.
".codex/context-packs/plan-life-suite-context.md",implementation-control,Repo operations,Codex, build, validation, skill, or repository operating documentation,yes,retain,retained,Operational handoff/control surface.
".codex/context-packs/privacy-accessibility-context.md",implementation-control,Repo operations,Codex, build, validation, skill, or repository operating documentation,yes,retain,retained,Operational handoff/control surface.
".codex/context-packs/release-readiness-context.md",implementation-control,Repo operations,Codex, build, validation, skill, or repository operating documentation,yes,retain,retained,Operational handoff/control surface.
".codex/context-packs/shell-meridian-context.md",implementation-control,Repo operations,Codex, build, validation, skill, or repository operating documentation,yes,retain,retained,Operational handoff/control surface.
".codex/context-packs/today-reality-rail-context.md",implementation-control,Repo operations,Codex, build, validation, skill, or repository operating documentation,yes,retain,retained,Operational handoff/control surface.
".codex/context-packs/you-trust-memory-context.md",implementation-control,Repo operations,Codex, build, validation, skill, or repository operating documentation,yes,retain,retained,Operational handoff/control surface.
".codex/evals/README.md",implementation-control,Repo operations,Codex, build, validation, skill, or repository operating documentation,yes,retain,retained,Operational handoff/control surface.
".codex/evals/improvement-loop-matrix.md",implementation-control,Repo operations,Codex, build, validation, skill, or repository operating documentation,yes,retain,retained,Operational handoff/control surface.
".codex/evals/prompts/01-phase-executor.md",implementation-control,Repo operations,Codex, build, validation, skill, or repository operating documentation,yes,retain,retained,Operational handoff/control surface.
".codex/evals/prompts/02-xcodegen-target-writer.md",implementation-control,Repo operations,Codex, build, validation, skill, or repository operating documentation,yes,retain,retained,Operational handoff/control surface.
".codex/evals/prompts/03-ios-extension-builder.md",implementation-control,Repo operations,Codex, build, validation, skill, or repository operating documentation,yes,retain,retained,Operational handoff/control surface.
".codex/evals/prompts/04-capture-flow-implementer.md",implementation-control,Repo operations,Codex, build, validation, skill, or repository operating documentation,yes,retain,retained,Operational handoff/control surface.
".codex/evals/prompts/05-repo-truth-enforcer.md",implementation-control,Repo operations,Codex, build, validation, skill, or repository operating documentation,yes,retain,retained,Operational handoff/control surface.
".codex/evals/prompts/06-ios-qa-regression-checker.md",implementation-control,Repo operations,Codex, build, validation, skill, or repository operating documentation,yes,retain,retained,Operational handoff/control surface.
".codex/evals/prompts/07-design-system-guard.md",implementation-control,Repo operations,Codex, build, validation, skill, or repository operating documentation,yes,retain,retained,Operational handoff/control surface.
".codex/evals/prompts/08-planner-domain-safe-editor.md",implementation-control,Repo operations,Codex, build, validation, skill, or repository operating documentation,yes,retain,retained,Operational handoff/control surface.
".codex/evals/prompts/09-release-hardening.md",implementation-control,Repo operations,Codex, build, validation, skill, or repository operating documentation,yes,retain,retained,Operational handoff/control surface.
".codex/evals/prompts/10-plan-first-enforcement.md",implementation-control,Repo operations,Codex, build, validation, skill, or repository operating documentation,yes,retain,retained,Operational handoff/control surface.
".codex/evals/prompts/11-wrong-skill-recovery.md",implementation-control,Repo operations,Codex, build, validation, skill, or repository operating documentation,yes,retain,retained,Operational handoff/control surface.
".codex/evals/prompts/12-no-runtime-seam-invention.md",implementation-control,Repo operations,Codex, build, validation, skill, or repository operating documentation,yes,retain,retained,Operational handoff/control surface.
".codex/evals/prompts/13-environment-blocked-validation.md",implementation-control,Repo operations,Codex, build, validation, skill, or repository operating documentation,yes,retain,retained,Operational handoff/control surface.
".codex/evals/prompts/14-partial-implementation-missing-seam.md",implementation-control,Repo operations,Codex, build, validation, skill, or repository operating documentation,yes,retain,retained,Operational handoff/control surface.
".codex/evals/prompts/15-wrong-workflow-narrow-recovery.md",implementation-control,Repo operations,Codex, build, validation, skill, or repository operating documentation,yes,retain,retained,Operational handoff/control surface.
".codex/evals/prompts/16-extension-stop-at-config-planning.md",implementation-control,Repo operations,Codex, build, validation, skill, or repository operating documentation,yes,retain,retained,Operational handoff/control surface.
".codex/evals/prompts/17-docs-truth-no-overedit.md",implementation-control,Repo operations,Codex, build, validation, skill, or repository operating documentation,yes,retain,retained,Operational handoff/control surface.
".codex/evals/prompts/18-intake-classification-pressure-test.md",implementation-control,Repo operations,Codex, build, validation, skill, or repository operating documentation,yes,retain,retained,Operational handoff/control surface.
".codex/evals/prompts/19-overedit-refinement-loop.md",implementation-control,Repo operations,Codex, build, validation, skill, or repository operating documentation,yes,retain,retained,Operational handoff/control surface.
".codex/evals/prompts/20-seam-invention-to-refinement.md",implementation-control,Repo operations,Codex, build, validation, skill, or repository operating documentation,yes,retain,retained,Operational handoff/control surface.
".codex/evals/prompts/21-weak-validation-refinement.md",implementation-control,Repo operations,Codex, build, validation, skill, or repository operating documentation,yes,retain,retained,Operational handoff/control surface.
".codex/evals/prompts/22-release-miss-refinement.md",implementation-control,Repo operations,Codex, build, validation, skill, or repository operating documentation,yes,retain,retained,Operational handoff/control surface.
".codex/evals/skill-eval-matrix.md",implementation-control,Repo operations,Codex, build, validation, skill, or repository operating documentation,yes,retain,retained,Operational handoff/control surface.
".codex/improvement/README.md",implementation-control,Repo operations,Codex, build, validation, skill, or repository operating documentation,yes,retain,retained,Operational handoff/control surface.
".codex/improvement/eval-refinement-template.md",implementation-control,Repo operations,Codex, build, validation, skill, or repository operating documentation,yes,retain,retained,Operational handoff/control surface.
".codex/improvement/failure-taxonomy.md",implementation-control,Repo operations,Codex, build, validation, skill, or repository operating documentation,yes,retain,retained,Operational handoff/control surface.
".codex/improvement/prompt-patterns.md",implementation-control,Repo operations,Codex, build, validation, skill, or repository operating documentation,yes,retain,retained,Operational handoff/control surface.
".codex/improvement/refinement-hierarchy.md",implementation-control,Repo operations,Codex, build, validation, skill, or repository operating documentation,yes,retain,retained,Operational handoff/control surface.
".codex/improvement/refinement-playbook.md",implementation-control,Repo operations,Codex, build, validation, skill, or repository operating documentation,yes,retain,retained,Operational handoff/control surface.
".codex/improvement/run-review-template.md",implementation-control,Repo operations,Codex, build, validation, skill, or repository operating documentation,yes,retain,retained,Operational handoff/control surface.
".codex/improvement/skill-refinement-template.md",implementation-control,Repo operations,Codex, build, validation, skill, or repository operating documentation,yes,retain,retained,Operational handoff/control surface.
".codex/operations/README.md",implementation-control,Repo operations,Codex, build, validation, skill, or repository operating documentation,yes,retain,retained,Operational handoff/control surface.
".codex/operations/accessibility-qa-protocol.md",implementation-control,Repo operations,Codex, build, validation, skill, or repository operating documentation,yes,retain,retained,Operational handoff/control surface.
".codex/operations/ambitions-3-0-default-workflow.md",implementation-control,Repo operations,Codex, build, validation, skill, or repository operating documentation,yes,retain,retained,Operational handoff/control surface.
".codex/operations/architecture-review-board-protocol.md",implementation-control,Repo operations,Codex, build, validation, skill, or repository operating documentation,yes,retain,retained,Operational handoff/control surface.
".codex/operations/batch-execution-protocol.md",implementation-control,Repo operations,Codex, build, validation, skill, or repository operating documentation,yes,retain,retained,Operational handoff/control surface.
".codex/operations/batch-train-commit-policy.md",implementation-control,Repo operations,Codex, build, validation, skill, or repository operating documentation,yes,retain,retained,Operational handoff/control surface.
".codex/operations/batch-train-green-gate-protocol.md",implementation-control,Repo operations,Codex, build, validation, skill, or repository operating documentation,yes,retain,retained,Operational handoff/control surface.
".codex/operations/batch-train-human-escalation.md",implementation-control,Repo operations,Codex, build, validation, skill, or repository operating documentation,yes,retain,retained,Operational handoff/control surface.
".codex/operations/batch-train-orchestration-protocol.md",implementation-control,Repo operations,Codex, build, validation, skill, or repository operating documentation,yes,retain,retained,Operational handoff/control surface.
".codex/operations/batch-train-red-stop-protocol.md",implementation-control,Repo operations,Codex, build, validation, skill, or repository operating documentation,yes,retain,retained,Operational handoff/control surface.
".codex/operations/batch-train-repair-prompt-protocol.md",implementation-control,Repo operations,Codex, build, validation, skill, or repository operating documentation,yes,retain,retained,Operational handoff/control surface.
".codex/operations/batch-train-resume-protocol.md",implementation-control,Repo operations,Codex, build, validation, skill, or repository operating documentation,yes,retain,retained,Operational handoff/control surface.
".codex/operations/batch-train-rollback-protocol.md",implementation-control,Repo operations,Codex, build, validation, skill, or repository operating documentation,yes,retain,retained,Operational handoff/control surface.
".codex/operations/batch-train-validation-escalation.md",implementation-control,Repo operations,Codex, build, validation, skill, or repository operating documentation,yes,retain,retained,Operational handoff/control surface.
".codex/operations/batch-train-yellow-stop-protocol.md",implementation-control,Repo operations,Codex, build, validation, skill, or repository operating documentation,yes,retain,retained,Operational handoff/control surface.
".codex/operations/branch-and-sync-protocol.md",implementation-control,Repo operations,Codex, build, validation, skill, or repository operating documentation,yes,retain,retained,Operational handoff/control surface.
".codex/operations/build-failure-triage-protocol.md",implementation-control,Repo operations,Codex, build, validation, skill, or repository operating documentation,yes,retain,retained,Operational handoff/control surface.
".codex/operations/canon-to-test-traceability-protocol.md",implementation-control,Repo operations,Codex, build, validation, skill, or repository operating documentation,yes,retain,retained,Operational handoff/control surface.
".codex/operations/change-types.md",implementation-control,Repo operations,Codex, build, validation, skill, or repository operating documentation,yes,retain,retained,Operational handoff/control surface.
".codex/operations/closeout-and-evidence-protocol.md",implementation-control,Repo operations,Codex, build, validation, skill, or repository operating documentation,yes,retain,retained,Operational handoff/control surface.
".codex/operations/context-loading-protocol.md",implementation-control,Repo operations,Codex, build, validation, skill, or repository operating documentation,yes,retain,retained,Operational handoff/control surface.
".codex/operations/copy-qa-protocol.md",implementation-control,Repo operations,Codex, build, validation, skill, or repository operating documentation,yes,retain,retained,Operational handoff/control surface.
".codex/operations/decision-record-protocol.md",implementation-control,Repo operations,Codex, build, validation, skill, or repository operating documentation,yes,retain,retained,Operational handoff/control surface.
".codex/operations/dependency-change-protocol.md",implementation-control,Repo operations,Codex, build, validation, skill, or repository operating documentation,yes,retain,retained,Operational handoff/control surface.
".codex/operations/dependency-promotion-ladder-protocol.md",implementation-control,Repo operations,Codex, build, validation, skill, or repository operating documentation,yes,retain,retained,Operational handoff/control surface.
".codex/operations/design-qa-protocol.md",implementation-control,Repo operations,Codex, build, validation, skill, or repository operating documentation,yes,retain,retained,Operational handoff/control surface.
".codex/operations/escalation-rules.md",implementation-control,Repo operations,Codex, build, validation, skill, or repository operating documentation,yes,retain,retained,Operational handoff/control surface.
".codex/operations/execution-modes.md",implementation-control,Repo operations,Codex, build, validation, skill, or repository operating documentation,yes,retain,retained,Operational handoff/control surface.
".codex/operations/failure-recovery-protocol.md",implementation-control,Repo operations,Codex, build, validation, skill, or repository operating documentation,yes,retain,retained,Operational handoff/control surface.
".codex/operations/feature-file-responsibility-review-protocol.md",implementation-control,Repo operations,Codex, build, validation, skill, or repository operating documentation,yes,retain,retained,Operational handoff/control surface.
".codex/operations/flake-management-protocol.md",implementation-control,Repo operations,Codex, build, validation, skill, or repository operating documentation,yes,retain,retained,Operational handoff/control surface.
".codex/operations/frontend-regression-pack.md",implementation-control,Repo operations,Codex, build, validation, skill, or repository operating documentation,yes,retain,retained,Operational handoff/control surface.
".codex/operations/human-approval-escalation-protocol.md",implementation-control,Repo operations,Codex, build, validation, skill, or repository operating documentation,yes,retain,retained,Operational handoff/control surface.
".codex/operations/known-flakes.md",implementation-control,Repo operations,Codex, build, validation, skill, or repository operating documentation,yes,retain,retained,Operational handoff/control surface.
".codex/operations/large-batch-checkpoint-protocol.md",implementation-control,Repo operations,Codex, build, validation, skill, or repository operating documentation,yes,retain,retained,Operational handoff/control surface.
".codex/operations/local-validation-protocol.md",implementation-control,Repo operations,Codex, build, validation, skill, or repository operating documentation,yes,retain,retained,Operational handoff/control surface.
".codex/operations/manual-signoff-checklists.md",implementation-control,Repo operations,Codex, build, validation, skill, or repository operating documentation,yes,retain,retained,Operational handoff/control surface.
".codex/operations/multi-primitive-batch-protocol.md",implementation-control,Repo operations,Codex, build, validation, skill, or repository operating documentation,yes,retain,retained,Operational handoff/control surface.
".codex/operations/parallel-worktree-protocol.md",implementation-control,Repo operations,Codex, build, validation, skill, or repository operating documentation,yes,retain,retained,Operational handoff/control surface.
".codex/operations/postmortem-learning-loop-protocol.md",implementation-control,Repo operations,Codex, build, validation, skill, or repository operating documentation,yes,retain,retained,Operational handoff/control surface.
".codex/operations/privacy-trust-qa-protocol.md",implementation-control,Repo operations,Codex, build, validation, skill, or repository operating documentation,yes,retain,retained,Operational handoff/control surface.
".codex/operations/prompt-compression-protocol.md",implementation-control,Repo operations,Codex, build, validation, skill, or repository operating documentation,yes,retain,retained,Operational handoff/control surface.
".codex/operations/regression-selection-protocol.md",implementation-control,Repo operations,Codex, build, validation, skill, or repository operating documentation,yes,retain,retained,Operational handoff/control surface.
".codex/operations/release-claim-discipline-protocol.md",implementation-control,Repo operations,Codex, build, validation, skill, or repository operating documentation,yes,retain,retained,Operational handoff/control surface.
".codex/operations/release-claim-truth-protocol.md",implementation-control,Repo operations,Codex, build, validation, skill, or repository operating documentation,yes,retain,retained,Operational handoff/control surface.
".codex/operations/release-flow.md",implementation-control,Repo operations,Codex, build, validation, skill, or repository operating documentation,yes,retain,retained,Operational handoff/control surface.
".codex/operations/review-mode.md",implementation-control,Repo operations,Codex, build, validation, skill, or repository operating documentation,yes,retain,retained,Operational handoff/control surface.
".codex/operations/risk-register-protocol.md",implementation-control,Repo operations,Codex, build, validation, skill, or repository operating documentation,yes,retain,retained,Operational handoff/control surface.
".codex/operations/roadmap-to-code-traceability-protocol.md",implementation-control,Repo operations,Codex, build, validation, skill, or repository operating documentation,yes,retain,retained,Operational handoff/control surface.
".codex/operations/run-state-refresh-protocol.md",implementation-control,Repo operations,Codex, build, validation, skill, or repository operating documentation,yes,retain,retained,Operational handoff/control surface.
".codex/operations/skill-selection-protocol.md",implementation-control,Repo operations,Codex, build, validation, skill, or repository operating documentation,yes,retain,retained,Operational handoff/control surface.
".codex/operations/source-truth-reconciliation-protocol.md",implementation-control,Repo operations,Codex, build, validation, skill, or repository operating documentation,yes,retain,retained,Operational handoff/control surface.
".codex/operations/stale-docs-reconciliation-protocol.md",implementation-control,Repo operations,Codex, build, validation, skill, or repository operating documentation,yes,retain,retained,Operational handoff/control surface.
".codex/operations/swiftui-state-contract-hardening-protocol.md",implementation-control,Repo operations,Codex, build, validation, skill, or repository operating documentation,yes,retain,retained,Operational handoff/control surface.
".codex/operations/task-classification.md",implementation-control,Repo operations,Codex, build, validation, skill, or repository operating documentation,yes,retain,retained,Operational handoff/control surface.
".codex/operations/task-intake-and-routing-protocol.md",implementation-control,Repo operations,Codex, build, validation, skill, or repository operating documentation,yes,retain,retained,Operational handoff/control surface.
".codex/operations/task-intake.md",implementation-control,Repo operations,Codex, build, validation, skill, or repository operating documentation,yes,retain,retained,Operational handoff/control surface.
".codex/operations/task-width-gate-protocol.md",implementation-control,Repo operations,Codex, build, validation, skill, or repository operating documentation,yes,retain,retained,Operational handoff/control surface.
".codex/operations/test-ownership-protocol.md",implementation-control,Repo operations,Codex, build, validation, skill, or repository operating documentation,yes,retain,retained,Operational handoff/control surface.
".codex/operations/touch-budget-protocol.md",implementation-control,Repo operations,Codex, build, validation, skill, or repository operating documentation,yes,retain,retained,Operational handoff/control surface.
".codex/operations/transformation-validation-matrix.md",implementation-control,Repo operations,Codex, build, validation, skill, or repository operating documentation,yes,retain,retained,Operational handoff/control surface.
".codex/operations/ui-test-modernization-protocol.md",implementation-control,Repo operations,Codex, build, validation, skill, or repository operating documentation,yes,retain,retained,Operational handoff/control surface.
".codex/operations/validation-policy.md",implementation-control,Repo operations,Codex, build, validation, skill, or repository operating documentation,yes,retain,retained,Operational handoff/control surface.
".codex/operations/worktree-protocol.md",implementation-control,Repo operations,Codex, build, validation, skill, or repository operating documentation,yes,retain,retained,Operational handoff/control surface.
".codex/playbooks/README.md",implementation-control,Repo operations,Codex, build, validation, skill, or repository operating documentation,yes,retain,retained,Operational handoff/control surface.
".codex/playbooks/app-intents-widgets-live-activities-validation.md",implementation-control,Repo operations,Codex, build, validation, skill, or repository operating documentation,yes,retain,retained,Operational handoff/control surface.
".codex/playbooks/bad-codex-run-recovery.md",implementation-control,Repo operations,Codex, build, validation, skill, or repository operating documentation,yes,retain,retained,Operational handoff/control surface.
".codex/playbooks/batch-train-green-continuation.md",implementation-control,Repo operations,Codex, build, validation, skill, or repository operating documentation,yes,retain,retained,Operational handoff/control surface.
".codex/playbooks/batch-train-red-stop.md",implementation-control,Repo operations,Codex, build, validation, skill, or repository operating documentation,yes,retain,retained,Operational handoff/control surface.
".codex/playbooks/batch-train-resume-after-compaction.md",implementation-control,Repo operations,Codex, build, validation, skill, or repository operating documentation,yes,retain,retained,Operational handoff/control surface.
".codex/playbooks/batch-train-resume-after-failed-build.md",implementation-control,Repo operations,Codex, build, validation, skill, or repository operating documentation,yes,retain,retained,Operational handoff/control surface.
".codex/playbooks/batch-train-resume-after-failed-focused-test.md",implementation-control,Repo operations,Codex, build, validation, skill, or repository operating documentation,yes,retain,retained,Operational handoff/control surface.
".codex/playbooks/batch-train-resume-after-scope-drift.md",implementation-control,Repo operations,Codex, build, validation, skill, or repository operating documentation,yes,retain,retained,Operational handoff/control surface.
".codex/playbooks/batch-train-resume-after-stale-canon-conflict.md",implementation-control,Repo operations,Codex, build, validation, skill, or repository operating documentation,yes,retain,retained,Operational handoff/control surface.
".codex/playbooks/batch-train-rollback.md",implementation-control,Repo operations,Codex, build, validation, skill, or repository operating documentation,yes,retain,retained,Operational handoff/control surface.
".codex/playbooks/batch-train-yellow-stop.md",implementation-control,Repo operations,Codex, build, validation, skill, or repository operating documentation,yes,retain,retained,Operational handoff/control surface.
".codex/playbooks/build-failure-triage.md",implementation-control,Repo operations,Codex, build, validation, skill, or repository operating documentation,yes,retain,retained,Operational handoff/control surface.
".codex/playbooks/compatibility-helper-retirement.md",implementation-control,Repo operations,Codex, build, validation, skill, or repository operating documentation,yes,retain,retained,Operational handoff/control surface.
".codex/playbooks/context-compaction-recovery.md",implementation-control,Repo operations,Codex, build, validation, skill, or repository operating documentation,yes,retain,retained,Operational handoff/control surface.
".codex/playbooks/dependency-addition-review.md",implementation-control,Repo operations,Codex, build, validation, skill, or repository operating documentation,yes,retain,retained,Operational handoff/control surface.
".codex/playbooks/generated-artifact-purge.md",implementation-control,Repo operations,Codex, build, validation, skill, or repository operating documentation,yes,retain,retained,Operational handoff/control surface.
".codex/playbooks/internal-identifier-migration.md",implementation-control,Repo operations,Codex, build, validation, skill, or repository operating documentation,yes,retain,retained,Operational handoff/control surface.
".codex/playbooks/legacy-language-migration.md",implementation-control,Repo operations,Codex, build, validation, skill, or repository operating documentation,yes,retain,retained,Operational handoff/control surface.
".codex/playbooks/release-candidate-claim-review.md",implementation-control,Repo operations,Codex, build, validation, skill, or repository operating documentation,yes,retain,retained,Operational handoff/control surface.
".codex/playbooks/simulator-failure-triage.md",implementation-control,Repo operations,Codex, build, validation, skill, or repository operating documentation,yes,retain,retained,Operational handoff/control surface.
".codex/playbooks/stale-local-repo-recovery.md",implementation-control,Repo operations,Codex, build, validation, skill, or repository operating documentation,yes,retain,retained,Operational handoff/control surface.
".codex/playbooks/state-projector-extraction.md",implementation-control,Repo operations,Codex, build, validation, skill, or repository operating documentation,yes,retain,retained,Operational handoff/control surface.
".codex/playbooks/swiftui-giant-file-refactor.md",implementation-control,Repo operations,Codex, build, validation, skill, or repository operating documentation,yes,retain,retained,Operational handoff/control surface.
".codex/playbooks/toolchain-failure-triage.md",implementation-control,Repo operations,Codex, build, validation, skill, or repository operating documentation,yes,retain,retained,Operational handoff/control surface.
".codex/playbooks/ui-test-flake-triage.md",implementation-control,Repo operations,Codex, build, validation, skill, or repository operating documentation,yes,retain,retained,Operational handoff/control surface.
".codex/playbooks/xcodegen-regeneration.md",implementation-control,Repo operations,Codex, build, validation, skill, or repository operating documentation,yes,retain,retained,Operational handoff/control surface.
".codex/reports/README.md",implementation-control,Repo operations,Codex, build, validation, skill, or repository operating documentation,yes,retain,retained,Operational handoff/control surface.
".codex/reports/current-batch-train-state.md",implementation-control,Repo operations,Codex, build, validation, skill, or repository operating documentation,yes,retain,retained,Operational handoff/control surface.
".codex/reports/current-run-state.md",implementation-control,Repo operations,Codex, build, validation, skill, or repository operating documentation,yes,retain,retained,Operational handoff/control surface.
".codex/skills/README.md",implementation-control,Repo operations,Codex, build, validation, skill, or repository operating documentation,yes,retain,retained,Operational handoff/control surface.
".codex/skills/accessibility-conformance-tester.md",implementation-control,Repo operations,Codex, build, validation, skill, or repository operating documentation,yes,retain,retained,Operational handoff/control surface.
".codex/skills/accessibility-label-writer.md",implementation-control,Repo operations,Codex, build, validation, skill, or repository operating documentation,yes,retain,retained,Operational handoff/control surface.
".codex/skills/action-closure-engine-builder.md",implementation-control,Repo operations,Codex, build, validation, skill, or repository operating documentation,yes,retain,retained,Operational handoff/control surface.
".codex/skills/active-canon-linker.md",implementation-control,Repo operations,Codex, build, validation, skill, or repository operating documentation,yes,retain,retained,Operational handoff/control surface.
".codex/skills/activitykit-integration-skill.md",implementation-control,Repo operations,Codex, build, validation, skill, or repository operating documentation,yes,retain,retained,Operational handoff/control surface.
".codex/skills/adhd-support-reviewer.md",implementation-control,Repo operations,Codex, build, validation, skill, or repository operating documentation,yes,retain,retained,Operational handoff/control surface.
".codex/skills/ambition-portfolio-builder.md",implementation-control,Repo operations,Codex, build, validation, skill, or repository operating documentation,yes,retain,retained,Operational handoff/control surface.
".codex/skills/ambitions-action-closure-receipts/SKILL.md",implementation-control,Repo operations,Codex, build, validation, skill, or repository operating documentation,yes,retain,retained,Operational handoff/control surface.
".codex/skills/ambitions-canon-v2-reconciler/SKILL.md",implementation-control,Repo operations,Codex, build, validation, skill, or repository operating documentation,yes,retain,retained,Operational handoff/control surface.
".codex/skills/ambitions-ios-surface-polisher/SKILL.md",implementation-control,Repo operations,Codex, build, validation, skill, or repository operating documentation,yes,retain,retained,Operational handoff/control surface.
".codex/skills/ambitions-operating-shell-builder.md",implementation-control,Repo operations,Codex, build, validation, skill, or repository operating documentation,yes,retain,retained,Operational handoff/control surface.
".codex/skills/ambitions-time-context-builder/SKILL.md",implementation-control,Repo operations,Codex, build, validation, skill, or repository operating documentation,yes,retain,retained,Operational handoff/control surface.
".codex/skills/ambitions-v2-validation-closeout/SKILL.md",implementation-control,Repo operations,Codex, build, validation, skill, or repository operating documentation,yes,retain,retained,Operational handoff/control surface.
".codex/skills/analytics-privacy-reviewer.md",implementation-control,Repo operations,Codex, build, validation, skill, or repository operating documentation,yes,retain,retained,Operational handoff/control surface.
".codex/skills/app-group-entitlement-reviewer.md",implementation-control,Repo operations,Codex, build, validation, skill, or repository operating documentation,yes,retain,retained,Operational handoff/control surface.
".codex/skills/app-intent-copy-reviewer.md",implementation-control,Repo operations,Codex, build, validation, skill, or repository operating documentation,yes,retain,retained,Operational handoff/control surface.
".codex/skills/app-intent-integration-skill.md",implementation-control,Repo operations,Codex, build, validation, skill, or repository operating documentation,yes,retain,retained,Operational handoff/control surface.
".codex/skills/app-store-copy-reviewer.md",implementation-control,Repo operations,Codex, build, validation, skill, or repository operating documentation,yes,retain,retained,Operational handoff/control surface.
".codex/skills/app-store-truth-packet-reviewer.md",implementation-control,Repo operations,Codex, build, validation, skill, or repository operating documentation,yes,retain,retained,Operational handoff/control surface.
".codex/skills/bad-recommendation-classifier.md",implementation-control,Repo operations,Codex, build, validation, skill, or repository operating documentation,yes,retain,retained,Operational handoff/control surface.
".codex/skills/batch-registry-reconciler.md",implementation-control,Repo operations,Codex, build, validation, skill, or repository operating documentation,yes,retain,retained,Operational handoff/control surface.
".codex/skills/build-cache-cleaner.md",implementation-control,Repo operations,Codex, build, validation, skill, or repository operating documentation,yes,retain,retained,Operational handoff/control surface.
".codex/skills/build-failure-triage-skill.md",implementation-control,Repo operations,Codex, build, validation, skill, or repository operating documentation,yes,retain,retained,Operational handoff/control surface.
".codex/skills/build-test-pack-runner.md",implementation-control,Repo operations,Codex, build, validation, skill, or repository operating documentation,yes,retain,retained,Operational handoff/control surface.
".codex/skills/capacity-envelope-builder.md",implementation-control,Repo operations,Codex, build, validation, skill, or repository operating documentation,yes,retain,retained,Operational handoff/control surface.
".codex/skills/capture-composer-builder.md",implementation-control,Repo operations,Codex, build, validation, skill, or repository operating documentation,yes,retain,retained,Operational handoff/control surface.
".codex/skills/capture-flow-implementer/SKILL.md",implementation-control,Repo operations,Codex, build, validation, skill, or repository operating documentation,yes,retain,retained,Operational handoff/control surface.
".codex/skills/capture-flow-implementer/templates/capture-model-checklist.md",implementation-control,Repo operations,Codex, build, validation, skill, or repository operating documentation,yes,retain,retained,Operational handoff/control surface.
".codex/skills/capture-flow-implementer/templates/capture-routing-checklist.md",implementation-control,Repo operations,Codex, build, validation, skill, or repository operating documentation,yes,retain,retained,Operational handoff/control surface.
".codex/skills/capture-flow-implementer/templates/capture-screen-checklist.md",implementation-control,Repo operations,Codex, build, validation, skill, or repository operating documentation,yes,retain,retained,Operational handoff/control surface.
".codex/skills/capture-ux-designer.md",implementation-control,Repo operations,Codex, build, validation, skill, or repository operating documentation,yes,retain,retained,Operational handoff/control surface.
".codex/skills/ci-parity-reviewer.md",implementation-control,Repo operations,Codex, build, validation, skill, or repository operating documentation,yes,retain,retained,Operational handoff/control surface.
".codex/skills/closure-copy-enforcer.md",implementation-control,Repo operations,Codex, build, validation, skill, or repository operating documentation,yes,retain,retained,Operational handoff/control surface.
".codex/skills/cognitive-load-reviewer.md",implementation-control,Repo operations,Codex, build, validation, skill, or repository operating documentation,yes,retain,retained,Operational handoff/control surface.
".codex/skills/commitment-layer-stack-builder.md",implementation-control,Repo operations,Codex, build, validation, skill, or repository operating documentation,yes,retain,retained,Operational handoff/control surface.
".codex/skills/component-extraction-reviewer.md",implementation-control,Repo operations,Codex, build, validation, skill, or repository operating documentation,yes,retain,retained,Operational handoff/control surface.
".codex/skills/copy-guard-runner.md",implementation-control,Repo operations,Codex, build, validation, skill, or repository operating documentation,yes,retain,retained,Operational handoff/control surface.
".codex/skills/core-loop-auditor.md",implementation-control,Repo operations,Codex, build, validation, skill, or repository operating documentation,yes,retain,retained,Operational handoff/control surface.
".codex/skills/correction-priority-tester.md",implementation-control,Repo operations,Codex, build, validation, skill, or repository operating documentation,yes,retain,retained,Operational handoff/control surface.
".codex/skills/dark-mode-quality-reviewer.md",implementation-control,Repo operations,Codex, build, validation, skill, or repository operating documentation,yes,retain,retained,Operational handoff/control surface.
".codex/skills/day-rail-regression-tester.md",implementation-control,Repo operations,Codex, build, validation, skill, or repository operating documentation,yes,retain,retained,Operational handoff/control surface.
".codex/skills/day-shape-builder.md",implementation-control,Repo operations,Codex, build, validation, skill, or repository operating documentation,yes,retain,retained,Operational handoff/control surface.
".codex/skills/decision-deck-builder.md",implementation-control,Repo operations,Codex, build, validation, skill, or repository operating documentation,yes,retain,retained,Operational handoff/control surface.
".codex/skills/dependency-addition-gatekeeper.md",implementation-control,Repo operations,Codex, build, validation, skill, or repository operating documentation,yes,retain,retained,Operational handoff/control surface.
".codex/skills/dependency-auditor.md",implementation-control,Repo operations,Codex, build, validation, skill, or repository operating documentation,yes,retain,retained,Operational handoff/control surface.
".codex/skills/dependency-minimalism-reviewer.md",implementation-control,Repo operations,Codex, build, validation, skill, or repository operating documentation,yes,retain,retained,Operational handoff/control surface.
".codex/skills/dependency-removal-reviewer.md",implementation-control,Repo operations,Codex, build, validation, skill, or repository operating documentation,yes,retain,retained,Operational handoff/control surface.
".codex/skills/dependency-security-reviewer.md",implementation-control,Repo operations,Codex, build, validation, skill, or repository operating documentation,yes,retain,retained,Operational handoff/control surface.
".codex/skills/design-system-guard/SKILL.md",implementation-control,Repo operations,Codex, build, validation, skill, or repository operating documentation,yes,retain,retained,Operational handoff/control surface.
".codex/skills/design-system-guard/references/ambitions-ui-principles.md",implementation-control,Repo operations,Codex, build, validation, skill, or repository operating documentation,yes,retain,retained,Operational handoff/control surface.
".codex/skills/design-system-primitive-builder.md",implementation-control,Repo operations,Codex, build, validation, skill, or repository operating documentation,yes,retain,retained,Operational handoff/control surface.
".codex/skills/device-qa-checklist-generator.md",implementation-control,Repo operations,Codex, build, validation, skill, or repository operating documentation,yes,retain,retained,Operational handoff/control surface.
".codex/skills/diff-scope-controller.md",implementation-control,Repo operations,Codex, build, validation, skill, or repository operating documentation,yes,retain,retained,Operational handoff/control surface.
".codex/skills/do-not-build-yet-reviewer.md",implementation-control,Repo operations,Codex, build, validation, skill, or repository operating documentation,yes,retain,retained,Operational handoff/control surface.
".codex/skills/domain-model-extension-builder.md",implementation-control,Repo operations,Codex, build, validation, skill, or repository operating documentation,yes,retain,retained,Operational handoff/control surface.
".codex/skills/drilldown-depth-reviewer.md",implementation-control,Repo operations,Codex, build, validation, skill, or repository operating documentation,yes,retain,retained,Operational handoff/control surface.
".codex/skills/dynamic-type-preview-skill.md",implementation-control,Repo operations,Codex, build, validation, skill, or repository operating documentation,yes,retain,retained,Operational handoff/control surface.
".codex/skills/empty-state-designer.md",implementation-control,Repo operations,Codex, build, validation, skill, or repository operating documentation,yes,retain,retained,Operational handoff/control surface.
".codex/skills/event-taxonomy-mapper.md",implementation-control,Repo operations,Codex, build, validation, skill, or repository operating documentation,yes,retain,retained,Operational handoff/control surface.
".codex/skills/evidence-gate-reporter.md",implementation-control,Repo operations,Codex, build, validation, skill, or repository operating documentation,yes,retain,retained,Operational handoff/control surface.
".codex/skills/evidence-hierarchy-enforcer.md",implementation-control,Repo operations,Codex, build, validation, skill, or repository operating documentation,yes,retain,retained,Operational handoff/control surface.
".codex/skills/export-import-safety-reviewer.md",implementation-control,Repo operations,Codex, build, validation, skill, or repository operating documentation,yes,retain,retained,Operational handoff/control surface.
".codex/skills/external-surface-projection-builder.md",implementation-control,Repo operations,Codex, build, validation, skill, or repository operating documentation,yes,retain,retained,Operational handoff/control surface.
".codex/skills/external-surface-safety-tester.md",implementation-control,Repo operations,Codex, build, validation, skill, or repository operating documentation,yes,retain,retained,Operational handoff/control surface.
".codex/skills/faang-handoff-auditor.md",implementation-control,Repo operations,Codex, build, validation, skill, or repository operating documentation,yes,retain,retained,Operational handoff/control surface.
".codex/skills/file-inventory-classifier.md",implementation-control,Repo operations,Codex, build, validation, skill, or repository operating documentation,yes,retain,retained,Operational handoff/control surface.
".codex/skills/first-60-seconds-reviewer.md",implementation-control,Repo operations,Codex, build, validation, skill, or repository operating documentation,yes,retain,retained,Operational handoff/control surface.
".codex/skills/first-7-days-retention-reviewer.md",implementation-control,Repo operations,Codex, build, validation, skill, or repository operating documentation,yes,retain,retained,Operational handoff/control surface.
".codex/skills/first-useful-object-onboarding-builder.md",implementation-control,Repo operations,Codex, build, validation, skill, or repository operating documentation,yes,retain,retained,Operational handoff/control surface.
".codex/skills/flagship-quality-reviewer.md",implementation-control,Repo operations,Codex, build, validation, skill, or repository operating documentation,yes,retain,retained,Operational handoff/control surface.
".codex/skills/flake-classifier.md",implementation-control,Repo operations,Codex, build, validation, skill, or repository operating documentation,yes,retain,retained,Operational handoff/control surface.
".codex/skills/focused-regression-pack-selector.md",implementation-control,Repo operations,Codex, build, validation, skill, or repository operating documentation,yes,retain,retained,Operational handoff/control surface.
".codex/skills/full-regression-escalation-skill.md",implementation-control,Repo operations,Codex, build, validation, skill, or repository operating documentation,yes,retain,retained,Operational handoff/control surface.
".codex/skills/generated-project-sanity-checker.md",implementation-control,Repo operations,Codex, build, validation, skill, or repository operating documentation,yes,retain,retained,Operational handoff/control surface.
".codex/skills/github-actions-parity-auditor.md",implementation-control,Repo operations,Codex, build, validation, skill, or repository operating documentation,yes,retain,retained,Operational handoff/control surface.
".codex/skills/goal-mission-control-builder.md",implementation-control,Repo operations,Codex, build, validation, skill, or repository operating documentation,yes,retain,retained,Operational handoff/control surface.
".codex/skills/goal-ux-designer.md",implementation-control,Repo operations,Codex, build, validation, skill, or repository operating documentation,yes,retain,retained,Operational handoff/control surface.
".codex/skills/homebrew-dependency-auditor.md",implementation-control,Repo operations,Codex, build, validation, skill, or repository operating documentation,yes,retain,retained,Operational handoff/control surface.
".codex/skills/horizon-arc-builder.md",implementation-control,Repo operations,Codex, build, validation, skill, or repository operating documentation,yes,retain,retained,Operational handoff/control surface.
".codex/skills/implementation-status-verifier.md",implementation-control,Repo operations,Codex, build, validation, skill, or repository operating documentation,yes,retain,retained,Operational handoff/control surface.
".codex/skills/information-architecture-reviewer.md",implementation-control,Repo operations,Codex, build, validation, skill, or repository operating documentation,yes,retain,retained,Operational handoff/control surface.
".codex/skills/investor-demo-script-writer.md",implementation-control,Repo operations,Codex, build, validation, skill, or repository operating documentation,yes,retain,retained,Operational handoff/control surface.
".codex/skills/ios-extension-builder/SKILL.md",implementation-control,Repo operations,Codex, build, validation, skill, or repository operating documentation,yes,retain,retained,Operational handoff/control surface.
".codex/skills/ios-extension-builder/templates/app-intents-template.md",implementation-control,Repo operations,Codex, build, validation, skill, or repository operating documentation,yes,retain,retained,Operational handoff/control surface.
".codex/skills/ios-extension-builder/templates/live-activity-template.md",implementation-control,Repo operations,Codex, build, validation, skill, or repository operating documentation,yes,retain,retained,Operational handoff/control surface.
".codex/skills/ios-extension-builder/templates/share-extension-template.md",implementation-control,Repo operations,Codex, build, validation, skill, or repository operating documentation,yes,retain,retained,Operational handoff/control surface.
".codex/skills/ios-extension-builder/templates/widgetkit-template.md",implementation-control,Repo operations,Codex, build, validation, skill, or repository operating documentation,yes,retain,retained,Operational handoff/control surface.
".codex/skills/ios-qa-regression-checker/SKILL.md",implementation-control,Repo operations,Codex, build, validation, skill, or repository operating documentation,yes,retain,retained,Operational handoff/control surface.
".codex/skills/ios-qa-regression-checker/templates/manual-test-checklist.md",implementation-control,Repo operations,Codex, build, validation, skill, or repository operating documentation,yes,retain,retained,Operational handoff/control surface.
".codex/skills/ios-qa-regression-checker/templates/validation-runbook.md",implementation-control,Repo operations,Codex, build, validation, skill, or repository operating documentation,yes,retain,retained,Operational handoff/control surface.
".codex/skills/jobs-to-be-done-mapper.md",implementation-control,Repo operations,Codex, build, validation, skill, or repository operating documentation,yes,retain,retained,Operational handoff/control surface.
".codex/skills/legacy-language-sweeper.md",implementation-control,Repo operations,Codex, build, validation, skill, or repository operating documentation,yes,retain,retained,Operational handoff/control surface.
".codex/skills/license-risk-reviewer.md",implementation-control,Repo operations,Codex, build, validation, skill, or repository operating documentation,yes,retain,retained,Operational handoff/control surface.
".codex/skills/life-shape-builder.md",implementation-control,Repo operations,Codex, build, validation, skill, or repository operating documentation,yes,retain,retained,Operational handoff/control surface.
".codex/skills/light-mode-quality-reviewer.md",implementation-control,Repo operations,Codex, build, validation, skill, or repository operating documentation,yes,retain,retained,Operational handoff/control surface.
".codex/skills/local-first-persistence-reviewer.md",implementation-control,Repo operations,Codex, build, validation, skill, or repository operating documentation,yes,retain,retained,Operational handoff/control surface.
".codex/skills/local-vs-ci-drift-reporter.md",implementation-control,Repo operations,Codex, build, validation, skill, or repository operating documentation,yes,retain,retained,Operational handoff/control surface.
".codex/skills/lockfile-resolved-package-reviewer.md",implementation-control,Repo operations,Codex, build, validation, skill, or repository operating documentation,yes,retain,retained,Operational handoff/control surface.
".codex/skills/mac-toolchain-bootstrapper.md",implementation-control,Repo operations,Codex, build, validation, skill, or repository operating documentation,yes,retain,retained,Operational handoff/control surface.
".codex/skills/manual-verification-blocker.md",implementation-control,Repo operations,Codex, build, validation, skill, or repository operating documentation,yes,retain,retained,Operational handoff/control surface.
".codex/skills/markdown-doc-qa-runner.md",implementation-control,Repo operations,Codex, build, validation, skill, or repository operating documentation,yes,retain,retained,Operational handoff/control surface.
".codex/skills/memory-consent-reviewer.md",implementation-control,Repo operations,Codex, build, validation, skill, or repository operating documentation,yes,retain,retained,Operational handoff/control surface.
".codex/skills/meridian-shell-builder.md",implementation-control,Repo operations,Codex, build, validation, skill, or repository operating documentation,yes,retain,retained,Operational handoff/control surface.
".codex/skills/microcopy-pattern-applier.md",implementation-control,Repo operations,Codex, build, validation, skill, or repository operating documentation,yes,retain,retained,Operational handoff/control surface.
".codex/skills/modal-sheet-fullscreen-decider.md",implementation-control,Repo operations,Codex, build, validation, skill, or repository operating documentation,yes,retain,retained,Operational handoff/control surface.
".codex/skills/motion-haptics-reviewer.md",implementation-control,Repo operations,Codex, build, validation, skill, or repository operating documentation,yes,retain,retained,Operational handoff/control surface.
".codex/skills/navigationstack-safety-reviewer.md",implementation-control,Repo operations,Codex, build, validation, skill, or repository operating documentation,yes,retain,retained,Operational handoff/control surface.
".codex/skills/network-access-requirement-classifier.md",implementation-control,Repo operations,Codex, build, validation, skill, or repository operating documentation,yes,retain,retained,Operational handoff/control surface.
".codex/skills/offline-build-readiness-reviewer.md",implementation-control,Repo operations,Codex, build, validation, skill, or repository operating documentation,yes,retain,retained,Operational handoff/control surface.
".codex/skills/orphan-doc-resolver.md",implementation-control,Repo operations,Codex, build, validation, skill, or repository operating documentation,yes,retain,retained,Operational handoff/control surface.
".codex/skills/paid-tool-avoidance-reviewer.md",implementation-control,Repo operations,Codex, build, validation, skill, or repository operating documentation,yes,retain,retained,Operational handoff/control surface.
".codex/skills/personalization-source-label-auditor.md",implementation-control,Repo operations,Codex, build, validation, skill, or repository operating documentation,yes,retain,retained,Operational handoff/control surface.
".codex/skills/phase-executor/SKILL.md",implementation-control,Repo operations,Codex, build, validation, skill, or repository operating documentation,yes,retain,retained,Operational handoff/control surface.
".codex/skills/phase-executor/templates/acceptance-criteria-template.md",implementation-control,Repo operations,Codex, build, validation, skill, or repository operating documentation,yes,retain,retained,Operational handoff/control surface.
".codex/skills/phase-executor/templates/commit-plan-template.md",implementation-control,Repo operations,Codex, build, validation, skill, or repository operating documentation,yes,retain,retained,Operational handoff/control surface.
".codex/skills/phase-executor/templates/phase-prompt-template.md",implementation-control,Repo operations,Codex, build, validation, skill, or repository operating documentation,yes,retain,retained,Operational handoff/control surface.
".codex/skills/placement-resolver-builder.md",implementation-control,Repo operations,Codex, build, validation, skill, or repository operating documentation,yes,retain,retained,Operational handoff/control surface.
".codex/skills/plan-life-suite-builder.md",implementation-control,Repo operations,Codex, build, validation, skill, or repository operating documentation,yes,retain,retained,Operational handoff/control surface.
".codex/skills/plan-ux-designer.md",implementation-control,Repo operations,Codex, build, validation, skill, or repository operating documentation,yes,retain,retained,Operational handoff/control surface.
".codex/skills/planner-domain-safe-editor/SKILL.md",implementation-control,Repo operations,Codex, build, validation, skill, or repository operating documentation,yes,retain,retained,Operational handoff/control surface.
".codex/skills/planner-domain-safe-editor/templates/planner-change-safety-checklist.md",implementation-control,Repo operations,Codex, build, validation, skill, or repository operating documentation,yes,retain,retained,Operational handoff/control surface.
".codex/skills/post-run-closeout-writer.md",implementation-control,Repo operations,Codex, build, validation, skill, or repository operating documentation,yes,retain,retained,Operational handoff/control surface.
".codex/skills/premium-ios-visual-reviewer.md",implementation-control,Repo operations,Codex, build, validation, skill, or repository operating documentation,yes,retain,retained,Operational handoff/control surface.
".codex/skills/privacy-copy-writer.md",implementation-control,Repo operations,Codex, build, validation, skill, or repository operating documentation,yes,retain,retained,Operational handoff/control surface.
".codex/skills/privacy-manifest-reviewer.md",implementation-control,Repo operations,Codex, build, validation, skill, or repository operating documentation,yes,retain,retained,Operational handoff/control surface.
".codex/skills/privacy-projection-tester.md",implementation-control,Repo operations,Codex, build, validation, skill, or repository operating documentation,yes,retain,retained,Operational handoff/control surface.
".codex/skills/product-language-reviewer.md",implementation-control,Repo operations,Codex, build, validation, skill, or repository operating documentation,yes,retain,retained,Operational handoff/control surface.
".codex/skills/product-requirements-writer.md",implementation-control,Repo operations,Codex, build, validation, skill, or repository operating documentation,yes,retain,retained,Operational handoff/control surface.
".codex/skills/product-strategy-reviewer.md",implementation-control,Repo operations,Codex, build, validation, skill, or repository operating documentation,yes,retain,retained,Operational handoff/control surface.
".codex/skills/proof-receipt-ledger-builder.md",implementation-control,Repo operations,Codex, build, validation, skill, or repository operating documentation,yes,retain,retained,Operational handoff/control surface.
".codex/skills/proof-ux-designer.md",implementation-control,Repo operations,Codex, build, validation, skill, or repository operating documentation,yes,retain,retained,Operational handoff/control surface.
".codex/skills/rail-node-grammar-builder.md",implementation-control,Repo operations,Codex, build, validation, skill, or repository operating documentation,yes,retain,retained,Operational handoff/control surface.
".codex/skills/reality-rail-builder.md",implementation-control,Repo operations,Codex, build, validation, skill, or repository operating documentation,yes,retain,retained,Operational handoff/control surface.
".codex/skills/receipt-copy-enforcer.md",implementation-control,Repo operations,Codex, build, validation, skill, or repository operating documentation,yes,retain,retained,Operational handoff/control surface.
".codex/skills/receipt-proof-data-model-reviewer.md",implementation-control,Repo operations,Codex, build, validation, skill, or repository operating documentation,yes,retain,retained,Operational handoff/control surface.
".codex/skills/recommendation-eligibility-tester.md",implementation-control,Repo operations,Codex, build, validation, skill, or repository operating documentation,yes,retain,retained,Operational handoff/control surface.
".codex/skills/recommendation-explanation-writer.md",implementation-control,Repo operations,Codex, build, validation, skill, or repository operating documentation,yes,retain,retained,Operational handoff/control surface.
".codex/skills/recommendation-ledger-builder.md",implementation-control,Repo operations,Codex, build, validation, skill, or repository operating documentation,yes,retain,retained,Operational handoff/control surface.
".codex/skills/recovery-planner-builder.md",implementation-control,Repo operations,Codex, build, validation, skill, or repository operating documentation,yes,retain,retained,Operational handoff/control surface.
".codex/skills/recovery-ux-designer.md",implementation-control,Repo operations,Codex, build, validation, skill, or repository operating documentation,yes,retain,retained,Operational handoff/control surface.
".codex/skills/reduce-motion-reviewer.md",implementation-control,Repo operations,Codex, build, validation, skill, or repository operating documentation,yes,retain,retained,Operational handoff/control surface.
".codex/skills/reflow-studio-builder.md",implementation-control,Repo operations,Codex, build, validation, skill, or repository operating documentation,yes,retain,retained,Operational handoff/control surface.
".codex/skills/release-claim-blocker.md",implementation-control,Repo operations,Codex, build, validation, skill, or repository operating documentation,yes,retain,retained,Operational handoff/control surface.
".codex/skills/release-hardening/SKILL.md",implementation-control,Repo operations,Codex, build, validation, skill, or repository operating documentation,yes,retain,retained,Operational handoff/control surface.
".codex/skills/release-hardening/templates/release-hardening-checklist.md",implementation-control,Repo operations,Codex, build, validation, skill, or repository operating documentation,yes,retain,retained,Operational handoff/control surface.
".codex/skills/release-readiness-gate-runner.md",implementation-control,Repo operations,Codex, build, validation, skill, or repository operating documentation,yes,retain,retained,Operational handoff/control surface.
".codex/skills/repo-hygiene-cleaner.md",implementation-control,Repo operations,Codex, build, validation, skill, or repository operating documentation,yes,retain,retained,Operational handoff/control surface.
".codex/skills/repo-truth-enforcer/SKILL.md",implementation-control,Repo operations,Codex, build, validation, skill, or repository operating documentation,yes,retain,retained,Operational handoff/control surface.
".codex/skills/repo-truth-enforcer/templates/repo-truth-audit-checklist.md",implementation-control,Repo operations,Codex, build, validation, skill, or repository operating documentation,yes,retain,retained,Operational handoff/control surface.
".codex/skills/repo-truth-enforcer/templates/stale-copy-audit-checklist.md",implementation-control,Repo operations,Codex, build, validation, skill, or repository operating documentation,yes,retain,retained,Operational handoff/control surface.
".codex/skills/review-os-builder.md",implementation-control,Repo operations,Codex, build, validation, skill, or repository operating documentation,yes,retain,retained,Operational handoff/control surface.
".codex/skills/roadmap-sequencer.md",implementation-control,Repo operations,Codex, build, validation, skill, or repository operating documentation,yes,retain,retained,Operational handoff/control surface.
".codex/skills/routing-integration-skill.md",implementation-control,Repo operations,Codex, build, validation, skill, or repository operating documentation,yes,retain,retained,Operational handoff/control surface.
".codex/skills/routing-model-reviewer.md",implementation-control,Repo operations,Codex, build, validation, skill, or repository operating documentation,yes,retain,retained,Operational handoff/control surface.
".codex/skills/screenshot-readiness-reviewer.md",implementation-control,Repo operations,Codex, build, validation, skill, or repository operating documentation,yes,retain,retained,Operational handoff/control surface.
".codex/skills/sensitive-memory-blocker.md",implementation-control,Repo operations,Codex, build, validation, skill, or repository operating documentation,yes,retain,retained,Operational handoff/control surface.
".codex/skills/service-projection-builder.md",implementation-control,Repo operations,Codex, build, validation, skill, or repository operating documentation,yes,retain,retained,Operational handoff/control surface.
".codex/skills/share-extension-integration-skill.md",implementation-control,Repo operations,Codex, build, validation, skill, or repository operating documentation,yes,retain,retained,Operational handoff/control surface.
".codex/skills/simulator-runtime-manager.md",implementation-control,Repo operations,Codex, build, validation, skill, or repository operating documentation,yes,retain,retained,Operational handoff/control surface.
".codex/skills/simulator-selection-skill.md",implementation-control,Repo operations,Codex, build, validation, skill, or repository operating documentation,yes,retain,retained,Operational handoff/control surface.
".codex/skills/source-truth-reconciler.md",implementation-control,Repo operations,Codex, build, validation, skill, or repository operating documentation,yes,retain,retained,Operational handoff/control surface.
".codex/skills/stale-doc-reconciler.md",implementation-control,Repo operations,Codex, build, validation, skill, or repository operating documentation,yes,retain,retained,Operational handoff/control surface.
".codex/skills/start-here-recommendation-builder.md",implementation-control,Repo operations,Codex, build, validation, skill, or repository operating documentation,yes,retain,retained,Operational handoff/control surface.
".codex/skills/state-machine-builder.md",implementation-control,Repo operations,Codex, build, validation, skill, or repository operating documentation,yes,retain,retained,Operational handoff/control surface.
".codex/skills/step-detail-builder.md",implementation-control,Repo operations,Codex, build, validation, skill, or repository operating documentation,yes,retain,retained,Operational handoff/control surface.
".codex/skills/step-session-builder.md",implementation-control,Repo operations,Codex, build, validation, skill, or repository operating documentation,yes,retain,retained,Operational handoff/control surface.
".codex/skills/still-counts-flow-builder.md",implementation-control,Repo operations,Codex, build, validation, skill, or repository operating documentation,yes,retain,retained,Operational handoff/control surface.
".codex/skills/swift-package-boundary-reviewer.md",implementation-control,Repo operations,Codex, build, validation, skill, or repository operating documentation,yes,retain,retained,Operational handoff/control surface.
".codex/skills/swift-package-dependency-auditor.md",implementation-control,Repo operations,Codex, build, validation, skill, or repository operating documentation,yes,retain,retained,Operational handoff/control surface.
".codex/skills/swiftdata-model-reviewer.md",implementation-control,Repo operations,Codex, build, validation, skill, or repository operating documentation,yes,retain,retained,Operational handoff/control surface.
".codex/skills/swiftui-component-extractor.md",implementation-control,Repo operations,Codex, build, validation, skill, or repository operating documentation,yes,retain,retained,Operational handoff/control surface.
".codex/skills/swiftui-preview-fixture-builder.md",implementation-control,Repo operations,Codex, build, validation, skill, or repository operating documentation,yes,retain,retained,Operational handoff/control surface.
".codex/skills/swiftui-surface-builder.md",implementation-control,Repo operations,Codex, build, validation, skill, or repository operating documentation,yes,retain,retained,Operational handoff/control surface.
".codex/skills/sync-boundary-reviewer.md",implementation-control,Repo operations,Codex, build, validation, skill, or repository operating documentation,yes,retain,retained,Operational handoff/control surface.
".codex/skills/testflight-readiness-reviewer.md",implementation-control,Repo operations,Codex, build, validation, skill, or repository operating documentation,yes,retain,retained,Operational handoff/control surface.
".codex/skills/touch-budget-enforcer.md",implementation-control,Repo operations,Codex, build, validation, skill, or repository operating documentation,yes,retain,retained,Operational handoff/control surface.
".codex/skills/touch-target-auditor.md",implementation-control,Repo operations,Codex, build, validation, skill, or repository operating documentation,yes,retain,retained,Operational handoff/control surface.
".codex/skills/trust-memory-control-plane-builder.md",implementation-control,Repo operations,Codex, build, validation, skill, or repository operating documentation,yes,retain,retained,Operational handoff/control surface.
".codex/skills/trust-ux-designer.md",implementation-control,Repo operations,Codex, build, validation, skill, or repository operating documentation,yes,retain,retained,Operational handoff/control surface.
".codex/skills/ui-test-builder.md",implementation-control,Repo operations,Codex, build, validation, skill, or repository operating documentation,yes,retain,retained,Operational handoff/control surface.
".codex/skills/ux-writing-cleaner.md",implementation-control,Repo operations,Codex, build, validation, skill, or repository operating documentation,yes,retain,retained,Operational handoff/control surface.
".codex/skills/view-state-projector-builder.md",implementation-control,Repo operations,Codex, build, validation, skill, or repository operating documentation,yes,retain,retained,Operational handoff/control surface.
".codex/skills/voiceover-label-auditor.md",implementation-control,Repo operations,Codex, build, validation, skill, or repository operating documentation,yes,retain,retained,Operational handoff/control surface.
".codex/skills/week-shape-builder.md",implementation-control,Repo operations,Codex, build, validation, skill, or repository operating documentation,yes,retain,retained,Operational handoff/control surface.
".codex/skills/what-ambitions-knows-builder.md",implementation-control,Repo operations,Codex, build, validation, skill, or repository operating documentation,yes,retain,retained,Operational handoff/control surface.
".codex/skills/widgetkit-integration-skill.md",implementation-control,Repo operations,Codex, build, validation, skill, or repository operating documentation,yes,retain,retained,Operational handoff/control surface.
".codex/skills/xcode-version-verifier.md",implementation-control,Repo operations,Codex, build, validation, skill, or repository operating documentation,yes,retain,retained,Operational handoff/control surface.
".codex/skills/xcodegen-target-updater.md",implementation-control,Repo operations,Codex, build, validation, skill, or repository operating documentation,yes,retain,retained,Operational handoff/control surface.
".codex/skills/xcodegen-target-writer/SKILL.md",implementation-control,Repo operations,Codex, build, validation, skill, or repository operating documentation,yes,retain,retained,Operational handoff/control surface.
".codex/skills/xcodegen-target-writer/templates/extension-target-checklist.md",implementation-control,Repo operations,Codex, build, validation, skill, or repository operating documentation,yes,retain,retained,Operational handoff/control surface.
".codex/skills/xcodegen-target-writer/templates/plist-entitlements-checklist.md",implementation-control,Repo operations,Codex, build, validation, skill, or repository operating documentation,yes,retain,retained,Operational handoff/control surface.
".codex/skills/xcodegen-version-verifier.md",implementation-control,Repo operations,Codex, build, validation, skill, or repository operating documentation,yes,retain,retained,Operational handoff/control surface.
".codex/skills/xcresult-evidence-extractor.md",implementation-control,Repo operations,Codex, build, validation, skill, or repository operating documentation,yes,retain,retained,Operational handoff/control surface.
".codex/skills/xctest-builder.md",implementation-control,Repo operations,Codex, build, validation, skill, or repository operating documentation,yes,retain,retained,Operational handoff/control surface.
".codex/skills/you-trust-ux-designer.md",implementation-control,Repo operations,Codex, build, validation, skill, or repository operating documentation,yes,retain,retained,Operational handoff/control surface.
".codex/templates/README.md",implementation-control,Repo operations,Codex, build, validation, skill, or repository operating documentation,yes,retain,retained,Operational handoff/control surface.
".codex/templates/adr-template.md",implementation-control,Repo operations,Codex, build, validation, skill, or repository operating documentation,yes,retain,retained,Operational handoff/control surface.
".codex/templates/architecture-hardening-closeout-template.md",implementation-control,Repo operations,Codex, build, validation, skill, or repository operating documentation,yes,retain,retained,Operational handoff/control surface.
".codex/templates/autonomous-execution-loop.md",implementation-control,Repo operations,Codex, build, validation, skill, or repository operating documentation,yes,retain,retained,Operational handoff/control surface.
".codex/templates/batch-train-checkpoint-template.md",implementation-control,Repo operations,Codex, build, validation, skill, or repository operating documentation,yes,retain,retained,Operational handoff/control surface.
".codex/templates/batch-train-final-report-template.md",implementation-control,Repo operations,Codex, build, validation, skill, or repository operating documentation,yes,retain,retained,Operational handoff/control surface.
".codex/templates/batch-train-green-report-template.md",implementation-control,Repo operations,Codex, build, validation, skill, or repository operating documentation,yes,retain,retained,Operational handoff/control surface.
".codex/templates/batch-train-manifest-template.md",implementation-control,Repo operations,Codex, build, validation, skill, or repository operating documentation,yes,retain,retained,Operational handoff/control surface.
".codex/templates/batch-train-plan-template.md",implementation-control,Repo operations,Codex, build, validation, skill, or repository operating documentation,yes,retain,retained,Operational handoff/control surface.
".codex/templates/batch-train-red-stop-report-template.md",implementation-control,Repo operations,Codex, build, validation, skill, or repository operating documentation,yes,retain,retained,Operational handoff/control surface.
".codex/templates/batch-train-repair-prompt-template.md",implementation-control,Repo operations,Codex, build, validation, skill, or repository operating documentation,yes,retain,retained,Operational handoff/control surface.
".codex/templates/batch-train-resume-prompt-template.md",implementation-control,Repo operations,Codex, build, validation, skill, or repository operating documentation,yes,retain,retained,Operational handoff/control surface.
".codex/templates/batch-train-yellow-stop-report-template.md",implementation-control,Repo operations,Codex, build, validation, skill, or repository operating documentation,yes,retain,retained,Operational handoff/control surface.
".codex/templates/blocked-investigation.md",implementation-control,Repo operations,Codex, build, validation, skill, or repository operating documentation,yes,retain,retained,Operational handoff/control surface.
".codex/templates/blocked-work-summary.md",implementation-control,Repo operations,Codex, build, validation, skill, or repository operating documentation,yes,retain,retained,Operational handoff/control surface.
".codex/templates/bugfix-plan.md",implementation-control,Repo operations,Codex, build, validation, skill, or repository operating documentation,yes,retain,retained,Operational handoff/control surface.
".codex/templates/bugfix-prompt.md",implementation-control,Repo operations,Codex, build, validation, skill, or repository operating documentation,yes,retain,retained,Operational handoff/control surface.
".codex/templates/change-plan.md",implementation-control,Repo operations,Codex, build, validation, skill, or repository operating documentation,yes,retain,retained,Operational handoff/control surface.
".codex/templates/checkpoint-report-template.md",implementation-control,Repo operations,Codex, build, validation, skill, or repository operating documentation,yes,retain,retained,Operational handoff/control surface.
".codex/templates/cleanup-prompt.md",implementation-control,Repo operations,Codex, build, validation, skill, or repository operating documentation,yes,retain,retained,Operational handoff/control surface.
".codex/templates/closeout-report-template.md",implementation-control,Repo operations,Codex, build, validation, skill, or repository operating documentation,yes,retain,retained,Operational handoff/control surface.
".codex/templates/code-review-prompt.md",implementation-control,Repo operations,Codex, build, validation, skill, or repository operating documentation,yes,retain,retained,Operational handoff/control surface.
".codex/templates/current-run-state-template.md",implementation-control,Repo operations,Codex, build, validation, skill, or repository operating documentation,yes,retain,retained,Operational handoff/control surface.
".codex/templates/dependency-promotion-record-template.md",implementation-control,Repo operations,Codex, build, validation, skill, or repository operating documentation,yes,retain,retained,Operational handoff/control surface.
".codex/templates/dependency-proposal-prompt.md",implementation-control,Repo operations,Codex, build, validation, skill, or repository operating documentation,yes,retain,retained,Operational handoff/control surface.
".codex/templates/docs-update-prompt.md",implementation-control,Repo operations,Codex, build, validation, skill, or repository operating documentation,yes,retain,retained,Operational handoff/control surface.
".codex/templates/execution-report.md",implementation-control,Repo operations,Codex, build, validation, skill, or repository operating documentation,yes,retain,retained,Operational handoff/control surface.
".codex/templates/extension-plan.md",implementation-control,Repo operations,Codex, build, validation, skill, or repository operating documentation,yes,retain,retained,Operational handoff/control surface.
".codex/templates/failure-recovery-checklist.md",implementation-control,Repo operations,Codex, build, validation, skill, or repository operating documentation,yes,retain,retained,Operational handoff/control surface.
".codex/templates/feature-file-responsibility-report-template.md",implementation-control,Repo operations,Codex, build, validation, skill, or repository operating documentation,yes,retain,retained,Operational handoff/control surface.
".codex/templates/feature-plan.md",implementation-control,Repo operations,Codex, build, validation, skill, or repository operating documentation,yes,retain,retained,Operational handoff/control surface.
".codex/templates/flake-report-template.md",implementation-control,Repo operations,Codex, build, validation, skill, or repository operating documentation,yes,retain,retained,Operational handoff/control surface.
".codex/templates/implementation-plan-template.md",implementation-control,Repo operations,Codex, build, validation, skill, or repository operating documentation,yes,retain,retained,Operational handoff/control surface.
".codex/templates/master-implementation-prompt.md",implementation-control,Repo operations,Codex, build, validation, skill, or repository operating documentation,yes,retain,retained,Operational handoff/control surface.
".codex/templates/merge-readiness.md",implementation-control,Repo operations,Codex, build, validation, skill, or repository operating documentation,yes,retain,retained,Operational handoff/control surface.
".codex/templates/migration-report-template.md",implementation-control,Repo operations,Codex, build, validation, skill, or repository operating documentation,yes,retain,retained,Operational handoff/control surface.
".codex/templates/post-run-review.md",implementation-control,Repo operations,Codex, build, validation, skill, or repository operating documentation,yes,retain,retained,Operational handoff/control surface.
".codex/templates/postmortem-template.md",implementation-control,Repo operations,Codex, build, validation, skill, or repository operating documentation,yes,retain,retained,Operational handoff/control surface.
".codex/templates/primitive-build-prompt.md",implementation-control,Repo operations,Codex, build, validation, skill, or repository operating documentation,yes,retain,retained,Operational handoff/control surface.
".codex/templates/refactor-prompt.md",implementation-control,Repo operations,Codex, build, validation, skill, or repository operating documentation,yes,retain,retained,Operational handoff/control surface.
".codex/templates/release-checklist.md",implementation-control,Repo operations,Codex, build, validation, skill, or repository operating documentation,yes,retain,retained,Operational handoff/control surface.
".codex/templates/release-gate-prompt.md",implementation-control,Repo operations,Codex, build, validation, skill, or repository operating documentation,yes,retain,retained,Operational handoff/control surface.
".codex/templates/release-plan.md",implementation-control,Repo operations,Codex, build, validation, skill, or repository operating documentation,yes,retain,retained,Operational handoff/control surface.
".codex/templates/retry-decision.md",implementation-control,Repo operations,Codex, build, validation, skill, or repository operating documentation,yes,retain,retained,Operational handoff/control surface.
".codex/templates/risk-entry-template.md",implementation-control,Repo operations,Codex, build, validation, skill, or repository operating documentation,yes,retain,retained,Operational handoff/control surface.
".codex/templates/skill-gap-report-template.md",implementation-control,Repo operations,Codex, build, validation, skill, or repository operating documentation,yes,retain,retained,Operational handoff/control surface.
".codex/templates/surface-build-prompt.md",implementation-control,Repo operations,Codex, build, validation, skill, or repository operating documentation,yes,retain,retained,Operational handoff/control surface.
".codex/templates/swiftui-state-contract-audit-template.md",implementation-control,Repo operations,Codex, build, validation, skill, or repository operating documentation,yes,retain,retained,Operational handoff/control surface.
".codex/templates/system-refinement-decision.md",implementation-control,Repo operations,Codex, build, validation, skill, or repository operating documentation,yes,retain,retained,Operational handoff/control surface.
".codex/templates/task-classification.md",implementation-control,Repo operations,Codex, build, validation, skill, or repository operating documentation,yes,retain,retained,Operational handoff/control surface.
".codex/templates/task-intake.md",implementation-control,Repo operations,Codex, build, validation, skill, or repository operating documentation,yes,retain,retained,Operational handoff/control surface.
".codex/templates/task-split-report-template.md",implementation-control,Repo operations,Codex, build, validation, skill, or repository operating documentation,yes,retain,retained,Operational handoff/control surface.
".codex/templates/test-expansion-prompt.md",implementation-control,Repo operations,Codex, build, validation, skill, or repository operating documentation,yes,retain,retained,Operational handoff/control surface.
".codex/templates/test-failure-report-template.md",implementation-control,Repo operations,Codex, build, validation, skill, or repository operating documentation,yes,retain,retained,Operational handoff/control surface.
".codex/templates/ui-test-classification-template.md",implementation-control,Repo operations,Codex, build, validation, skill, or repository operating documentation,yes,retain,retained,Operational handoff/control surface.
".codex/templates/validation-report-template.md",implementation-control,Repo operations,Codex, build, validation, skill, or repository operating documentation,yes,retain,retained,Operational handoff/control surface.
".codex/templates/validation-summary.md",implementation-control,Repo operations,Codex, build, validation, skill, or repository operating documentation,yes,retain,retained,Operational handoff/control surface.
".codex/validation/README.md",implementation-control,Repo operations,Codex, build, validation, skill, or repository operating documentation,yes,retain,retained,Operational handoff/control surface.
".codex/validation/accessibility-pack.md",implementation-control,Repo operations,Codex, build, validation, skill, or repository operating documentation,yes,retain,retained,Operational handoff/control surface.
".codex/validation/accessibility-qa-pack.md",implementation-control,Repo operations,Codex, build, validation, skill, or repository operating documentation,yes,retain,retained,Operational handoff/control surface.
".codex/validation/active-canon-pack.md",implementation-control,Repo operations,Codex, build, validation, skill, or repository operating documentation,yes,retain,retained,Operational handoff/control surface.
".codex/validation/app-store-truth-pack.md",implementation-control,Repo operations,Codex, build, validation, skill, or repository operating documentation,yes,retain,retained,Operational handoff/control surface.
".codex/validation/architecture-hygiene-pack.md",implementation-control,Repo operations,Codex, build, validation, skill, or repository operating documentation,yes,retain,retained,Operational handoff/control surface.
".codex/validation/base-build-test-pack.md",implementation-control,Repo operations,Codex, build, validation, skill, or repository operating documentation,yes,retain,retained,Operational handoff/control surface.
".codex/validation/batch-train-continuation-pack.md",implementation-control,Repo operations,Codex, build, validation, skill, or repository operating documentation,yes,retain,retained,Operational handoff/control surface.
".codex/validation/batch-train-gate-pack.md",implementation-control,Repo operations,Codex, build, validation, skill, or repository operating documentation,yes,retain,retained,Operational handoff/control surface.
".codex/validation/batch-train-release-claim-pack.md",implementation-control,Repo operations,Codex, build, validation, skill, or repository operating documentation,yes,retain,retained,Operational handoff/control surface.
".codex/validation/batch-train-resume-pack.md",implementation-control,Repo operations,Codex, build, validation, skill, or repository operating documentation,yes,retain,retained,Operational handoff/control surface.
".codex/validation/batch-train-stop-pack.md",implementation-control,Repo operations,Codex, build, validation, skill, or repository operating documentation,yes,retain,retained,Operational handoff/control surface.
".codex/validation/copy-guard-pack.md",implementation-control,Repo operations,Codex, build, validation, skill, or repository operating documentation,yes,retain,retained,Operational handoff/control surface.
".codex/validation/copy-qa-pack.md",implementation-control,Repo operations,Codex, build, validation, skill, or repository operating documentation,yes,retain,retained,Operational handoff/control surface.
".codex/validation/dependency-drift-pack.md",implementation-control,Repo operations,Codex, build, validation, skill, or repository operating documentation,yes,retain,retained,Operational handoff/control surface.
".codex/validation/design-qa-pack.md",implementation-control,Repo operations,Codex, build, validation, skill, or repository operating documentation,yes,retain,retained,Operational handoff/control surface.
".codex/validation/doc-qa-pack.md",implementation-control,Repo operations,Codex, build, validation, skill, or repository operating documentation,yes,retain,retained,Operational handoff/control surface.
".codex/validation/external-surface-pack.md",implementation-control,Repo operations,Codex, build, validation, skill, or repository operating documentation,yes,retain,retained,Operational handoff/control surface.
".codex/validation/feature-file-responsibility-pack.md",implementation-control,Repo operations,Codex, build, validation, skill, or repository operating documentation,yes,retain,retained,Operational handoff/control surface.
".codex/validation/local-ci-parity-pack.md",implementation-control,Repo operations,Codex, build, validation, skill, or repository operating documentation,yes,retain,retained,Operational handoff/control surface.
".codex/validation/privacy-trust-pack.md",implementation-control,Repo operations,Codex, build, validation, skill, or repository operating documentation,yes,retain,retained,Operational handoff/control surface.
".codex/validation/privacy-trust-qa-pack.md",implementation-control,Repo operations,Codex, build, validation, skill, or repository operating documentation,yes,retain,retained,Operational handoff/control surface.
".codex/validation/recommendation-eligibility-pack.md",implementation-control,Repo operations,Codex, build, validation, skill, or repository operating documentation,yes,retain,retained,Operational handoff/control surface.
".codex/validation/release-readiness-pack.md",implementation-control,Repo operations,Codex, build, validation, skill, or repository operating documentation,yes,retain,retained,Operational handoff/control surface.
".codex/validation/repo-hygiene-pack.md",implementation-control,Repo operations,Codex, build, validation, skill, or repository operating documentation,yes,retain,retained,Operational handoff/control surface.
".codex/validation/state-machine-pack.md",implementation-control,Repo operations,Codex, build, validation, skill, or repository operating documentation,yes,retain,retained,Operational handoff/control surface.
".codex/validation/swiftui-preview-pack.md",implementation-control,Repo operations,Codex, build, validation, skill, or repository operating documentation,yes,retain,retained,Operational handoff/control surface.
".codex/validation/swiftui-state-contract-pack.md",implementation-control,Repo operations,Codex, build, validation, skill, or repository operating documentation,yes,retain,retained,Operational handoff/control surface.
".codex/validation/toolchain-readiness-pack.md",implementation-control,Repo operations,Codex, build, validation, skill, or repository operating documentation,yes,retain,retained,Operational handoff/control surface.
".codex/validation/traceability-pack.md",implementation-control,Repo operations,Codex, build, validation, skill, or repository operating documentation,yes,retain,retained,Operational handoff/control surface.
".codex/validation/ui-test-contract-pack.md",implementation-control,Repo operations,Codex, build, validation, skill, or repository operating documentation,yes,retain,retained,Operational handoff/control surface.
".env.example",implementation-control,Repo operations,Repository support file,yes,retain,retained,Classified support artifact.
".github/workflows/ios-validate.yml",implementation-control,CI,Repository CI or GitHub configuration,yes,retain,retained,Build and validation infrastructure.
".gitignore",implementation-control,Repo operations,Repository support file,yes,retain,retained,Classified support artifact.
".swiftpm/xcode/xcuserdata/devan.xcuserdatad/xcschemes/xcschememanagement.plist",implementation-control,Repo operations,Repository support file,yes,retain,retained,Classified support artifact.
"AGENTS.md",implementation-control,Repo operations,Repository entrypoint and operating guidance,yes,retain,retained,Primary handoff entrypoint.
"AppUI/Sources/WidgetComponents.swift",active-code,iOS engineering,Native Swift app, extension, shared UI, domain, service, persistence, package, or XcodeGen source,yes,retain,retained,Current native implementation path.
"AppUI/Sources/WidgetFamiliesPrimary.swift",active-code,iOS engineering,Native Swift app, extension, shared UI, domain, service, persistence, package, or XcodeGen source,yes,retain,retained,Current native implementation path.
"AppUI/Sources/WidgetFamiliesSecondary.swift",active-code,iOS engineering,Native Swift app, extension, shared UI, domain, service, persistence, package, or XcodeGen source,yes,retain,retained,Current native implementation path.
"AppUI/Sources/WidgetFoundation.swift",active-code,iOS engineering,Native Swift app, extension, shared UI, domain, service, persistence, package, or XcodeGen source,yes,retain,retained,Current native implementation path.
"AppUI/Sources/WidgetPreviews.swift",active-code,iOS engineering,Native Swift app, extension, shared UI, domain, service, persistence, package, or XcodeGen source,yes,retain,retained,Current native implementation path.
"Brewfile",implementation-control,Repo operations,Repository support file,yes,retain,retained,Classified support artifact.
"Brewfile.optional-later",implementation-control,Repo operations,Repository support file,yes,retain,retained,Classified support artifact.
"MASTER_PRODUCT_SPEC.md",implementation-control,Repo operations,Repository support file,yes,retain,retained,Classified support artifact.
"Native/Ambitions/App/AGENTS.md",active-code,iOS engineering,Native Swift app, extension, shared UI, domain, service, persistence, package, or XcodeGen source,yes,retain,retained,Current native implementation path.
"Native/Ambitions/App/AmbitionsApp.swift",active-code,iOS engineering,Native Swift app, extension, shared UI, domain, service, persistence, package, or XcodeGen source,yes,retain,retained,Current native implementation path.
"Native/Ambitions/App/AmbitionsRootView.swift",active-code,iOS engineering,Native Swift app, extension, shared UI, domain, service, persistence, package, or XcodeGen source,yes,retain,retained,Current native implementation path.
"Native/Ambitions/App/AppBootstrapper.swift",active-code,iOS engineering,Native Swift app, extension, shared UI, domain, service, persistence, package, or XcodeGen source,yes,retain,retained,Current native implementation path.
"Native/Ambitions/App/AppContainer.swift",active-code,iOS engineering,Native Swift app, extension, shared UI, domain, service, persistence, package, or XcodeGen source,yes,retain,retained,Current native implementation path.
"Native/Ambitions/App/AppContainerFactory.swift",active-code,iOS engineering,Native Swift app, extension, shared UI, domain, service, persistence, package, or XcodeGen source,yes,retain,retained,Current native implementation path.
"Native/Ambitions/App/AppEnvironment.swift",active-code,iOS engineering,Native Swift app, extension, shared UI, domain, service, persistence, package, or XcodeGen source,yes,retain,retained,Current native implementation path.
"Native/Ambitions/App/AppExternalRouting.swift",active-code,iOS engineering,Native Swift app, extension, shared UI, domain, service, persistence, package, or XcodeGen source,yes,retain,retained,Current native implementation path.
"Native/Ambitions/App/AppIntentLaunchRouter.swift",active-code,iOS engineering,Native Swift app, extension, shared UI, domain, service, persistence, package, or XcodeGen source,yes,retain,retained,Current native implementation path.
"Native/Ambitions/App/AppMeridianShell.swift",active-code,iOS engineering,Native Swift app, extension, shared UI, domain, service, persistence, package, or XcodeGen source,yes,retain,retained,Current native implementation path.
"Native/Ambitions/App/AppNavigation.swift",active-code,iOS engineering,Native Swift app, extension, shared UI, domain, service, persistence, package, or XcodeGen source,yes,retain,retained,Current native implementation path.
"Native/Ambitions/App/AppShellPresentationMode.swift",active-code,iOS engineering,Native Swift app, extension, shared UI, domain, service, persistence, package, or XcodeGen source,yes,retain,retained,Current native implementation path.
"Native/Ambitions/App/AppShellView.swift",active-code,iOS engineering,Native Swift app, extension, shared UI, domain, service, persistence, package, or XcodeGen source,yes,retain,retained,Current native implementation path.
"Native/Ambitions/App/AppTab.swift",active-code,iOS engineering,Native Swift app, extension, shared UI, domain, service, persistence, package, or XcodeGen source,yes,retain,retained,Current native implementation path.
"Native/Ambitions/App/ShellCommandModels.swift",active-code,iOS engineering,Native Swift app, extension, shared UI, domain, service, persistence, package, or XcodeGen source,yes,retain,retained,Current native implementation path.
"Native/Ambitions/App/ShellCommandRouter.swift",active-code,iOS engineering,Native Swift app, extension, shared UI, domain, service, persistence, package, or XcodeGen source,yes,retain,retained,Current native implementation path.
"Native/Ambitions/App/ShellTabReselectionObserver.swift",active-code,iOS engineering,Native Swift app, extension, shared UI, domain, service, persistence, package, or XcodeGen source,yes,retain,retained,Current native implementation path.
"Native/Ambitions/AppIntents/OpenAmbitionsDestinationIntent.swift",active-code,iOS engineering,Native Swift app, extension, shared UI, domain, service, persistence, package, or XcodeGen source,yes,retain,retained,Current native implementation path.
"Native/Ambitions/Domain/AGENTS.md",active-code,iOS engineering,Native Swift app, extension, shared UI, domain, service, persistence, package, or XcodeGen source,yes,retain,retained,Current native implementation path.
"Native/Ambitions/Domain/ActionClosureReceiptModels.swift",active-code,iOS engineering,Native Swift app, extension, shared UI, domain, service, persistence, package, or XcodeGen source,yes,retain,retained,Current native implementation path.
"Native/Ambitions/Domain/ActionReceiptProofLedgerModels.swift",active-code,iOS engineering,Native Swift app, extension, shared UI, domain, service, persistence, package, or XcodeGen source,yes,retain,retained,Current native implementation path.
"Native/Ambitions/Domain/AmbitionsCommandModels.swift",active-code,iOS engineering,Native Swift app, extension, shared UI, domain, service, persistence, package, or XcodeGen source,yes,retain,retained,Current native implementation path.
"Native/Ambitions/Domain/AmbitionsProductCanonV2Models.swift",active-code,iOS engineering,Native Swift app, extension, shared UI, domain, service, persistence, package, or XcodeGen source,yes,retain,retained,Current native implementation path.
"Native/Ambitions/Domain/AppSession.swift",active-code,iOS engineering,Native Swift app, extension, shared UI, domain, service, persistence, package, or XcodeGen source,yes,retain,retained,Current native implementation path.
"Native/Ambitions/Domain/CanonicalNowStateModels.swift",active-code,iOS engineering,Native Swift app, extension, shared UI, domain, service, persistence, package, or XcodeGen source,yes,retain,retained,Current native implementation path.
"Native/Ambitions/Domain/CaptureModels.swift",active-code,iOS engineering,Native Swift app, extension, shared UI, domain, service, persistence, package, or XcodeGen source,yes,retain,retained,Current native implementation path.
"Native/Ambitions/Domain/CommitmentWaitingModels.swift",active-code,iOS engineering,Native Swift app, extension, shared UI, domain, service, persistence, package, or XcodeGen source,yes,retain,retained,Current native implementation path.
"Native/Ambitions/Domain/DomainFoundation.swift",active-code,iOS engineering,Native Swift app, extension, shared UI, domain, service, persistence, package, or XcodeGen source,yes,retain,retained,Current native implementation path.
"Native/Ambitions/Domain/EventLedgerModels.swift",active-code,iOS engineering,Native Swift app, extension, shared UI, domain, service, persistence, package, or XcodeGen source,yes,retain,retained,Current native implementation path.
"Native/Ambitions/Domain/ExecutionResilienceModels.swift",active-code,iOS engineering,Native Swift app, extension, shared UI, domain, service, persistence, package, or XcodeGen source,yes,retain,retained,Current native implementation path.
"Native/Ambitions/Domain/GoalBelievabilityModels.swift",active-code,iOS engineering,Native Swift app, extension, shared UI, domain, service, persistence, package, or XcodeGen source,yes,retain,retained,Current native implementation path.
"Native/Ambitions/Domain/GoalEngine/GoalClarificationModels.swift",active-code,iOS engineering,Native Swift app, extension, shared UI, domain, service, persistence, package, or XcodeGen source,yes,retain,retained,Current native implementation path.
"Native/Ambitions/Domain/GoalEngine/GoalContradictionModels.swift",active-code,iOS engineering,Native Swift app, extension, shared UI, domain, service, persistence, package, or XcodeGen source,yes,retain,retained,Current native implementation path.
"Native/Ambitions/Domain/GoalEngine/GoalDomainPackModels.swift",active-code,iOS engineering,Native Swift app, extension, shared UI, domain, service, persistence, package, or XcodeGen source,yes,retain,retained,Current native implementation path.
"Native/Ambitions/Domain/GoalEngine/GoalEnergyFitModels.swift",active-code,iOS engineering,Native Swift app, extension, shared UI, domain, service, persistence, package, or XcodeGen source,yes,retain,retained,Current native implementation path.
"Native/Ambitions/Domain/GoalEngine/GoalEnergyLearningModels.swift",active-code,iOS engineering,Native Swift app, extension, shared UI, domain, service, persistence, package, or XcodeGen source,yes,retain,retained,Current native implementation path.
"Native/Ambitions/Domain/GoalEngine/GoalEngineAdaptationService.swift",active-code,iOS engineering,Native Swift app, extension, shared UI, domain, service, persistence, package, or XcodeGen source,yes,retain,retained,Current native implementation path.
"Native/Ambitions/Domain/GoalEngine/GoalEngineContracts.swift",active-code,iOS engineering,Native Swift app, extension, shared UI, domain, service, persistence, package, or XcodeGen source,yes,retain,retained,Current native implementation path.
"Native/Ambitions/Domain/GoalEngine/GoalEngineFeedback.swift",active-code,iOS engineering,Native Swift app, extension, shared UI, domain, service, persistence, package, or XcodeGen source,yes,retain,retained,Current native implementation path.
"Native/Ambitions/Domain/GoalEngine/GoalEngineFeedbackAnalyzer.swift",active-code,iOS engineering,Native Swift app, extension, shared UI, domain, service, persistence, package, or XcodeGen source,yes,retain,retained,Current native implementation path.
"Native/Ambitions/Domain/GoalEngine/GoalEngineFixtures.swift",active-code,iOS engineering,Native Swift app, extension, shared UI, domain, service, persistence, package, or XcodeGen source,yes,retain,retained,Current native implementation path.
"Native/Ambitions/Domain/GoalEngine/GoalEngineIntake.swift",active-code,iOS engineering,Native Swift app, extension, shared UI, domain, service, persistence, package, or XcodeGen source,yes,retain,retained,Current native implementation path.
"Native/Ambitions/Domain/GoalEngine/GoalEngineOrchestrator.swift",active-code,iOS engineering,Native Swift app, extension, shared UI, domain, service, persistence, package, or XcodeGen source,yes,retain,retained,Current native implementation path.
"Native/Ambitions/Domain/GoalEngine/GoalEnginePlanner.swift",active-code,iOS engineering,Native Swift app, extension, shared UI, domain, service, persistence, package, or XcodeGen source,yes,retain,retained,Current native implementation path.
"Native/Ambitions/Domain/GoalEngine/GoalEnginePlannerLinter.swift",active-code,iOS engineering,Native Swift app, extension, shared UI, domain, service, persistence, package, or XcodeGen source,yes,retain,retained,Current native implementation path.
"Native/Ambitions/Domain/GoalEngine/GoalEngineStepRewriter.swift",active-code,iOS engineering,Native Swift app, extension, shared UI, domain, service, persistence, package, or XcodeGen source,yes,retain,retained,Current native implementation path.
"Native/Ambitions/Domain/GoalEngine/GoalFreshnessUpdateModels.swift",active-code,iOS engineering,Native Swift app, extension, shared UI, domain, service, persistence, package, or XcodeGen source,yes,retain,retained,Current native implementation path.
"Native/Ambitions/Domain/GoalEngine/GoalPathCompilerModels.swift",active-code,iOS engineering,Native Swift app, extension, shared UI, domain, service, persistence, package, or XcodeGen source,yes,retain,retained,Current native implementation path.
"Native/Ambitions/Domain/GoalEngine/GoalResourceGraphModels.swift",active-code,iOS engineering,Native Swift app, extension, shared UI, domain, service, persistence, package, or XcodeGen source,yes,retain,retained,Current native implementation path.
"Native/Ambitions/Domain/GoalEngine/GoalTeachingModels.swift",active-code,iOS engineering,Native Swift app, extension, shared UI, domain, service, persistence, package, or XcodeGen source,yes,retain,retained,Current native implementation path.
"Native/Ambitions/Domain/GoalEngine/GoalUnderstandingModels.swift",active-code,iOS engineering,Native Swift app, extension, shared UI, domain, service, persistence, package, or XcodeGen source,yes,retain,retained,Current native implementation path.
"Native/Ambitions/Domain/GoalEngine/PathIntelligenceModels.swift",active-code,iOS engineering,Native Swift app, extension, shared UI, domain, service, persistence, package, or XcodeGen source,yes,retain,retained,Current native implementation path.
"Native/Ambitions/Domain/GoalEngine/TypeScriptParityNotes.md",active-code,iOS engineering,Native Swift app, extension, shared UI, domain, service, persistence, package, or XcodeGen source,yes,retain,retained,Current native implementation path.
"Native/Ambitions/Domain/GoalsModels.swift",active-code,iOS engineering,Native Swift app, extension, shared UI, domain, service, persistence, package, or XcodeGen source,yes,retain,retained,Current native implementation path.
"Native/Ambitions/Domain/HabitsModels.swift",active-code,iOS engineering,Native Swift app, extension, shared UI, domain, service, persistence, package, or XcodeGen source,yes,retain,retained,Current native implementation path.
"Native/Ambitions/Domain/InsightsModels.swift",active-code,iOS engineering,Native Swift app, extension, shared UI, domain, service, persistence, package, or XcodeGen source,yes,retain,retained,Current native implementation path.
"Native/Ambitions/Domain/KnowledgeBoundaryModels.swift",active-code,iOS engineering,Native Swift app, extension, shared UI, domain, service, persistence, package, or XcodeGen source,yes,retain,retained,Current native implementation path.
"Native/Ambitions/Domain/KnowledgeIngestionModels.swift",active-code,iOS engineering,Native Swift app, extension, shared UI, domain, service, persistence, package, or XcodeGen source,yes,retain,retained,Current native implementation path.
"Native/Ambitions/Domain/LearningAnticipationModels.swift",active-code,iOS engineering,Native Swift app, extension, shared UI, domain, service, persistence, package, or XcodeGen source,yes,retain,retained,Current native implementation path.
"Native/Ambitions/Domain/LifeAreaModels.swift",active-code,iOS engineering,Native Swift app, extension, shared UI, domain, service, persistence, package, or XcodeGen source,yes,retain,retained,Current native implementation path.
"Native/Ambitions/Domain/LifeGraphModels.swift",active-code,iOS engineering,Native Swift app, extension, shared UI, domain, service, persistence, package, or XcodeGen source,yes,retain,retained,Current native implementation path.
"Native/Ambitions/Domain/NorthStarModels.swift",active-code,iOS engineering,Native Swift app, extension, shared UI, domain, service, persistence, package, or XcodeGen source,yes,retain,retained,Current native implementation path.
"Native/Ambitions/Domain/OneStepGoalModels.swift",active-code,iOS engineering,Native Swift app, extension, shared UI, domain, service, persistence, package, or XcodeGen source,yes,retain,retained,Current native implementation path.
"Native/Ambitions/Domain/Planning/DeterministicGoalPlanner.swift",active-code,iOS engineering,Native Swift app, extension, shared UI, domain, service, persistence, package, or XcodeGen source,yes,retain,retained,Current native implementation path.
"Native/Ambitions/Domain/Planning/PlanningDomainModels.swift",active-code,iOS engineering,Native Swift app, extension, shared UI, domain, service, persistence, package, or XcodeGen source,yes,retain,retained,Current native implementation path.
"Native/Ambitions/Domain/Planning/PlanningEvaluation.swift",active-code,iOS engineering,Native Swift app, extension, shared UI, domain, service, persistence, package, or XcodeGen source,yes,retain,retained,Current native implementation path.
"Native/Ambitions/Domain/ProfileModels.swift",active-code,iOS engineering,Native Swift app, extension, shared UI, domain, service, persistence, package, or XcodeGen source,yes,retain,retained,Current native implementation path.
"Native/Ambitions/Domain/ProofResourceGraphModels.swift",active-code,iOS engineering,Native Swift app, extension, shared UI, domain, service, persistence, package, or XcodeGen source,yes,retain,retained,Current native implementation path.
"Native/Ambitions/Domain/RealityModels.swift",active-code,iOS engineering,Native Swift app, extension, shared UI, domain, service, persistence, package, or XcodeGen source,yes,retain,retained,Current native implementation path.
"Native/Ambitions/Domain/RecommendationExplanationModels.swift",active-code,iOS engineering,Native Swift app, extension, shared UI, domain, service, persistence, package, or XcodeGen source,yes,retain,retained,Current native implementation path.
"Native/Ambitions/Domain/Reschedule/RescheduleEngine.swift",active-code,iOS engineering,Native Swift app, extension, shared UI, domain, service, persistence, package, or XcodeGen source,yes,retain,retained,Current native implementation path.
"Native/Ambitions/Domain/ReviewsModels.swift",active-code,iOS engineering,Native Swift app, extension, shared UI, domain, service, persistence, package, or XcodeGen source,yes,retain,retained,Current native implementation path.
"Native/Ambitions/Domain/RitualModels.swift",active-code,iOS engineering,Native Swift app, extension, shared UI, domain, service, persistence, package, or XcodeGen source,yes,retain,retained,Current native implementation path.
"Native/Ambitions/Domain/SafeAutomationPolicyModels.swift",active-code,iOS engineering,Native Swift app, extension, shared UI, domain, service, persistence, package, or XcodeGen source,yes,retain,retained,Current native implementation path.
"Native/Ambitions/Domain/ScreenContractModels.swift",active-code,iOS engineering,Native Swift app, extension, shared UI, domain, service, persistence, package, or XcodeGen source,yes,retain,retained,Current native implementation path.
"Native/Ambitions/Domain/SmartAttachmentModels.swift",active-code,iOS engineering,Native Swift app, extension, shared UI, domain, service, persistence, package, or XcodeGen source,yes,retain,retained,Current native implementation path.
"Native/Ambitions/Domain/SmartAttachmentPlacementPreview.swift",active-code,iOS engineering,Native Swift app, extension, shared UI, domain, service, persistence, package, or XcodeGen source,yes,retain,retained,Current native implementation path.
"Native/Ambitions/Domain/TodayModels.swift",active-code,iOS engineering,Native Swift app, extension, shared UI, domain, service, persistence, package, or XcodeGen source,yes,retain,retained,Current native implementation path.
"Native/Ambitions/ExternalSnapshots/ExternalCreationContracts.swift",active-code,iOS engineering,Native Swift app, extension, shared UI, domain, service, persistence, package, or XcodeGen source,yes,retain,retained,Current native implementation path.
"Native/Ambitions/ExternalSnapshots/ExternalSurfaceActionPayloads.swift",active-code,iOS engineering,Native Swift app, extension, shared UI, domain, service, persistence, package, or XcodeGen source,yes,retain,retained,Current native implementation path.
"Native/Ambitions/ExternalSnapshots/ExternalSurfaceContractModels.swift",active-code,iOS engineering,Native Swift app, extension, shared UI, domain, service, persistence, package, or XcodeGen source,yes,retain,retained,Current native implementation path.
"Native/Ambitions/ExternalSnapshots/ExternalSurfaceSnapshotBuilder.swift",active-code,iOS engineering,Native Swift app, extension, shared UI, domain, service, persistence, package, or XcodeGen source,yes,retain,retained,Current native implementation path.
"Native/Ambitions/ExternalSnapshots/ExternalSurfaceSnapshotContracts.swift",active-code,iOS engineering,Native Swift app, extension, shared UI, domain, service, persistence, package, or XcodeGen source,yes,retain,retained,Current native implementation path.
"Native/Ambitions/ExternalSnapshots/ExternalSurfaceSnapshotWriter.swift",active-code,iOS engineering,Native Swift app, extension, shared UI, domain, service, persistence, package, or XcodeGen source,yes,retain,retained,Current native implementation path.
"Native/Ambitions/ExternalSnapshots/ExternalWidgetProjection.swift",active-code,iOS engineering,Native Swift app, extension, shared UI, domain, service, persistence, package, or XcodeGen source,yes,retain,retained,Current native implementation path.
"Native/Ambitions/ExternalSnapshots/NextStepActivityAttributes.swift",active-code,iOS engineering,Native Swift app, extension, shared UI, domain, service, persistence, package, or XcodeGen source,yes,retain,retained,Current native implementation path.
"Native/Ambitions/ExternalSnapshots/SharedExternalSnapshotStore.swift",active-code,iOS engineering,Native Swift app, extension, shared UI, domain, service, persistence, package, or XcodeGen source,yes,retain,retained,Current native implementation path.
"Native/Ambitions/Features/AGENTS.md",active-code,iOS engineering,Native Swift app, extension, shared UI, domain, service, persistence, package, or XcodeGen source,yes,retain,retained,Current native implementation path.
"Native/Ambitions/Features/Captures/CaptureDraftRoutePreviewCard.swift",active-code,iOS engineering,Native Swift app, extension, shared UI, domain, service, persistence, package, or XcodeGen source,yes,retain,retained,Current native implementation path.
"Native/Ambitions/Features/Captures/CapturesScreen.swift",active-code,iOS engineering,Native Swift app, extension, shared UI, domain, service, persistence, package, or XcodeGen source,yes,retain,retained,Current native implementation path.
"Native/Ambitions/Features/Captures/CapturesViewModel.swift",active-code,iOS engineering,Native Swift app, extension, shared UI, domain, service, persistence, package, or XcodeGen source,yes,retain,retained,Current native implementation path.
"Native/Ambitions/Features/Goals/CreateGoalScreen.swift",active-code,iOS engineering,Native Swift app, extension, shared UI, domain, service, persistence, package, or XcodeGen source,yes,retain,retained,Current native implementation path.
"Native/Ambitions/Features/Goals/CreateGoalViewModel.swift",active-code,iOS engineering,Native Swift app, extension, shared UI, domain, service, persistence, package, or XcodeGen source,yes,retain,retained,Current native implementation path.
"Native/Ambitions/Features/Goals/GoalComponents.swift",active-code,iOS engineering,Native Swift app, extension, shared UI, domain, service, persistence, package, or XcodeGen source,yes,retain,retained,Current native implementation path.
"Native/Ambitions/Features/Goals/GoalDetailScreen.swift",active-code,iOS engineering,Native Swift app, extension, shared UI, domain, service, persistence, package, or XcodeGen source,yes,retain,retained,Current native implementation path.
"Native/Ambitions/Features/Goals/GoalsFeatureModels.swift",active-code,iOS engineering,Native Swift app, extension, shared UI, domain, service, persistence, package, or XcodeGen source,yes,retain,retained,Current native implementation path.
"Native/Ambitions/Features/Goals/GoalsFeatureService.swift",active-code,iOS engineering,Native Swift app, extension, shared UI, domain, service, persistence, package, or XcodeGen source,yes,retain,retained,Current native implementation path.
"Native/Ambitions/Features/Goals/GoalsScreen.swift",active-code,iOS engineering,Native Swift app, extension, shared UI, domain, service, persistence, package, or XcodeGen source,yes,retain,retained,Current native implementation path.
"Native/Ambitions/Features/Goals/GoalsViewModels.swift",active-code,iOS engineering,Native Swift app, extension, shared UI, domain, service, persistence, package, or XcodeGen source,yes,retain,retained,Current native implementation path.
"Native/Ambitions/Features/Habits/HabitComponents.swift",active-code,iOS engineering,Native Swift app, extension, shared UI, domain, service, persistence, package, or XcodeGen source,yes,retain,retained,Current native implementation path.
"Native/Ambitions/Features/Habits/HabitsFeatureService.swift",active-code,iOS engineering,Native Swift app, extension, shared UI, domain, service, persistence, package, or XcodeGen source,yes,retain,retained,Current native implementation path.
"Native/Ambitions/Features/Habits/HabitsScreen.swift",active-code,iOS engineering,Native Swift app, extension, shared UI, domain, service, persistence, package, or XcodeGen source,yes,retain,retained,Current native implementation path.
"Native/Ambitions/Features/Habits/HabitsViewModel.swift",active-code,iOS engineering,Native Swift app, extension, shared UI, domain, service, persistence, package, or XcodeGen source,yes,retain,retained,Current native implementation path.
"Native/Ambitions/Features/Insights/InsightsFeatureService.swift",active-code,iOS engineering,Native Swift app, extension, shared UI, domain, service, persistence, package, or XcodeGen source,yes,retain,retained,Current native implementation path.
"Native/Ambitions/Features/Insights/InsightsScreen.swift",active-code,iOS engineering,Native Swift app, extension, shared UI, domain, service, persistence, package, or XcodeGen source,yes,retain,retained,Current native implementation path.
"Native/Ambitions/Features/Insights/InsightsViewModel.swift",active-code,iOS engineering,Native Swift app, extension, shared UI, domain, service, persistence, package, or XcodeGen source,yes,retain,retained,Current native implementation path.
"Native/Ambitions/Features/Onboarding/ProgressiveIntelligenceOnboarding.swift",active-code,iOS engineering,Native Swift app, extension, shared UI, domain, service, persistence, package, or XcodeGen source,yes,retain,retained,Current native implementation path.
"Native/Ambitions/Features/Plan/PlanFeatureModels.swift",active-code,iOS engineering,Native Swift app, extension, shared UI, domain, service, persistence, package, or XcodeGen source,yes,retain,retained,Current native implementation path.
"Native/Ambitions/Features/Plan/PlanFeatureService.swift",active-code,iOS engineering,Native Swift app, extension, shared UI, domain, service, persistence, package, or XcodeGen source,yes,retain,retained,Current native implementation path.
"Native/Ambitions/Features/Plan/PlanLifeSuiteCard.swift",active-code,iOS engineering,Native Swift app, extension, shared UI, domain, service, persistence, package, or XcodeGen source,yes,retain,retained,Current native implementation path.
"Native/Ambitions/Features/Plan/PlanLifeSuiteState.swift",active-code,iOS engineering,Native Swift app, extension, shared UI, domain, service, persistence, package, or XcodeGen source,yes,retain,retained,Current native implementation path.
"Native/Ambitions/Features/Plan/PlanReflowDecisionCard.swift",active-code,iOS engineering,Native Swift app, extension, shared UI, domain, service, persistence, package, or XcodeGen source,yes,retain,retained,Current native implementation path.
"Native/Ambitions/Features/Plan/PlanReflowDecisionState.swift",active-code,iOS engineering,Native Swift app, extension, shared UI, domain, service, persistence, package, or XcodeGen source,yes,retain,retained,Current native implementation path.
"Native/Ambitions/Features/Plan/PlanScreen.swift",active-code,iOS engineering,Native Swift app, extension, shared UI, domain, service, persistence, package, or XcodeGen source,yes,retain,retained,Current native implementation path.
"Native/Ambitions/Features/Plan/PlanScreenContractSnapshot.swift",active-code,iOS engineering,Native Swift app, extension, shared UI, domain, service, persistence, package, or XcodeGen source,yes,retain,retained,Current native implementation path.
"Native/Ambitions/Features/Plan/PlanViewModel.swift",active-code,iOS engineering,Native Swift app, extension, shared UI, domain, service, persistence, package, or XcodeGen source,yes,retain,retained,Current native implementation path.
"Native/Ambitions/Features/Plan/WeeklyReviewScreen.swift",active-code,iOS engineering,Native Swift app, extension, shared UI, domain, service, persistence, package, or XcodeGen source,yes,retain,retained,Current native implementation path.
"Native/Ambitions/Features/Profile/ProfileFeatureService.swift",active-code,iOS engineering,Native Swift app, extension, shared UI, domain, service, persistence, package, or XcodeGen source,yes,retain,retained,Current native implementation path.
"Native/Ambitions/Features/Profile/ProfileScreen.swift",active-code,iOS engineering,Native Swift app, extension, shared UI, domain, service, persistence, package, or XcodeGen source,yes,retain,retained,Current native implementation path.
"Native/Ambitions/Features/Profile/ProfileViewModel.swift",active-code,iOS engineering,Native Swift app, extension, shared UI, domain, service, persistence, package, or XcodeGen source,yes,retain,retained,Current native implementation path.
"Native/Ambitions/Features/Shared/ActivationContract.swift",active-code,iOS engineering,Native Swift app, extension, shared UI, domain, service, persistence, package, or XcodeGen source,yes,retain,retained,Current native implementation path.
"Native/Ambitions/Features/Shared/DegradedStateOrchestrator.swift",active-code,iOS engineering,Native Swift app, extension, shared UI, domain, service, persistence, package, or XcodeGen source,yes,retain,retained,Current native implementation path.
"Native/Ambitions/Features/Shared/FeatureScaffoldView.swift",active-code,iOS engineering,Native Swift app, extension, shared UI, domain, service, persistence, package, or XcodeGen source,yes,retain,retained,Current native implementation path.
"Native/Ambitions/Features/Shared/GoalShellSummary.swift",active-code,iOS engineering,Native Swift app, extension, shared UI, domain, service, persistence, package, or XcodeGen source,yes,retain,retained,Current native implementation path.
"Native/Ambitions/Features/Shared/HabitGoalSemantics.swift",active-code,iOS engineering,Native Swift app, extension, shared UI, domain, service, persistence, package, or XcodeGen source,yes,retain,retained,Current native implementation path.
"Native/Ambitions/Features/Today/DayRailProjection.swift",active-code,iOS engineering,Native Swift app, extension, shared UI, domain, service, persistence, package, or XcodeGen source,yes,retain,retained,Current native implementation path.
"Native/Ambitions/Features/Today/DayRailStepDetailState.swift",active-code,iOS engineering,Native Swift app, extension, shared UI, domain, service, persistence, package, or XcodeGen source,yes,retain,retained,Current native implementation path.
"Native/Ambitions/Features/Today/DayRailViewState.swift",active-code,iOS engineering,Native Swift app, extension, shared UI, domain, service, persistence, package, or XcodeGen source,yes,retain,retained,Current native implementation path.
"Native/Ambitions/Features/Today/TodayActionClosureSheet.swift",active-code,iOS engineering,Native Swift app, extension, shared UI, domain, service, persistence, package, or XcodeGen source,yes,retain,retained,Current native implementation path.
"Native/Ambitions/Features/Today/TodayActionClosureSheetState.swift",active-code,iOS engineering,Native Swift app, extension, shared UI, domain, service, persistence, package, or XcodeGen source,yes,retain,retained,Current native implementation path.
"Native/Ambitions/Features/Today/TodayBackground.swift",active-code,iOS engineering,Native Swift app, extension, shared UI, domain, service, persistence, package, or XcodeGen source,yes,retain,retained,Current native implementation path.
"Native/Ambitions/Features/Today/TodayExecutionCompatibility.swift",active-code,iOS engineering,Native Swift app, extension, shared UI, domain, service, persistence, package, or XcodeGen source,yes,retain,retained,Current native implementation path.
"Native/Ambitions/Features/Today/TodayExecutionProjector.swift",active-code,iOS engineering,Native Swift app, extension, shared UI, domain, service, persistence, package, or XcodeGen source,yes,retain,retained,Current native implementation path.
"Native/Ambitions/Features/Today/TodayExecutionStringHelpers.swift",active-code,iOS engineering,Native Swift app, extension, shared UI, domain, service, persistence, package, or XcodeGen source,yes,retain,retained,Current native implementation path.
"Native/Ambitions/Features/Today/TodayExecutionViewState.swift",active-code,iOS engineering,Native Swift app, extension, shared UI, domain, service, persistence, package, or XcodeGen source,yes,retain,retained,Current native implementation path.
"Native/Ambitions/Features/Today/TodayFeatureModels.swift",active-code,iOS engineering,Native Swift app, extension, shared UI, domain, service, persistence, package, or XcodeGen source,yes,retain,retained,Current native implementation path.
"Native/Ambitions/Features/Today/TodayFeatureService.swift",active-code,iOS engineering,Native Swift app, extension, shared UI, domain, service, persistence, package, or XcodeGen source,yes,retain,retained,Current native implementation path.
"Native/Ambitions/Features/Today/TodayPanels.swift",active-code,iOS engineering,Native Swift app, extension, shared UI, domain, service, persistence, package, or XcodeGen source,yes,retain,retained,Current native implementation path.
"Native/Ambitions/Features/Today/TodayProofReceiptLedgerState.swift",active-code,iOS engineering,Native Swift app, extension, shared UI, domain, service, persistence, package, or XcodeGen source,yes,retain,retained,Current native implementation path.
"Native/Ambitions/Features/Today/TodayScreen.swift",active-code,iOS engineering,Native Swift app, extension, shared UI, domain, service, persistence, package, or XcodeGen source,yes,retain,retained,Current native implementation path.
"Native/Ambitions/Features/Today/TodayScreenContractSnapshot.swift",active-code,iOS engineering,Native Swift app, extension, shared UI, domain, service, persistence, package, or XcodeGen source,yes,retain,retained,Current native implementation path.
"Native/Ambitions/Features/Today/TodayViewModel.swift",active-code,iOS engineering,Native Swift app, extension, shared UI, domain, service, persistence, package, or XcodeGen source,yes,retain,retained,Current native implementation path.
"Native/Ambitions/Integrations/CalendarReminders/EventKitIntegrationService.swift",active-code,iOS engineering,Native Swift app, extension, shared UI, domain, service, persistence, package, or XcodeGen source,yes,retain,retained,Current native implementation path.
"Native/Ambitions/Notifications/LocalNotificationFoundation.swift",active-code,iOS engineering,Native Swift app, extension, shared UI, domain, service, persistence, package, or XcodeGen source,yes,retain,retained,Current native implementation path.
"Native/Ambitions/Notifications/NextStepLiveActivityService.swift",active-code,iOS engineering,Native Swift app, extension, shared UI, domain, service, persistence, package, or XcodeGen source,yes,retain,retained,Current native implementation path.
"Native/Ambitions/Notifications/NotificationRuntime.swift",active-code,iOS engineering,Native Swift app, extension, shared UI, domain, service, persistence, package, or XcodeGen source,yes,retain,retained,Current native implementation path.
"Native/Ambitions/Persistence/AppPreferencesStore.swift",active-code,iOS engineering,Native Swift app, extension, shared UI, domain, service, persistence, package, or XcodeGen source,yes,retain,retained,Current native implementation path.
"Native/Ambitions/Persistence/DemoSeedPipeline.swift",active-code,iOS engineering,Native Swift app, extension, shared UI, domain, service, persistence, package, or XcodeGen source,yes,retain,retained,Current native implementation path.
"Native/Ambitions/Persistence/LegacyImportService.swift",active-code,iOS engineering,Native Swift app, extension, shared UI, domain, service, persistence, package, or XcodeGen source,yes,retain,retained,Current native implementation path.
"Native/Ambitions/Persistence/PersistenceContracts.swift",active-code,iOS engineering,Native Swift app, extension, shared UI, domain, service, persistence, package, or XcodeGen source,yes,retain,retained,Current native implementation path.
"Native/Ambitions/Persistence/PortableSnapshotContracts.swift",active-code,iOS engineering,Native Swift app, extension, shared UI, domain, service, persistence, package, or XcodeGen source,yes,retain,retained,Current native implementation path.
"Native/Ambitions/Persistence/PortableSnapshotService.swift",active-code,iOS engineering,Native Swift app, extension, shared UI, domain, service, persistence, package, or XcodeGen source,yes,retain,retained,Current native implementation path.
"Native/Ambitions/Persistence/PreviewCaptureRepository.swift",active-code,iOS engineering,Native Swift app, extension, shared UI, domain, service, persistence, package, or XcodeGen source,yes,retain,retained,Current native implementation path.
"Native/Ambitions/Persistence/SwiftDataModels.swift",active-code,iOS engineering,Native Swift app, extension, shared UI, domain, service, persistence, package, or XcodeGen source,yes,retain,retained,Current native implementation path.
"Native/Ambitions/Persistence/SwiftDataRepositories.swift",active-code,iOS engineering,Native Swift app, extension, shared UI, domain, service, persistence, package, or XcodeGen source,yes,retain,retained,Current native implementation path.
"Native/Ambitions/Persistence/SwiftDataStore.swift",active-code,iOS engineering,Native Swift app, extension, shared UI, domain, service, persistence, package, or XcodeGen source,yes,retain,retained,Current native implementation path.
"Native/Ambitions/Persistence/SyncCapabilityContracts.swift",active-code,iOS engineering,Native Swift app, extension, shared UI, domain, service, persistence, package, or XcodeGen source,yes,retain,retained,Current native implementation path.
"Native/Ambitions/PreviewSupport/PreviewAppContainer.swift",active-code,iOS engineering,Native Swift app, extension, shared UI, domain, service, persistence, package, or XcodeGen source,yes,retain,retained,Current native implementation path.
"Native/Ambitions/PreviewSupport/PreviewFixtures.swift",active-code,iOS engineering,Native Swift app, extension, shared UI, domain, service, persistence, package, or XcodeGen source,yes,retain,retained,Current native implementation path.
"Native/Ambitions/PreviewSupport/PreviewGoalsScenarios.swift",active-code,iOS engineering,Native Swift app, extension, shared UI, domain, service, persistence, package, or XcodeGen source,yes,retain,retained,Current native implementation path.
"Native/Ambitions/PreviewSupport/PreviewHabitsScenarios.swift",active-code,iOS engineering,Native Swift app, extension, shared UI, domain, service, persistence, package, or XcodeGen source,yes,retain,retained,Current native implementation path.
"Native/Ambitions/PreviewSupport/PreviewPlanScenarios.swift",active-code,iOS engineering,Native Swift app, extension, shared UI, domain, service, persistence, package, or XcodeGen source,yes,retain,retained,Current native implementation path.
"Native/Ambitions/PreviewSupport/PreviewTodayScenarios.swift",active-code,iOS engineering,Native Swift app, extension, shared UI, domain, service, persistence, package, or XcodeGen source,yes,retain,retained,Current native implementation path.
"Native/Ambitions/Resources/Assets.xcassets/AccentColor.colorset/Contents.json",active-code,iOS engineering,Native Swift app, extension, shared UI, domain, service, persistence, package, or XcodeGen source,yes,retain,retained,Current native implementation path.
"Native/Ambitions/Resources/Assets.xcassets/AppIcon.appiconset/AppIcon-1024.png",active-code,iOS engineering,Native Swift app, extension, shared UI, domain, service, persistence, package, or XcodeGen source,yes,retain,retained,Current native implementation path.
"Native/Ambitions/Resources/Assets.xcassets/AppIcon.appiconset/AppIcon-20@1x.png",active-code,iOS engineering,Native Swift app, extension, shared UI, domain, service, persistence, package, or XcodeGen source,yes,retain,retained,Current native implementation path.
"Native/Ambitions/Resources/Assets.xcassets/AppIcon.appiconset/AppIcon-20@2x.png",active-code,iOS engineering,Native Swift app, extension, shared UI, domain, service, persistence, package, or XcodeGen source,yes,retain,retained,Current native implementation path.
"Native/Ambitions/Resources/Assets.xcassets/AppIcon.appiconset/AppIcon-20@3x.png",active-code,iOS engineering,Native Swift app, extension, shared UI, domain, service, persistence, package, or XcodeGen source,yes,retain,retained,Current native implementation path.
"Native/Ambitions/Resources/Assets.xcassets/AppIcon.appiconset/AppIcon-20~ipad@2x.png",active-code,iOS engineering,Native Swift app, extension, shared UI, domain, service, persistence, package, or XcodeGen source,yes,retain,retained,Current native implementation path.
"Native/Ambitions/Resources/Assets.xcassets/AppIcon.appiconset/AppIcon-29@1x.png",active-code,iOS engineering,Native Swift app, extension, shared UI, domain, service, persistence, package, or XcodeGen source,yes,retain,retained,Current native implementation path.
"Native/Ambitions/Resources/Assets.xcassets/AppIcon.appiconset/AppIcon-29@2x.png",active-code,iOS engineering,Native Swift app, extension, shared UI, domain, service, persistence, package, or XcodeGen source,yes,retain,retained,Current native implementation path.
"Native/Ambitions/Resources/Assets.xcassets/AppIcon.appiconset/AppIcon-29@3x.png",active-code,iOS engineering,Native Swift app, extension, shared UI, domain, service, persistence, package, or XcodeGen source,yes,retain,retained,Current native implementation path.
"Native/Ambitions/Resources/Assets.xcassets/AppIcon.appiconset/AppIcon-29~ipad@2x.png",active-code,iOS engineering,Native Swift app, extension, shared UI, domain, service, persistence, package, or XcodeGen source,yes,retain,retained,Current native implementation path.
"Native/Ambitions/Resources/Assets.xcassets/AppIcon.appiconset/AppIcon-40@1x.png",active-code,iOS engineering,Native Swift app, extension, shared UI, domain, service, persistence, package, or XcodeGen source,yes,retain,retained,Current native implementation path.
"Native/Ambitions/Resources/Assets.xcassets/AppIcon.appiconset/AppIcon-40@2x.png",active-code,iOS engineering,Native Swift app, extension, shared UI, domain, service, persistence, package, or XcodeGen source,yes,retain,retained,Current native implementation path.
"Native/Ambitions/Resources/Assets.xcassets/AppIcon.appiconset/AppIcon-40@3x.png",active-code,iOS engineering,Native Swift app, extension, shared UI, domain, service, persistence, package, or XcodeGen source,yes,retain,retained,Current native implementation path.
"Native/Ambitions/Resources/Assets.xcassets/AppIcon.appiconset/AppIcon-40~ipad@2x.png",active-code,iOS engineering,Native Swift app, extension, shared UI, domain, service, persistence, package, or XcodeGen source,yes,retain,retained,Current native implementation path.
"Native/Ambitions/Resources/Assets.xcassets/AppIcon.appiconset/AppIcon-60@2x.png",active-code,iOS engineering,Native Swift app, extension, shared UI, domain, service, persistence, package, or XcodeGen source,yes,retain,retained,Current native implementation path.
"Native/Ambitions/Resources/Assets.xcassets/AppIcon.appiconset/AppIcon-60@3x.png",active-code,iOS engineering,Native Swift app, extension, shared UI, domain, service, persistence, package, or XcodeGen source,yes,retain,retained,Current native implementation path.
"Native/Ambitions/Resources/Assets.xcassets/AppIcon.appiconset/AppIcon-76@1x.png",active-code,iOS engineering,Native Swift app, extension, shared UI, domain, service, persistence, package, or XcodeGen source,yes,retain,retained,Current native implementation path.
"Native/Ambitions/Resources/Assets.xcassets/AppIcon.appiconset/AppIcon-76@2x.png",active-code,iOS engineering,Native Swift app, extension, shared UI, domain, service, persistence, package, or XcodeGen source,yes,retain,retained,Current native implementation path.
"Native/Ambitions/Resources/Assets.xcassets/AppIcon.appiconset/AppIcon-83.5@2x.png",active-code,iOS engineering,Native Swift app, extension, shared UI, domain, service, persistence, package, or XcodeGen source,yes,retain,retained,Current native implementation path.
"Native/Ambitions/Resources/Assets.xcassets/AppIcon.appiconset/Contents.json",active-code,iOS engineering,Native Swift app, extension, shared UI, domain, service, persistence, package, or XcodeGen source,yes,retain,retained,Current native implementation path.
"Native/Ambitions/Resources/Assets.xcassets/Contents.json",active-code,iOS engineering,Native Swift app, extension, shared UI, domain, service, persistence, package, or XcodeGen source,yes,retain,retained,Current native implementation path.
"Native/Ambitions/Resources/PrivacyInfo.xcprivacy",active-code,iOS engineering,Native Swift app, extension, shared UI, domain, service, persistence, package, or XcodeGen source,yes,retain,retained,Current native implementation path.
"Native/Ambitions/Runtime/AmbitionsRuntimeContracts.swift",active-code,iOS engineering,Native Swift app, extension, shared UI, domain, service, persistence, package, or XcodeGen source,yes,retain,retained,Current native implementation path.
"Native/Ambitions/Runtime/AmbitionsRuntimeFactory.swift",active-code,iOS engineering,Native Swift app, extension, shared UI, domain, service, persistence, package, or XcodeGen source,yes,retain,retained,Current native implementation path.
"Native/Ambitions/Runtime/AmbitionsRuntimeGoalIntelligence.swift",active-code,iOS engineering,Native Swift app, extension, shared UI, domain, service, persistence, package, or XcodeGen source,yes,retain,retained,Current native implementation path.
"Native/Ambitions/Runtime/AmbitionsRuntimeServices.swift",active-code,iOS engineering,Native Swift app, extension, shared UI, domain, service, persistence, package, or XcodeGen source,yes,retain,retained,Current native implementation path.
"Native/Ambitions/Runtime/DedicatedDevicePrototypeRuntime.swift",active-code,iOS engineering,Native Swift app, extension, shared UI, domain, service, persistence, package, or XcodeGen source,yes,retain,retained,Current native implementation path.
"Native/Ambitions/Services/AmbitionsCommandExecutor.swift",active-code,iOS engineering,Native Swift app, extension, shared UI, domain, service, persistence, package, or XcodeGen source,yes,retain,retained,Current native implementation path.
"Native/Ambitions/Services/AppServices.swift",active-code,iOS engineering,Native Swift app, extension, shared UI, domain, service, persistence, package, or XcodeGen source,yes,retain,retained,Current native implementation path.
"Native/Ambitions/Services/CanonicalNowStateProjector.swift",active-code,iOS engineering,Native Swift app, extension, shared UI, domain, service, persistence, package, or XcodeGen source,yes,retain,retained,Current native implementation path.
"Native/Ambitions/Services/CaptureService.swift",active-code,iOS engineering,Native Swift app, extension, shared UI, domain, service, persistence, package, or XcodeGen source,yes,retain,retained,Current native implementation path.
"Native/Ambitions/Services/ExecutionResilienceProjector.swift",active-code,iOS engineering,Native Swift app, extension, shared UI, domain, service, persistence, package, or XcodeGen source,yes,retain,retained,Current native implementation path.
"Native/Ambitions/Services/ExternalActionCommandService.swift",active-code,iOS engineering,Native Swift app, extension, shared UI, domain, service, persistence, package, or XcodeGen source,yes,retain,retained,Current native implementation path.
"Native/Ambitions/Services/ExternalCreationImportService.swift",active-code,iOS engineering,Native Swift app, extension, shared UI, domain, service, persistence, package, or XcodeGen source,yes,retain,retained,Current native implementation path.
"Native/Ambitions/Services/GoalBelievabilityProjector.swift",active-code,iOS engineering,Native Swift app, extension, shared UI, domain, service, persistence, package, or XcodeGen source,yes,retain,retained,Current native implementation path.
"Native/Ambitions/Services/GoalClarificationService.swift",active-code,iOS engineering,Native Swift app, extension, shared UI, domain, service, persistence, package, or XcodeGen source,yes,retain,retained,Current native implementation path.
"Native/Ambitions/Services/GoalContradictionService.swift",active-code,iOS engineering,Native Swift app, extension, shared UI, domain, service, persistence, package, or XcodeGen source,yes,retain,retained,Current native implementation path.
"Native/Ambitions/Services/GoalDomainPackService.swift",active-code,iOS engineering,Native Swift app, extension, shared UI, domain, service, persistence, package, or XcodeGen source,yes,retain,retained,Current native implementation path.
"Native/Ambitions/Services/GoalDomainPacks.swift",active-code,iOS engineering,Native Swift app, extension, shared UI, domain, service, persistence, package, or XcodeGen source,yes,retain,retained,Current native implementation path.
"Native/Ambitions/Services/GoalEnergyFitService.swift",active-code,iOS engineering,Native Swift app, extension, shared UI, domain, service, persistence, package, or XcodeGen source,yes,retain,retained,Current native implementation path.
"Native/Ambitions/Services/GoalEnergyLearningService.swift",active-code,iOS engineering,Native Swift app, extension, shared UI, domain, service, persistence, package, or XcodeGen source,yes,retain,retained,Current native implementation path.
"Native/Ambitions/Services/GoalExplainabilityProjector.swift",active-code,iOS engineering,Native Swift app, extension, shared UI, domain, service, persistence, package, or XcodeGen source,yes,retain,retained,Current native implementation path.
"Native/Ambitions/Services/GoalFreshnessUpdateService.swift",active-code,iOS engineering,Native Swift app, extension, shared UI, domain, service, persistence, package, or XcodeGen source,yes,retain,retained,Current native implementation path.
"Native/Ambitions/Services/GoalPathCompilerService.swift",active-code,iOS engineering,Native Swift app, extension, shared UI, domain, service, persistence, package, or XcodeGen source,yes,retain,retained,Current native implementation path.
"Native/Ambitions/Services/GoalResourceGraphService.swift",active-code,iOS engineering,Native Swift app, extension, shared UI, domain, service, persistence, package, or XcodeGen source,yes,retain,retained,Current native implementation path.
"Native/Ambitions/Services/GoalTeachingSignalService.swift",active-code,iOS engineering,Native Swift app, extension, shared UI, domain, service, persistence, package, or XcodeGen source,yes,retain,retained,Current native implementation path.
"Native/Ambitions/Services/GoalUnderstandingService.swift",active-code,iOS engineering,Native Swift app, extension, shared UI, domain, service, persistence, package, or XcodeGen source,yes,retain,retained,Current native implementation path.
"Native/Ambitions/Services/KnowledgeIngestionService.swift",active-code,iOS engineering,Native Swift app, extension, shared UI, domain, service, persistence, package, or XcodeGen source,yes,retain,retained,Current native implementation path.
"Native/Ambitions/Services/KnowledgeProviderBoundary.swift",active-code,iOS engineering,Native Swift app, extension, shared UI, domain, service, persistence, package, or XcodeGen source,yes,retain,retained,Current native implementation path.
"Native/Ambitions/Services/LearningAnticipationService.swift",active-code,iOS engineering,Native Swift app, extension, shared UI, domain, service, persistence, package, or XcodeGen source,yes,retain,retained,Current native implementation path.
"Native/Ambitions/Services/LifeAreaAtlasProjector.swift",active-code,iOS engineering,Native Swift app, extension, shared UI, domain, service, persistence, package, or XcodeGen source,yes,retain,retained,Current native implementation path.
"Native/Ambitions/Services/MemoryLensService.swift",active-code,iOS engineering,Native Swift app, extension, shared UI, domain, service, persistence, package, or XcodeGen source,yes,retain,retained,Current native implementation path.
"Native/Ambitions/Services/NorthStarProjector.swift",active-code,iOS engineering,Native Swift app, extension, shared UI, domain, service, persistence, package, or XcodeGen source,yes,retain,retained,Current native implementation path.
"Native/Ambitions/Services/OneStepGoalProjector.swift",active-code,iOS engineering,Native Swift app, extension, shared UI, domain, service, persistence, package, or XcodeGen source,yes,retain,retained,Current native implementation path.
"Native/Ambitions/Services/PathIntelligenceProjector.swift",active-code,iOS engineering,Native Swift app, extension, shared UI, domain, service, persistence, package, or XcodeGen source,yes,retain,retained,Current native implementation path.
"Native/Ambitions/Services/RealityIntegrationAdapters.swift",active-code,iOS engineering,Native Swift app, extension, shared UI, domain, service, persistence, package, or XcodeGen source,yes,retain,retained,Current native implementation path.
"Native/Ambitions/Services/RealityModelProjector.swift",active-code,iOS engineering,Native Swift app, extension, shared UI, domain, service, persistence, package, or XcodeGen source,yes,retain,retained,Current native implementation path.
"Native/Ambitions/Services/RecommendationExplanationAdapter.swift",active-code,iOS engineering,Native Swift app, extension, shared UI, domain, service, persistence, package, or XcodeGen source,yes,retain,retained,Current native implementation path.
"Native/Ambitions/Services/ReviewsV1Projector.swift",active-code,iOS engineering,Native Swift app, extension, shared UI, domain, service, persistence, package, or XcodeGen source,yes,retain,retained,Current native implementation path.
"Native/Ambitions/Services/RitualOrchestrationService.swift",active-code,iOS engineering,Native Swift app, extension, shared UI, domain, service, persistence, package, or XcodeGen source,yes,retain,retained,Current native implementation path.
"Native/Ambitions/Services/SharedLifeCoordinationService.swift",active-code,iOS engineering,Native Swift app, extension, shared UI, domain, service, persistence, package, or XcodeGen source,yes,retain,retained,Current native implementation path.
"Native/Ambitions/Services/SmartAttachmentCaptureAdapter.swift",active-code,iOS engineering,Native Swift app, extension, shared UI, domain, service, persistence, package, or XcodeGen source,yes,retain,retained,Current native implementation path.
"Native/Ambitions/Services/SmartAttachmentService.swift",active-code,iOS engineering,Native Swift app, extension, shared UI, domain, service, persistence, package, or XcodeGen source,yes,retain,retained,Current native implementation path.
"Native/Ambitions/Services/SnapshotRefreshingServices.swift",active-code,iOS engineering,Native Swift app, extension, shared UI, domain, service, persistence, package, or XcodeGen source,yes,retain,retained,Current native implementation path.
"Native/Ambitions/Support/Ambitions.entitlements",active-code,iOS engineering,Native Swift app, extension, shared UI, domain, service, persistence, package, or XcodeGen source,yes,retain,retained,Current native implementation path.
"Native/Ambitions/Support/CoreSurfaceIntegrationScenarios.swift",active-code,iOS engineering,Native Swift app, extension, shared UI, domain, service, persistence, package, or XcodeGen source,yes,retain,retained,Current native implementation path.
"Native/Ambitions/Support/CrossSurfaceContinuityMaturityReport.swift",active-code,iOS engineering,Native Swift app, extension, shared UI, domain, service, persistence, package, or XcodeGen source,yes,retain,retained,Current native implementation path.
"Native/Ambitions/Support/ExternalSurfaceTruth.swift",active-code,iOS engineering,Native Swift app, extension, shared UI, domain, service, persistence, package, or XcodeGen source,yes,retain,retained,Current native implementation path.
"Native/Ambitions/Support/ExternalSurfaceVerificationChecklist.swift",active-code,iOS engineering,Native Swift app, extension, shared UI, domain, service, persistence, package, or XcodeGen source,yes,retain,retained,Current native implementation path.
"Native/Ambitions/Support/FutureIntegrationPlaceholders.swift",active-code,iOS engineering,Native Swift app, extension, shared UI, domain, service, persistence, package, or XcodeGen source,yes,retain,retained,Current native implementation path.
"Native/Ambitions/Support/Info.plist",active-code,iOS engineering,Native Swift app, extension, shared UI, domain, service, persistence, package, or XcodeGen source,yes,retain,retained,Current native implementation path.
"Native/Ambitions/Support/ReleaseCandidateLockDecisionReport.swift",active-code,iOS engineering,Native Swift app, extension, shared UI, domain, service, persistence, package, or XcodeGen source,yes,retain,retained,Current native implementation path.
"Native/Ambitions/Support/ReleaseDeviceQAReadinessReport.swift",active-code,iOS engineering,Native Swift app, extension, shared UI, domain, service, persistence, package, or XcodeGen source,yes,retain,retained,Current native implementation path.
"Native/Ambitions/Support/ReleaseExternalTruthReadinessPacket.swift",active-code,iOS engineering,Native Swift app, extension, shared UI, domain, service, persistence, package, or XcodeGen source,yes,retain,retained,Current native implementation path.
"Native/Ambitions/Support/ReleasePerformanceResponsivenessReport.swift",active-code,iOS engineering,Native Swift app, extension, shared UI, domain, service, persistence, package, or XcodeGen source,yes,retain,retained,Current native implementation path.
"Native/Ambitions/UI/AppCanvasView.swift",active-code,iOS engineering,Native Swift app, extension, shared UI, domain, service, persistence, package, or XcodeGen source,yes,retain,retained,Current native implementation path.
"Native/Ambitions/UI/AsyncViewState.swift",active-code,iOS engineering,Native Swift app, extension, shared UI, domain, service, persistence, package, or XcodeGen source,yes,retain,retained,Current native implementation path.
"Native/Ambitions/UI/LaunchGateView.swift",active-code,iOS engineering,Native Swift app, extension, shared UI, domain, service, persistence, package, or XcodeGen source,yes,retain,retained,Current native implementation path.
"Native/AmbitionsShareExtension/AmbitionsShareExtension.entitlements",active-code,iOS engineering,Native Swift app, extension, shared UI, domain, service, persistence, package, or XcodeGen source,yes,retain,retained,Current native implementation path.
"Native/AmbitionsShareExtension/Info.plist",active-code,iOS engineering,Native Swift app, extension, shared UI, domain, service, persistence, package, or XcodeGen source,yes,retain,retained,Current native implementation path.
"Native/AmbitionsShareExtension/ShareIntakeView.swift",active-code,iOS engineering,Native Swift app, extension, shared UI, domain, service, persistence, package, or XcodeGen source,yes,retain,retained,Current native implementation path.
"Native/AmbitionsShareExtension/ShareViewController.swift",active-code,iOS engineering,Native Swift app, extension, shared UI, domain, service, persistence, package, or XcodeGen source,yes,retain,retained,Current native implementation path.
"Native/AmbitionsTests/App/AccessibilityNutritionChecklistTests.swift",active-code,QA,Native automated test source,yes,retain,retained,Required test evidence.
"Native/AmbitionsTests/App/ActivationContractTests.swift",active-code,QA,Native automated test source,yes,retain,retained,Required test evidence.
"Native/AmbitionsTests/App/AppContainerFactoryTests.swift",active-code,QA,Native automated test source,yes,retain,retained,Required test evidence.
"Native/AmbitionsTests/App/AppIntentRoutingTests.swift",active-code,QA,Native automated test source,yes,retain,retained,Required test evidence.
"Native/AmbitionsTests/App/AppReleaseConfigurationTests.swift",active-code,QA,Native automated test source,yes,retain,retained,Required test evidence.
"Native/AmbitionsTests/App/AppShellChromeTests.swift",active-code,QA,Native automated test source,yes,retain,retained,Required test evidence.
"Native/AmbitionsTests/App/AppShellNavigationTests.swift",active-code,QA,Native automated test source,yes,retain,retained,Required test evidence.
"Native/AmbitionsTests/App/AppearancePreferenceTests.swift",active-code,QA,Native automated test source,yes,retain,retained,Required test evidence.
"Native/AmbitionsTests/App/CalendarRealityServiceTests.swift",active-code,QA,Native automated test source,yes,retain,retained,Required test evidence.
"Native/AmbitionsTests/App/CalendarReminderActionFlowTests.swift",active-code,QA,Native automated test source,yes,retain,retained,Required test evidence.
"Native/AmbitionsTests/App/CoreSurfaceIntegrationScenarioTests.swift",active-code,QA,Native automated test source,yes,retain,retained,Required test evidence.
"Native/AmbitionsTests/App/DailyLoopAlphaQATests.swift",active-code,QA,Native automated test source,yes,retain,retained,Required test evidence.
"Native/AmbitionsTests/App/EventKitIntegrationServiceTests.swift",active-code,QA,Native automated test source,yes,retain,retained,Required test evidence.
"Native/AmbitionsTests/App/ExternalActionCommandServiceTests.swift",active-code,QA,Native automated test source,yes,retain,retained,Required test evidence.
"Native/AmbitionsTests/App/ExternalCreationImportServiceTests.swift",active-code,QA,Native automated test source,yes,retain,retained,Required test evidence.
"Native/AmbitionsTests/App/ExternalRoutingTests.swift",active-code,QA,Native automated test source,yes,retain,retained,Required test evidence.
"Native/AmbitionsTests/App/ExternalSurfaceActionPayloadTests.swift",active-code,QA,Native automated test source,yes,retain,retained,Required test evidence.
"Native/AmbitionsTests/App/ExternalSurfaceSnapshotTests.swift",active-code,QA,Native automated test source,yes,retain,retained,Required test evidence.
"Native/AmbitionsTests/App/ExternalSurfaceVerificationChecklistTests.swift",active-code,QA,Native automated test source,yes,retain,retained,Required test evidence.
"Native/AmbitionsTests/App/ExternalWidgetProjectionTests.swift",active-code,QA,Native automated test source,yes,retain,retained,Required test evidence.
"Native/AmbitionsTests/App/GroupedNavigationListDesignSystemTests.swift",active-code,QA,Native automated test source,yes,retain,retained,Required test evidence.
"Native/AmbitionsTests/App/LocalNotificationFoundationTests.swift",active-code,QA,Native automated test source,yes,retain,retained,Required test evidence.
"Native/AmbitionsTests/App/MemoryLensServiceTests.swift",active-code,QA,Native automated test source,yes,retain,retained,Required test evidence.
"Native/AmbitionsTests/App/NotificationResponsePayloadParserTests.swift",active-code,QA,Native automated test source,yes,retain,retained,Required test evidence.
"Native/AmbitionsTests/App/OnboardingAndDegradedStateTests.swift",active-code,QA,Native automated test source,yes,retain,retained,Required test evidence.
"Native/AmbitionsTests/App/PanelDensitySizeDesignSystemTests.swift",active-code,QA,Native automated test source,yes,retain,retained,Required test evidence.
"Native/AmbitionsTests/App/ReleaseCandidateLockDecisionReportTests.swift",active-code,QA,Native automated test source,yes,retain,retained,Required test evidence.
"Native/AmbitionsTests/App/ReleaseDeviceQAReadinessReportTests.swift",active-code,QA,Native automated test source,yes,retain,retained,Required test evidence.
"Native/AmbitionsTests/App/ReleaseExternalTruthReadinessPacketTests.swift",active-code,QA,Native automated test source,yes,retain,retained,Required test evidence.
"Native/AmbitionsTests/App/ReleasePerformanceResponsivenessReportTests.swift",active-code,QA,Native automated test source,yes,retain,retained,Required test evidence.
"Native/AmbitionsTests/App/RichPanelDesignSystemTests.swift",active-code,QA,Native automated test source,yes,retain,retained,Required test evidence.
"Native/AmbitionsTests/App/ScreenContractRegistryTests.swift",active-code,QA,Native automated test source,yes,retain,retained,Required test evidence.
"Native/AmbitionsTests/App/ShellCommandRouterTests.swift",active-code,QA,Native automated test source,yes,retain,retained,Required test evidence.
"Native/AmbitionsTests/Captures/CapturesViewModelTests.swift",active-code,QA,Native automated test source,yes,retain,retained,Required test evidence.
"Native/AmbitionsTests/Domain/ActionClosureReceiptModelsTests.swift",active-code,QA,Native automated test source,yes,retain,retained,Required test evidence.
"Native/AmbitionsTests/Domain/AmbitionsCommandModelsTests.swift",active-code,QA,Native automated test source,yes,retain,retained,Required test evidence.
"Native/AmbitionsTests/Domain/AmbitionsProductCanonV2ModelsTests.swift",active-code,QA,Native automated test source,yes,retain,retained,Required test evidence.
"Native/AmbitionsTests/Domain/CanonicalNowStateModelsTests.swift",active-code,QA,Native automated test source,yes,retain,retained,Required test evidence.
"Native/AmbitionsTests/Domain/CommitmentWaitingModelsTests.swift",active-code,QA,Native automated test source,yes,retain,retained,Required test evidence.
"Native/AmbitionsTests/Domain/DomainFoundationTests.swift",active-code,QA,Native automated test source,yes,retain,retained,Required test evidence.
"Native/AmbitionsTests/Domain/EventLedgerModelsTests.swift",active-code,QA,Native automated test source,yes,retain,retained,Required test evidence.
"Native/AmbitionsTests/Domain/ExecutionResilienceModelsTests.swift",active-code,QA,Native automated test source,yes,retain,retained,Required test evidence.
"Native/AmbitionsTests/Domain/FoundationPerformancePersistenceBudgetTests.swift",active-code,QA,Native automated test source,yes,retain,retained,Required test evidence.
"Native/AmbitionsTests/Domain/GoalBelievabilityModelsTests.swift",active-code,QA,Native automated test source,yes,retain,retained,Required test evidence.
"Native/AmbitionsTests/Domain/GoalClarificationModelsTests.swift",active-code,QA,Native automated test source,yes,retain,retained,Required test evidence.
"Native/AmbitionsTests/Domain/GoalContradictionModelsTests.swift",active-code,QA,Native automated test source,yes,retain,retained,Required test evidence.
"Native/AmbitionsTests/Domain/GoalDomainPackModelsTests.swift",active-code,QA,Native automated test source,yes,retain,retained,Required test evidence.
"Native/AmbitionsTests/Domain/GoalEnergyFitModelsTests.swift",active-code,QA,Native automated test source,yes,retain,retained,Required test evidence.
"Native/AmbitionsTests/Domain/GoalFreshnessUpdateModelsTests.swift",active-code,QA,Native automated test source,yes,retain,retained,Required test evidence.
"Native/AmbitionsTests/Domain/GoalPathCompilerModelsTests.swift",active-code,QA,Native automated test source,yes,retain,retained,Required test evidence.
"Native/AmbitionsTests/Domain/GoalResourceGraphModelsTests.swift",active-code,QA,Native automated test source,yes,retain,retained,Required test evidence.
"Native/AmbitionsTests/Domain/GoalTeachingModelsTests.swift",active-code,QA,Native automated test source,yes,retain,retained,Required test evidence.
"Native/AmbitionsTests/Domain/GoalUnderstandingModelsTests.swift",active-code,QA,Native automated test source,yes,retain,retained,Required test evidence.
"Native/AmbitionsTests/Domain/KnowledgeBoundaryModelsTests.swift",active-code,QA,Native automated test source,yes,retain,retained,Required test evidence.
"Native/AmbitionsTests/Domain/KnowledgeIngestionModelsTests.swift",active-code,QA,Native automated test source,yes,retain,retained,Required test evidence.
"Native/AmbitionsTests/Domain/LearningAnticipationServiceTests.swift",active-code,QA,Native automated test source,yes,retain,retained,Required test evidence.
"Native/AmbitionsTests/Domain/LifeGraphModelsTests.swift",active-code,QA,Native automated test source,yes,retain,retained,Required test evidence.
"Native/AmbitionsTests/Domain/NorthStarModelsTests.swift",active-code,QA,Native automated test source,yes,retain,retained,Required test evidence.
"Native/AmbitionsTests/Domain/OneStepGoalModelsTests.swift",active-code,QA,Native automated test source,yes,retain,retained,Required test evidence.
"Native/AmbitionsTests/Domain/PlanningDomainModelsTests.swift",active-code,QA,Native automated test source,yes,retain,retained,Required test evidence.
"Native/AmbitionsTests/Domain/ProofResourceGraphModelsTests.swift",active-code,QA,Native automated test source,yes,retain,retained,Required test evidence.
"Native/AmbitionsTests/Domain/RealityModelsTests.swift",active-code,QA,Native automated test source,yes,retain,retained,Required test evidence.
"Native/AmbitionsTests/Domain/RecommendationExplanationModelsTests.swift",active-code,QA,Native automated test source,yes,retain,retained,Required test evidence.
"Native/AmbitionsTests/Domain/RescheduleEngineTests.swift",active-code,QA,Native automated test source,yes,retain,retained,Required test evidence.
"Native/AmbitionsTests/Domain/SafeAutomationPolicyModelsTests.swift",active-code,QA,Native automated test source,yes,retain,retained,Required test evidence.
"Native/AmbitionsTests/Domain/SharedLifeCoordinationServiceTests.swift",active-code,QA,Native automated test source,yes,retain,retained,Required test evidence.
"Native/AmbitionsTests/Domain/SmartAttachmentModelsTests.swift",active-code,QA,Native automated test source,yes,retain,retained,Required test evidence.
"Native/AmbitionsTests/GoalEngine/GoalEngineFeedbackTests.swift",active-code,QA,Native automated test source,yes,retain,retained,Required test evidence.
"Native/AmbitionsTests/GoalEngine/GoalEngineOrchestratorTests.swift",active-code,QA,Native automated test source,yes,retain,retained,Required test evidence.
"Native/AmbitionsTests/GoalEngine/GoalEnginePlannerTests.swift",active-code,QA,Native automated test source,yes,retain,retained,Required test evidence.
"Native/AmbitionsTests/GoalEngine/PlanningEngineV2Tests.swift",active-code,QA,Native automated test source,yes,retain,retained,Required test evidence.
"Native/AmbitionsTests/Goals/CreateGoalViewModelTests.swift",active-code,QA,Native automated test source,yes,retain,retained,Required test evidence.
"Native/AmbitionsTests/Goals/GoalCreationServiceTests.swift",active-code,QA,Native automated test source,yes,retain,retained,Required test evidence.
"Native/AmbitionsTests/Goals/GoalDetailExplainabilityActionTests.swift",active-code,QA,Native automated test source,yes,retain,retained,Required test evidence.
"Native/AmbitionsTests/Goals/GoalDetailStrategicPresentationTests.swift",active-code,QA,Native automated test source,yes,retain,retained,Required test evidence.
"Native/AmbitionsTests/Goals/GoalExplainabilityProjectionTests.swift",active-code,QA,Native automated test source,yes,retain,retained,Required test evidence.
"Native/AmbitionsTests/Goals/GoalsOverviewBoardTests.swift",active-code,QA,Native automated test source,yes,retain,retained,Required test evidence.
"Native/AmbitionsTests/Goals/GoalsShellIntegrationTests.swift",active-code,QA,Native automated test source,yes,retain,retained,Required test evidence.
"Native/AmbitionsTests/Habits/HabitsFeatureServiceTests.swift",active-code,QA,Native automated test source,yes,retain,retained,Required test evidence.
"Native/AmbitionsTests/Insights/InsightsFeatureServiceTests.swift",active-code,QA,Native automated test source,yes,retain,retained,Required test evidence.
"Native/AmbitionsTests/Persistence/CaptureServiceTests.swift",active-code,QA,Native automated test source,yes,retain,retained,Required test evidence.
"Native/AmbitionsTests/Persistence/EventLedgerRepositoryTests.swift",active-code,QA,Native automated test source,yes,retain,retained,Required test evidence.
"Native/AmbitionsTests/Persistence/LegacyImportServiceTests.swift",active-code,QA,Native automated test source,yes,retain,retained,Required test evidence.
"Native/AmbitionsTests/Persistence/PersistenceRepositoryTests.swift",active-code,QA,Native automated test source,yes,retain,retained,Required test evidence.
"Native/AmbitionsTests/Persistence/PortableSnapshotServiceTests.swift",active-code,QA,Native automated test source,yes,retain,retained,Required test evidence.
"Native/AmbitionsTests/Persistence/SyncCapabilityTests.swift",active-code,QA,Native automated test source,yes,retain,retained,Required test evidence.
"Native/AmbitionsTests/Plan/PlanFeatureServiceTests.swift",active-code,QA,Native automated test source,yes,retain,retained,Required test evidence.
"Native/AmbitionsTests/Profile/ProfileFeatureServiceTests.swift",active-code,QA,Native automated test source,yes,retain,retained,Required test evidence.
"Native/AmbitionsTests/Ritual/RitualOrchestrationServiceTests.swift",active-code,QA,Native automated test source,yes,retain,retained,Required test evidence.
"Native/AmbitionsTests/Runtime/AmbitionsRuntimeBoundaryTests.swift",active-code,QA,Native automated test source,yes,retain,retained,Required test evidence.
"Native/AmbitionsTests/Runtime/AmbitionsRuntimeGoalIntelligenceServiceTests.swift",active-code,QA,Native automated test source,yes,retain,retained,Required test evidence.
"Native/AmbitionsTests/Runtime/DedicatedDevicePrototypeRuntimeTests.swift",active-code,QA,Native automated test source,yes,retain,retained,Required test evidence.
"Native/AmbitionsTests/Services/AmbitionsCommandExecutorTests.swift",active-code,QA,Native automated test source,yes,retain,retained,Required test evidence.
"Native/AmbitionsTests/Services/CanonicalNowStateProjectorTests.swift",active-code,QA,Native automated test source,yes,retain,retained,Required test evidence.
"Native/AmbitionsTests/Services/ExecutionResilienceProjectorTests.swift",active-code,QA,Native automated test source,yes,retain,retained,Required test evidence.
"Native/AmbitionsTests/Services/GoalBelievabilityProjectorTests.swift",active-code,QA,Native automated test source,yes,retain,retained,Required test evidence.
"Native/AmbitionsTests/Services/GoalClarificationServiceTests.swift",active-code,QA,Native automated test source,yes,retain,retained,Required test evidence.
"Native/AmbitionsTests/Services/GoalContradictionServiceTests.swift",active-code,QA,Native automated test source,yes,retain,retained,Required test evidence.
"Native/AmbitionsTests/Services/GoalDomainPackServiceTests.swift",active-code,QA,Native automated test source,yes,retain,retained,Required test evidence.
"Native/AmbitionsTests/Services/GoalEnergyFitServiceTests.swift",active-code,QA,Native automated test source,yes,retain,retained,Required test evidence.
"Native/AmbitionsTests/Services/GoalEnergyLearningServiceTests.swift",active-code,QA,Native automated test source,yes,retain,retained,Required test evidence.
"Native/AmbitionsTests/Services/GoalFreshnessUpdateServiceTests.swift",active-code,QA,Native automated test source,yes,retain,retained,Required test evidence.
"Native/AmbitionsTests/Services/GoalPathCompilerServiceTests.swift",active-code,QA,Native automated test source,yes,retain,retained,Required test evidence.
"Native/AmbitionsTests/Services/GoalResourceGraphServiceTests.swift",active-code,QA,Native automated test source,yes,retain,retained,Required test evidence.
"Native/AmbitionsTests/Services/GoalTeachingSignalServiceTests.swift",active-code,QA,Native automated test source,yes,retain,retained,Required test evidence.
"Native/AmbitionsTests/Services/GoalUnderstandingServiceTests.swift",active-code,QA,Native automated test source,yes,retain,retained,Required test evidence.
"Native/AmbitionsTests/Services/KnowledgeIngestionServiceTests.swift",active-code,QA,Native automated test source,yes,retain,retained,Required test evidence.
"Native/AmbitionsTests/Services/KnowledgeProviderBoundaryTests.swift",active-code,QA,Native automated test source,yes,retain,retained,Required test evidence.
"Native/AmbitionsTests/Services/LifeAreaAtlasProjectorTests.swift",active-code,QA,Native automated test source,yes,retain,retained,Required test evidence.
"Native/AmbitionsTests/Services/NorthStarProjectorTests.swift",active-code,QA,Native automated test source,yes,retain,retained,Required test evidence.
"Native/AmbitionsTests/Services/OneStepGoalProjectorTests.swift",active-code,QA,Native automated test source,yes,retain,retained,Required test evidence.
"Native/AmbitionsTests/Services/PathIntelligenceProjectorTests.swift",active-code,QA,Native automated test source,yes,retain,retained,Required test evidence.
"Native/AmbitionsTests/Services/RealityIntegrationAdaptersTests.swift",active-code,QA,Native automated test source,yes,retain,retained,Required test evidence.
"Native/AmbitionsTests/Services/RecommendationExplanationAdapterTests.swift",active-code,QA,Native automated test source,yes,retain,retained,Required test evidence.
"Native/AmbitionsTests/Services/ReviewsV1ProjectorTests.swift",active-code,QA,Native automated test source,yes,retain,retained,Required test evidence.
"Native/AmbitionsTests/Services/SmartAttachmentServiceTests.swift",active-code,QA,Native automated test source,yes,retain,retained,Required test evidence.
"Native/AmbitionsTests/Today/TodayFreshGoalVisibilityTests.swift",active-code,QA,Native automated test source,yes,retain,retained,Required test evidence.
"Native/AmbitionsTests/Today/TodayShellIntegrationTests.swift",active-code,QA,Native automated test source,yes,retain,retained,Required test evidence.
"Native/AmbitionsTests/Today/TodayViewModelTests.swift",active-code,QA,Native automated test source,yes,retain,retained,Required test evidence.
"Native/AmbitionsUITests/AmbitionsUITests.swift",active-code,QA,Native automated test source,yes,retain,retained,Required test evidence.
"Native/AmbitionsWidgetExtension/AmbitionsWidgetBundle.swift",active-code,iOS engineering,Native Swift app, extension, shared UI, domain, service, persistence, package, or XcodeGen source,yes,retain,retained,Current native implementation path.
"Native/AmbitionsWidgetExtension/AmbitionsWidgetExtension.entitlements",active-code,iOS engineering,Native Swift app, extension, shared UI, domain, service, persistence, package, or XcodeGen source,yes,retain,retained,Current native implementation path.
"Native/AmbitionsWidgetExtension/Info.plist",active-code,iOS engineering,Native Swift app, extension, shared UI, domain, service, persistence, package, or XcodeGen source,yes,retain,retained,Current native implementation path.
"Native/AmbitionsWidgetExtension/NextStepLiveActivityWidget.swift",active-code,iOS engineering,Native Swift app, extension, shared UI, domain, service, persistence, package, or XcodeGen source,yes,retain,retained,Current native implementation path.
"Native/AmbitionsWidgetExtension/NextStepWidget.swift",active-code,iOS engineering,Native Swift app, extension, shared UI, domain, service, persistence, package, or XcodeGen source,yes,retain,retained,Current native implementation path.
"Package.swift",implementation-control,Repo operations,Repository support file,yes,retain,retained,Classified support artifact.
"README.md",implementation-control,Repo operations,Repository entrypoint and operating guidance,yes,retain,retained,Primary handoff entrypoint.
"Sources/Accessibility/AccessibilityClaimsLock.swift",active-code,iOS engineering,Native Swift app, extension, shared UI, domain, service, persistence, package, or XcodeGen source,yes,retain,retained,Current native implementation path.
"Sources/Accessibility/AccessibilityNutrition.swift",active-code,iOS engineering,Native Swift app, extension, shared UI, domain, service, persistence, package, or XcodeGen source,yes,retain,retained,Current native implementation path.
"Sources/AmbitionsDesignSystem.swift",active-code,iOS engineering,Native Swift app, extension, shared UI, domain, service, persistence, package, or XcodeGen source,yes,retain,retained,Current native implementation path.
"Sources/Components/AmbitionsV2CanonicalComponents.swift",active-code,iOS engineering,Native Swift app, extension, shared UI, domain, service, persistence, package, or XcodeGen source,yes,retain,retained,Current native implementation path.
"Sources/Components/AsyncStatePrimitives.swift",active-code,iOS engineering,Native Swift app, extension, shared UI, domain, service, persistence, package, or XcodeGen source,yes,retain,retained,Current native implementation path.
"Sources/Components/ControlPrimitives.swift",active-code,iOS engineering,Native Swift app, extension, shared UI, domain, service, persistence, package, or XcodeGen source,yes,retain,retained,Current native implementation path.
"Sources/Components/FeedbackPrimitives.swift",active-code,iOS engineering,Native Swift app, extension, shared UI, domain, service, persistence, package, or XcodeGen source,yes,retain,retained,Current native implementation path.
"Sources/Components/GroupedNavigationList.swift",active-code,iOS engineering,Native Swift app, extension, shared UI, domain, service, persistence, package, or XcodeGen source,yes,retain,retained,Current native implementation path.
"Sources/Components/InformationPrimitives.swift",active-code,iOS engineering,Native Swift app, extension, shared UI, domain, service, persistence, package, or XcodeGen source,yes,retain,retained,Current native implementation path.
"Sources/Components/MotionPrimitives.swift",active-code,iOS engineering,Native Swift app, extension, shared UI, domain, service, persistence, package, or XcodeGen source,yes,retain,retained,Current native implementation path.
"Sources/Components/NavigationPrimitives.swift",active-code,iOS engineering,Native Swift app, extension, shared UI, domain, service, persistence, package, or XcodeGen source,yes,retain,retained,Current native implementation path.
"Sources/Components/RichPanelPrimitives.swift",active-code,iOS engineering,Native Swift app, extension, shared UI, domain, service, persistence, package, or XcodeGen source,yes,retain,retained,Current native implementation path.
"Sources/Components/ShellChromePrimitives.swift",active-code,iOS engineering,Native Swift app, extension, shared UI, domain, service, persistence, package, or XcodeGen source,yes,retain,retained,Current native implementation path.
"Sources/Components/SurfacePrimitives.swift",active-code,iOS engineering,Native Swift app, extension, shared UI, domain, service, persistence, package, or XcodeGen source,yes,retain,retained,Current native implementation path.
"Sources/Previews/ComponentPreviews.swift",active-code,iOS engineering,Native Swift app, extension, shared UI, domain, service, persistence, package, or XcodeGen source,yes,retain,retained,Current native implementation path.
"Sources/Theme/AmbitionTheme.swift",active-code,iOS engineering,Native Swift app, extension, shared UI, domain, service, persistence, package, or XcodeGen source,yes,retain,retained,Current native implementation path.
"Sources/Theme/PanelDensitySize.swift",active-code,iOS engineering,Native Swift app, extension, shared UI, domain, service, persistence, package, or XcodeGen source,yes,retain,retained,Current native implementation path.
"assets/adaptive-icon.png",implementation-control,Repo operations,Repository support file,yes,retain,retained,Classified support artifact.
"assets/favicon.png",implementation-control,Repo operations,Repository support file,yes,retain,retained,Classified support artifact.
"assets/icon.png",implementation-control,Repo operations,Repository support file,yes,retain,retained,Classified support artifact.
"assets/splash-icon.png",implementation-control,Repo operations,Repository support file,yes,retain,retained,Classified support artifact.
"docs/AGENTS.md",implementation-control,Documentation,Supporting documentation linked or governed by docs index and Ambitions 3.0 precedence,yes,retain,retained,Supporting docs retained under active precedence rules.
"docs/README.md",implementation-control,Documentation,Supporting documentation linked or governed by docs index and Ambitions 3.0 precedence,yes,retain,retained,Supporting docs retained under active precedence rules.
"docs/adr/ADR_TEMPLATE.md",implementation-control,Documentation,Supporting documentation linked or governed by docs index and Ambitions 3.0 precedence,yes,retain,retained,Supporting docs retained under active precedence rules.
"docs/adr/README.md",implementation-control,Documentation,Supporting documentation linked or governed by docs index and Ambitions 3.0 precedence,yes,retain,retained,Supporting docs retained under active precedence rules.
"docs/archive/README.md",archived-evidence,Documentation archive,Historical or superseded documentation preserved for traceability,yes,retain,retained,Archived or supporting evidence; does not override Ambitions 3.0.
"docs/archive/superseded-design-canon/design/Ambitions_Frontend_Transformation_Execution_Classification.md",archived-evidence,Documentation archive,Historical or superseded documentation preserved for traceability,yes,retain,retained,Archived or supporting evidence; does not override Ambitions 3.0.
"docs/archive/superseded-design-canon/design/copy-state-language-spec.md",archived-evidence,Documentation archive,Historical or superseded documentation preserved for traceability,yes,retain,retained,Archived or supporting evidence; does not override Ambitions 3.0.
"docs/archive/superseded-design-canon/design/cross-device-surface-roles-spec.md",archived-evidence,Documentation archive,Historical or superseded documentation preserved for traceability,yes,retain,retained,Archived or supporting evidence; does not override Ambitions 3.0.
"docs/archive/superseded-design-canon/design/design-system-spec.md",archived-evidence,Documentation archive,Historical or superseded documentation preserved for traceability,yes,retain,retained,Archived or supporting evidence; does not override Ambitions 3.0.
"docs/archive/superseded-design-canon/design/external-surface-spec.md",archived-evidence,Documentation archive,Historical or superseded documentation preserved for traceability,yes,retain,retained,Archived or supporting evidence; does not override Ambitions 3.0.
"docs/archive/superseded-design-canon/design/motion-microinteraction-spec.md",archived-evidence,Documentation archive,Historical or superseded documentation preserved for traceability,yes,retain,retained,Archived or supporting evidence; does not override Ambitions 3.0.
"docs/archive/superseded-design-canon/design/novel-interaction-systems-spec.md",archived-evidence,Documentation archive,Historical or superseded documentation preserved for traceability,yes,retain,retained,Archived or supporting evidence; does not override Ambitions 3.0.
"docs/archive/superseded-design-canon/design/screen-architecture-spec.md",archived-evidence,Documentation archive,Historical or superseded documentation preserved for traceability,yes,retain,retained,Archived or supporting evidence; does not override Ambitions 3.0.
"docs/archive/superseded-design-canon/design/shell-ia-spec.md",archived-evidence,Documentation archive,Historical or superseded documentation preserved for traceability,yes,retain,retained,Archived or supporting evidence; does not override Ambitions 3.0.
"docs/archive/superseded-design-canon/design/transformation-terminology-spec.md",archived-evidence,Documentation archive,Historical or superseded documentation preserved for traceability,yes,retain,retained,Archived or supporting evidence; does not override Ambitions 3.0.
"docs/archive/superseded-design-canon/design/transformation-validation-standard.md",archived-evidence,Documentation archive,Historical or superseded documentation preserved for traceability,yes,retain,retained,Archived or supporting evidence; does not override Ambitions 3.0.
"docs/archive/superseded-design-canon/design/trust-explainability-correction-spec.md",archived-evidence,Documentation archive,Historical or superseded documentation preserved for traceability,yes,retain,retained,Archived or supporting evidence; does not override Ambitions 3.0.
"docs/archive/superseded-design-canon/presentations/frontend-transformation-investor-deck/narrative_plan.md",archived-evidence,Documentation archive,Historical or superseded documentation preserved for traceability,yes,retain,retained,Archived or supporting evidence; does not override Ambitions 3.0.
"docs/archive/superseded-design-canon/rc1-native-finish-pass.md",archived-evidence,Documentation archive,Historical or superseded documentation preserved for traceability,yes,retain,retained,Archived or supporting evidence; does not override Ambitions 3.0.
"docs/audits/all-local-files.txt",implementation-control,Repo hygiene,FAANG handoff audit evidence, scan output, or batch report,yes,retain,retained,Required handoff or implementation evidence.
"docs/audits/ambitions-3-0-auto-batch-train-f12-through-f16-5-report.md",implementation-control,Repo hygiene,FAANG handoff audit evidence, scan output, or batch report,yes,retain,retained,Required handoff or implementation evidence.
"docs/audits/ambitions-3-0-batch-train-orchestrator-report.md",implementation-control,Repo hygiene,FAANG handoff audit evidence, scan output, or batch report,yes,retain,retained,Required handoff or implementation evidence.
"docs/audits/ambitions-3-0-codex-performance-operating-system-report.md",implementation-control,Repo hygiene,FAANG handoff audit evidence, scan output, or batch report,yes,retain,retained,Required handoff or implementation evidence.
"docs/audits/ambitions-3-0-codex-system-audit.md",implementation-control,Repo hygiene,FAANG handoff audit evidence, scan output, or batch report,yes,retain,retained,Required handoff or implementation evidence.
"docs/audits/ambitions-3-0-dev-tooling-adoption-report.md",implementation-control,Repo hygiene,FAANG handoff audit evidence, scan output, or batch report,yes,retain,retained,Required handoff or implementation evidence.
"docs/audits/ambitions-3-0-f00-current-implementation-gap-audit-report.md",implementation-control,Repo hygiene,FAANG handoff audit evidence, scan output, or batch report,yes,retain,retained,Required handoff or implementation evidence.
"docs/audits/ambitions-3-0-f02-reality-rail-visual-states-report.md",implementation-control,Repo hygiene,FAANG handoff audit evidence, scan output, or batch report,yes,retain,retained,Required handoff or implementation evidence.
"docs/audits/ambitions-3-0-f03-5-today-state-contract-hardening-report.md",implementation-control,Repo hygiene,FAANG handoff audit evidence, scan output, or batch report,yes,retain,retained,Required handoff or implementation evidence.
"docs/audits/ambitions-3-0-f03-step-detail-recommendation-explanation-report.md",implementation-control,Repo hygiene,FAANG handoff audit evidence, scan output, or batch report,yes,retain,retained,Required handoff or implementation evidence.
"docs/audits/ambitions-3-0-f04-step-session-report.md",implementation-control,Repo hygiene,FAANG handoff audit evidence, scan output, or batch report,yes,retain,retained,Required handoff or implementation evidence.
"docs/audits/ambitions-3-0-f05-action-closure-report.md",implementation-control,Repo hygiene,FAANG handoff audit evidence, scan output, or batch report,yes,retain,retained,Required handoff or implementation evidence.
"docs/audits/ambitions-3-0-f06-proof-receipt-ledger-report.md",implementation-control,Repo hygiene,FAANG handoff audit evidence, scan output, or batch report,yes,retain,retained,Required handoff or implementation evidence.
"docs/audits/ambitions-3-0-f07-capture-composer-report.md",implementation-control,Repo hygiene,FAANG handoff audit evidence, scan output, or batch report,yes,retain,retained,Required handoff or implementation evidence.
"docs/audits/ambitions-3-0-f08-placement-resolver-report.md",implementation-control,Repo hygiene,FAANG handoff audit evidence, scan output, or batch report,yes,retain,retained,Required handoff or implementation evidence.
"docs/audits/ambitions-3-0-f09-capture-to-goal-report.md",implementation-control,Repo hygiene,FAANG handoff audit evidence, scan output, or batch report,yes,retain,retained,Required handoff or implementation evidence.
"docs/audits/ambitions-3-0-f10-plan-life-suite-foundation-report.md",implementation-control,Repo hygiene,FAANG handoff audit evidence, scan output, or batch report,yes,retain,retained,Required handoff or implementation evidence.
"docs/audits/ambitions-3-0-f11-day-week-shape-report.md",implementation-control,Repo hygiene,FAANG handoff audit evidence, scan output, or batch report,yes,retain,retained,Required handoff or implementation evidence.
"docs/audits/ambitions-3-0-f12-architecture-clarity-report.md",implementation-control,Repo hygiene,FAANG handoff audit evidence, scan output, or batch report,yes,retain,retained,Required handoff or implementation evidence.
"docs/audits/ambitions-3-0-f12-reflow-recovery-decisions-report.md",implementation-control,Repo hygiene,FAANG handoff audit evidence, scan output, or batch report,yes,retain,retained,Required handoff or implementation evidence.
"docs/audits/ambitions-3-0-f13-5-goals-you-trust-architecture-checkpoint-report.md",implementation-control,Repo hygiene,FAANG handoff audit evidence, scan output, or batch report,yes,retain,retained,Required handoff or implementation evidence.
"docs/audits/ambitions-3-0-f13-goal-mission-control-report.md",implementation-control,Repo hygiene,FAANG handoff audit evidence, scan output, or batch report,yes,retain,retained,Required handoff or implementation evidence.
"docs/audits/ambitions-3-0-f14-you-trust-what-ambitions-knows-report.md",implementation-control,Repo hygiene,FAANG handoff audit evidence, scan output, or batch report,yes,retain,retained,Required handoff or implementation evidence.
"docs/audits/ambitions-3-0-f15-legacy-identifier-migration-report.md",implementation-control,Repo hygiene,FAANG handoff audit evidence, scan output, or batch report,yes,retain,retained,Required handoff or implementation evidence.
"docs/audits/ambitions-3-0-f16-5-swiftui-architecture-state-contract-hardening-report.md",implementation-control,Repo hygiene,FAANG handoff audit evidence, scan output, or batch report,yes,retain,retained,Required handoff or implementation evidence.
"docs/audits/ambitions-3-0-f16-ui-test-modernization-report.md",implementation-control,Repo hygiene,FAANG handoff audit evidence, scan output, or batch report,yes,retain,retained,Required handoff or implementation evidence.
"docs/audits/ambitions-3-0-f17-f30-faang-handoff-completion-train-setup-report.md",implementation-control,Repo hygiene,FAANG handoff audit evidence, scan output, or batch report,yes,retain,retained,Required handoff or implementation evidence.
"docs/audits/ambitions-3-0-f17-repair-and-handoff-train-resume-report.md",implementation-control,Repo hygiene,FAANG handoff audit evidence, scan output, or batch report,yes,retain,retained,Required handoff or implementation evidence.
"docs/audits/ambitions-3-0-f17-shell-meridian-ownership-decision.md",implementation-control,Repo hygiene,FAANG handoff audit evidence, scan output, or batch report,yes,retain,retained,Required handoff or implementation evidence.
"docs/audits/ambitions-3-0-f17-shell-meridian-readiness-report.md",implementation-control,Repo hygiene,FAANG handoff audit evidence, scan output, or batch report,yes,retain,retained,Required handoff or implementation evidence.
"docs/audits/ambitions-3-0-f18-feature-flagged-meridian-shell-report.md",implementation-control,Repo hygiene,FAANG handoff audit evidence, scan output, or batch report,yes,retain,retained,Required handoff or implementation evidence.
"docs/audits/ambitions-3-0-f19-shell-route-parity-fallback-safety-report.md",implementation-control,Repo hygiene,FAANG handoff audit evidence, scan output, or batch report,yes,retain,retained,Required handoff or implementation evidence.
"docs/audits/ambitions-3-0-f20-external-surfaces-privacy-projection-report.md",implementation-control,Repo hygiene,FAANG handoff audit evidence, scan output, or batch report,yes,retain,retained,Required handoff or implementation evidence.
"docs/audits/ambitions-3-0-f21-5-ui-failure-classification.md",implementation-control,Repo hygiene,FAANG handoff audit evidence, scan output, or batch report,yes,retain,retained,Required handoff or implementation evidence.
"docs/audits/ambitions-3-0-f21-5-ui-flake-reliability-hardening-report.md",implementation-control,Repo hygiene,FAANG handoff audit evidence, scan output, or batch report,yes,retain,retained,Required handoff or implementation evidence.
"docs/audits/ambitions-3-0-f21-full-ui-smoke-stabilization-report.md",implementation-control,Repo hygiene,FAANG handoff audit evidence, scan output, or batch report,yes,retain,retained,Required handoff or implementation evidence.
"docs/audits/ambitions-3-0-f22-5-doc-qa-backlog-closure-report.md",implementation-control,Repo hygiene,FAANG handoff audit evidence, scan output, or batch report,yes,retain,retained,Required handoff or implementation evidence.
"docs/audits/ambitions-3-0-f22-7-human-made-active-repo-hygiene-report.md",implementation-control,Repo hygiene,FAANG handoff audit evidence, scan output, or batch report,yes,retain,retained,Required handoff or implementation evidence.
"docs/audits/ambitions-3-0-f22-product-language-baseline-reset-report.md",implementation-control,Repo hygiene,FAANG handoff audit evidence, scan output, or batch report,yes,retain,retained,Required handoff or implementation evidence.
"docs/audits/ambitions-3-0-f23-accessibility-adhd-qa-report.md",implementation-control,Repo hygiene,FAANG handoff audit evidence, scan output, or batch report,yes,retain,retained,Required handoff or implementation evidence.
"docs/audits/ambitions-3-0-f24-privacy-trust-qa-report.md",implementation-control,Repo hygiene,FAANG handoff audit evidence, scan output, or batch report,yes,retain,retained,Required handoff or implementation evidence.
"docs/audits/ambitions-3-0-f25-device-performance-edge-case-qa-report.md",implementation-control,Repo hygiene,FAANG handoff audit evidence, scan output, or batch report,yes,retain,retained,Required handoff or implementation evidence.
"docs/audits/ambitions-3-0-f26-app-store-demo-truth-report.md",implementation-control,Repo hygiene,FAANG handoff audit evidence, scan output, or batch report,yes,retain,retained,Required handoff or implementation evidence.
"docs/audits/ambitions-3-0-faang-team-operating-upgrade-report.md",implementation-control,Repo hygiene,FAANG handoff audit evidence, scan output, or batch report,yes,retain,retained,Required handoff or implementation evidence.
"docs/audits/ambitions-3-0-final-faang-handoff-readiness-report.md",implementation-control,Repo hygiene,FAANG handoff audit evidence, scan output, or batch report,yes,retain,retained,Required handoff or implementation evidence.
"docs/audits/ambitions-3-0-risk-register.md",implementation-control,Repo hygiene,FAANG handoff audit evidence, scan output, or batch report,yes,retain,retained,Required handoff or implementation evidence.
"docs/audits/dependency-management-audit.md",implementation-control,Repo hygiene,FAANG handoff audit evidence, scan output, or batch report,yes,retain,retained,Required handoff or implementation evidence.
"docs/audits/faang-handoff-deprecated-language-scan.txt",implementation-control,Repo hygiene,FAANG handoff audit evidence, scan output, or batch report,yes,retain,retained,Required handoff or implementation evidence.
"docs/audits/faang-handoff-doc-headings.txt",implementation-control,Repo hygiene,FAANG handoff audit evidence, scan output, or batch report,yes,retain,retained,Required handoff or implementation evidence.
"docs/audits/faang-handoff-file-inventory.csv",implementation-control,Repo hygiene,FAANG handoff audit evidence, scan output, or batch report,yes,retain,retained,Required handoff or implementation evidence.
"docs/audits/faang-handoff-generated-artifact-scan.txt",implementation-control,Repo hygiene,FAANG handoff audit evidence, scan output, or batch report,yes,retain,retained,Required handoff or implementation evidence.
"docs/audits/faang-handoff-internal-identifier-scan.txt",implementation-control,Repo hygiene,FAANG handoff audit evidence, scan output, or batch report,yes,retain,retained,Required handoff or implementation evidence.
"docs/audits/faang-handoff-orphan-scan.txt",implementation-control,Repo hygiene,FAANG handoff audit evidence, scan output, or batch report,yes,retain,retained,Required handoff or implementation evidence.
"docs/audits/faang-handoff-readiness-report.md",implementation-control,Repo hygiene,FAANG handoff audit evidence, scan output, or batch report,yes,retain,retained,Required handoff or implementation evidence.
"docs/audits/faang-handoff-traceability-matrix.md",implementation-control,Repo hygiene,FAANG handoff audit evidence, scan output, or batch report,yes,retain,retained,Required handoff or implementation evidence.
"docs/audits/tracked-files.txt",implementation-control,Repo hygiene,FAANG handoff audit evidence, scan output, or batch report,yes,retain,retained,Required handoff or implementation evidence.
"docs/canon/ACCESSIBILITY_FOCUS_SUPPORT.md",active-canon,Product canon,Ambitions canon, supporting canon, or historical canon with explicit precedence rules,yes,retain,retained,Classified by active 3.0 source order and archive policy.
"docs/canon/AMBITION_CANON_COMPLETION_REPORT.md",active-canon,Product canon,Ambitions canon, supporting canon, or historical canon with explicit precedence rules,yes,retain,retained,Classified by active 3.0 source order and archive policy.
"docs/canon/Ambitions_2_0_Accessibility_Nutrition.md",active-canon,Product canon,Ambitions canon, supporting canon, or historical canon with explicit precedence rules,yes,retain,retained,Classified by active 3.0 source order and archive policy.
"docs/canon/Ambitions_2_0_Batch_Plan.md",active-canon,Product canon,Ambitions canon, supporting canon, or historical canon with explicit precedence rules,yes,retain,retained,Classified by active 3.0 source order and archive policy.
"docs/canon/Ambitions_2_0_Capability_Matrix.md",active-canon,Product canon,Ambitions canon, supporting canon, or historical canon with explicit precedence rules,yes,retain,retained,Classified by active 3.0 source order and archive policy.
"docs/canon/Ambitions_2_0_Daily_Loop_QA_Baseline.md",active-canon,Product canon,Ambitions canon, supporting canon, or historical canon with explicit precedence rules,yes,retain,retained,Classified by active 3.0 source order and archive policy.
"docs/canon/Ambitions_2_0_Decision_Log.md",active-canon,Product canon,Ambitions canon, supporting canon, or historical canon with explicit precedence rules,yes,retain,retained,Classified by active 3.0 source order and archive policy.
"docs/canon/Ambitions_2_0_Foundation_Performance_Persistence_Budget.md",active-canon,Product canon,Ambitions canon, supporting canon, or historical canon with explicit precedence rules,yes,retain,retained,Classified by active 3.0 source order and archive policy.
"docs/canon/Ambitions_2_0_Implementation_Gap_Audit.md",active-canon,Product canon,Ambitions canon, supporting canon, or historical canon with explicit precedence rules,yes,retain,retained,Classified by active 3.0 source order and archive policy.
"docs/canon/Ambitions_2_0_Intelligence_Standards.md",active-canon,Product canon,Ambitions canon, supporting canon, or historical canon with explicit precedence rules,yes,retain,retained,Classified by active 3.0 source order and archive policy.
"docs/canon/Ambitions_2_0_Master_Plan.md",active-canon,Product canon,Ambitions canon, supporting canon, or historical canon with explicit precedence rules,yes,retain,retained,Classified by active 3.0 source order and archive policy.
"docs/canon/Ambitions_2_0_Object_Terminology.md",active-canon,Product canon,Ambitions canon, supporting canon, or historical canon with explicit precedence rules,yes,retain,retained,Classified by active 3.0 source order and archive policy.
"docs/canon/Ambitions_2_0_Product_Architecture.md",active-canon,Product canon,Ambitions canon, supporting canon, or historical canon with explicit precedence rules,yes,retain,retained,Classified by active 3.0 source order and archive policy.
"docs/canon/Ambitions_2_0_RC_Maturity_Plan.md",active-canon,Product canon,Ambitions canon, supporting canon, or historical canon with explicit precedence rules,yes,retain,retained,Classified by active 3.0 source order and archive policy.
"docs/canon/Ambitions_2_0_Roadmap.md",active-canon,Product canon,Ambitions canon, supporting canon, or historical canon with explicit precedence rules,yes,retain,retained,Classified by active 3.0 source order and archive policy.
"docs/canon/Ambitions_2_0_Roadmap_Merge_Audit.md",active-canon,Product canon,Ambitions canon, supporting canon, or historical canon with explicit precedence rules,yes,retain,retained,Classified by active 3.0 source order and archive policy.
"docs/canon/Ambitions_2_0_Systems_Architecture.md",active-canon,Product canon,Ambitions canon, supporting canon, or historical canon with explicit precedence rules,yes,retain,retained,Classified by active 3.0 source order and archive policy.
"docs/canon/Ambitions_2_0_Visual_System.md",active-canon,Product canon,Ambitions canon, supporting canon, or historical canon with explicit precedence rules,yes,retain,retained,Classified by active 3.0 source order and archive policy.
"docs/canon/Ambitions_3_0_AI_Evaluation_And_Grounding_Plan.md",active-canon,Product canon,Ambitions canon, supporting canon, or historical canon with explicit precedence rules,yes,retain,retained,Classified by active 3.0 source order and archive policy.
"docs/canon/Ambitions_3_0_Accessibility_Conformance_Plan.md",active-canon,Product canon,Ambitions canon, supporting canon, or historical canon with explicit precedence rules,yes,retain,retained,Classified by active 3.0 source order and archive policy.
"docs/canon/Ambitions_3_0_Accessibility_QA_Protocol.md",active-canon,Product canon,Ambitions canon, supporting canon, or historical canon with explicit precedence rules,yes,retain,retained,Classified by active 3.0 source order and archive policy.
"docs/canon/Ambitions_3_0_Action_Closure_Sheet_Spec.md",active-canon,Product canon,Ambitions canon, supporting canon, or historical canon with explicit precedence rules,yes,retain,retained,Classified by active 3.0 source order and archive policy.
"docs/canon/Ambitions_3_0_Action_Verbs_And_Receipt_Grammar.md",active-canon,Product canon,Ambitions canon, supporting canon, or historical canon with explicit precedence rules,yes,retain,retained,Classified by active 3.0 source order and archive policy.
"docs/canon/Ambitions_3_0_Active_History_Archive_Policy.md",active-canon,Product canon,Ambitions canon, supporting canon, or historical canon with explicit precedence rules,yes,retain,retained,Classified by active 3.0 source order and archive policy.
"docs/canon/Ambitions_3_0_Ambition_Meridian_Shell_SwiftUI_Build_Spec.md",active-canon,Product canon,Ambitions canon, supporting canon, or historical canon with explicit precedence rules,yes,retain,retained,Classified by active 3.0 source order and archive policy.
"docs/canon/Ambitions_3_0_Ambitions_Operating_Shell.md",active-canon,Product canon,Ambitions canon, supporting canon, or historical canon with explicit precedence rules,yes,retain,retained,Classified by active 3.0 source order and archive policy.
"docs/canon/Ambitions_3_0_Architecture_Review_Board_Protocol.md",active-canon,Product canon,Ambitions canon, supporting canon, or historical canon with explicit precedence rules,yes,retain,retained,Classified by active 3.0 source order and archive policy.
"docs/canon/Ambitions_3_0_As_Current_Baseline_Policy.md",active-canon,Product canon,Ambitions canon, supporting canon, or historical canon with explicit precedence rules,yes,retain,retained,Classified by active 3.0 source order and archive policy.
"docs/canon/Ambitions_3_0_Build_Failure_Triage_Protocol.md",active-canon,Product canon,Ambitions canon, supporting canon, or historical canon with explicit precedence rules,yes,retain,retained,Classified by active 3.0 source order and archive policy.
"docs/canon/Ambitions_3_0_Build_Skills_And_Dependency_Management.md",active-canon,Product canon,Ambitions canon, supporting canon, or historical canon with explicit precedence rules,yes,retain,retained,Classified by active 3.0 source order and archive policy.
"docs/canon/Ambitions_3_0_Canon_To_Test_Traceability_Rules.md",active-canon,Product canon,Ambitions canon, supporting canon, or historical canon with explicit precedence rules,yes,retain,retained,Classified by active 3.0 source order and archive policy.
"docs/canon/Ambitions_3_0_Codex_Only_Implementation_And_Testing_Strategy.md",active-canon,Product canon,Ambitions canon, supporting canon, or historical canon with explicit precedence rules,yes,retain,retained,Classified by active 3.0 source order and archive policy.
"docs/canon/Ambitions_3_0_Codex_Performance_Operating_System.md",active-canon,Product canon,Ambitions canon, supporting canon, or historical canon with explicit precedence rules,yes,retain,retained,Classified by active 3.0 source order and archive policy.
"docs/canon/Ambitions_3_0_Codex_Value_Maximization_System.md",active-canon,Product canon,Ambitions canon, supporting canon, or historical canon with explicit precedence rules,yes,retain,retained,Classified by active 3.0 source order and archive policy.
"docs/canon/Ambitions_3_0_Competitive_Positioning_And_Language_Research.md",active-canon,Product canon,Ambitions canon, supporting canon, or historical canon with explicit precedence rules,yes,retain,retained,Classified by active 3.0 source order and archive policy.
"docs/canon/Ambitions_3_0_Content_QA_And_Copy_Guard.md",active-canon,Product canon,Ambitions canon, supporting canon, or historical canon with explicit precedence rules,yes,retain,retained,Classified by active 3.0 source order and archive policy.
"docs/canon/Ambitions_3_0_Copy_QA_Protocol.md",active-canon,Product canon,Ambitions canon, supporting canon, or historical canon with explicit precedence rules,yes,retain,retained,Classified by active 3.0 source order and archive policy.
"docs/canon/Ambitions_3_0_Current_Implementation_Gap_Audit.md",active-canon,Product canon,Ambitions canon, supporting canon, or historical canon with explicit precedence rules,yes,retain,retained,Classified by active 3.0 source order and archive policy.
"docs/canon/Ambitions_3_0_Data_Event_Taxonomy.md",active-canon,Product canon,Ambitions canon, supporting canon, or historical canon with explicit precedence rules,yes,retain,retained,Classified by active 3.0 source order and archive policy.
"docs/canon/Ambitions_3_0_Day_Rail_SwiftUI_Build_Spec.md",active-canon,Product canon,Ambitions canon, supporting canon, or historical canon with explicit precedence rules,yes,retain,retained,Classified by active 3.0 source order and archive policy.
"docs/canon/Ambitions_3_0_Decision_Record_Protocol.md",active-canon,Product canon,Ambitions canon, supporting canon, or historical canon with explicit precedence rules,yes,retain,retained,Classified by active 3.0 source order and archive policy.
"docs/canon/Ambitions_3_0_Definition_Of_Ready_And_Done.md",active-canon,Product canon,Ambitions canon, supporting canon, or historical canon with explicit precedence rules,yes,retain,retained,Classified by active 3.0 source order and archive policy.
"docs/canon/Ambitions_3_0_Dependency_Management_Policy.md",active-canon,Product canon,Ambitions canon, supporting canon, or historical canon with explicit precedence rules,yes,retain,retained,Classified by active 3.0 source order and archive policy.
"docs/canon/Ambitions_3_0_Dependency_Promotion_Ladder.md",active-canon,Product canon,Ambitions canon, supporting canon, or historical canon with explicit precedence rules,yes,retain,retained,Classified by active 3.0 source order and archive policy.
"docs/canon/Ambitions_3_0_Design_QA_Protocol.md",active-canon,Product canon,Ambitions canon, supporting canon, or historical canon with explicit precedence rules,yes,retain,retained,Classified by active 3.0 source order and archive policy.
"docs/canon/Ambitions_3_0_Design_System_Primitives.md",active-canon,Product canon,Ambitions canon, supporting canon, or historical canon with explicit precedence rules,yes,retain,retained,Classified by active 3.0 source order and archive policy.
"docs/canon/Ambitions_3_0_Documentation_System_Index.md",active-canon,Product canon,Ambitions canon, supporting canon, or historical canon with explicit precedence rules,yes,retain,retained,Classified by active 3.0 source order and archive policy.
"docs/canon/Ambitions_3_0_Evidence_Hierarchy.md",active-canon,Product canon,Ambitions canon, supporting canon, or historical canon with explicit precedence rules,yes,retain,retained,Classified by active 3.0 source order and archive policy.
"docs/canon/Ambitions_3_0_FAANG_Handoff_Readiness_Gate.md",active-canon,Product canon,Ambitions canon, supporting canon, or historical canon with explicit precedence rules,yes,retain,retained,Classified by active 3.0 source order and archive policy.
"docs/canon/Ambitions_3_0_FAANG_Rebuild_Documentation_Completeness_Matrix.md",active-canon,Product canon,Ambitions canon, supporting canon, or historical canon with explicit precedence rules,yes,retain,retained,Classified by active 3.0 source order and archive policy.
"docs/canon/Ambitions_3_0_FAANG_Team_Operating_Model.md",active-canon,Product canon,Ambitions canon, supporting canon, or historical canon with explicit precedence rules,yes,retain,retained,Classified by active 3.0 source order and archive policy.
"docs/canon/Ambitions_3_0_Feature_Boundary_And_File_Size_Constitution.md",active-canon,Product canon,Ambitions canon, supporting canon, or historical canon with explicit precedence rules,yes,retain,retained,Classified by active 3.0 source order and archive policy.
"docs/canon/Ambitions_3_0_First_60_Seconds_Spec.md",active-canon,Product canon,Ambitions canon, supporting canon, or historical canon with explicit precedence rules,yes,retain,retained,Classified by active 3.0 source order and archive policy.
"docs/canon/Ambitions_3_0_Flake_Management_Protocol.md",active-canon,Product canon,Ambitions canon, supporting canon, or historical canon with explicit precedence rules,yes,retain,retained,Classified by active 3.0 source order and archive policy.
"docs/canon/Ambitions_3_0_Front_End_Implementation_Batch_Plan.md",active-canon,Product canon,Ambitions canon, supporting canon, or historical canon with explicit precedence rules,yes,retain,retained,Classified by active 3.0 source order and archive policy.
"docs/canon/Ambitions_3_0_Front_End_Redesign_Index.md",active-canon,Product canon,Ambitions canon, supporting canon, or historical canon with explicit precedence rules,yes,retain,retained,Classified by active 3.0 source order and archive policy.
"docs/canon/Ambitions_3_0_Golden_Launch_Loop_Upgrade_Bank.md",active-canon,Product canon,Ambitions canon, supporting canon, or historical canon with explicit precedence rules,yes,retain,retained,Classified by active 3.0 source order and archive policy.
"docs/canon/Ambitions_3_0_Human_Approval_Escalation_Rules.md",active-canon,Product canon,Ambitions canon, supporting canon, or historical canon with explicit precedence rules,yes,retain,retained,Classified by active 3.0 source order and archive policy.
"docs/canon/Ambitions_3_0_Human_Made_Codebase_Standard.md",active-canon,Product canon,Ambitions canon, supporting canon, or historical canon with explicit precedence rules,yes,retain,retained,Classified by active 3.0 source order and archive policy.
"docs/canon/Ambitions_3_0_Information_Architecture_And_Routing_Model.md",active-canon,Product canon,Ambitions canon, supporting canon, or historical canon with explicit precedence rules,yes,retain,retained,Classified by active 3.0 source order and archive policy.
"docs/canon/Ambitions_3_0_Launch_Narrative_And_Demo_Script.md",active-canon,Product canon,Ambitions canon, supporting canon, or historical canon with explicit precedence rules,yes,retain,retained,Classified by active 3.0 source order and archive policy.
"docs/canon/Ambitions_3_0_Local_Toolchain_Readiness_Matrix.md",active-canon,Product canon,Ambitions canon, supporting canon, or historical canon with explicit precedence rules,yes,retain,retained,Classified by active 3.0 source order and archive policy.
"docs/canon/Ambitions_3_0_Microcopy_Pattern_Library.md",active-canon,Product canon,Ambitions canon, supporting canon, or historical canon with explicit precedence rules,yes,retain,retained,Classified by active 3.0 source order and archive policy.
"docs/canon/Ambitions_3_0_Migration_And_Deprecation_Plan.md",active-canon,Product canon,Ambitions canon, supporting canon, or historical canon with explicit precedence rules,yes,retain,retained,Classified by active 3.0 source order and archive policy.
"docs/canon/Ambitions_3_0_North_Star_And_Product_Metrics.md",active-canon,Product canon,Ambitions canon, supporting canon, or historical canon with explicit precedence rules,yes,retain,retained,Classified by active 3.0 source order and archive policy.
"docs/canon/Ambitions_3_0_Object_Ownership_And_Appearance_Matrix.md",active-canon,Product canon,Ambitions canon, supporting canon, or historical canon with explicit precedence rules,yes,retain,retained,Classified by active 3.0 source order and archive policy.
"docs/canon/Ambitions_3_0_Personalization_Consent_Model.md",active-canon,Product canon,Ambitions canon, supporting canon, or historical canon with explicit precedence rules,yes,retain,retained,Classified by active 3.0 source order and archive policy.
"docs/canon/Ambitions_3_0_Placement_Resolver_Spec.md",active-canon,Product canon,Ambitions canon, supporting canon, or historical canon with explicit precedence rules,yes,retain,retained,Classified by active 3.0 source order and archive policy.
"docs/canon/Ambitions_3_0_Plan_Life_Suite_Endgame.md",active-canon,Product canon,Ambitions canon, supporting canon, or historical canon with explicit precedence rules,yes,retain,retained,Classified by active 3.0 source order and archive policy.
"docs/canon/Ambitions_3_0_Postmortem_And_Learning_Loop.md",active-canon,Product canon,Ambitions canon, supporting canon, or historical canon with explicit precedence rules,yes,retain,retained,Classified by active 3.0 source order and archive policy.
"docs/canon/Ambitions_3_0_Primitive_Architecture.md",active-canon,Product canon,Ambitions canon, supporting canon, or historical canon with explicit precedence rules,yes,retain,retained,Classified by active 3.0 source order and archive policy.
"docs/canon/Ambitions_3_0_Privacy_Threat_Model.md",active-canon,Product canon,Ambitions canon, supporting canon, or historical canon with explicit precedence rules,yes,retain,retained,Classified by active 3.0 source order and archive policy.
"docs/canon/Ambitions_3_0_Privacy_Trust_QA_Protocol.md",active-canon,Product canon,Ambitions canon, supporting canon, or historical canon with explicit precedence rules,yes,retain,retained,Classified by active 3.0 source order and archive policy.
"docs/canon/Ambitions_3_0_Product_Language_System.md",active-canon,Product canon,Ambitions canon, supporting canon, or historical canon with explicit precedence rules,yes,retain,retained,Classified by active 3.0 source order and archive policy.
"docs/canon/Ambitions_3_0_Product_Strategy_Brief.md",active-canon,Product canon,Ambitions canon, supporting canon, or historical canon with explicit precedence rules,yes,retain,retained,Classified by active 3.0 source order and archive policy.
"docs/canon/Ambitions_3_0_Proof_Receipts_And_Reviews_Contract.md",active-canon,Product canon,Ambitions canon, supporting canon, or historical canon with explicit precedence rules,yes,retain,retained,Classified by active 3.0 source order and archive policy.
"docs/canon/Ambitions_3_0_Rebuild_Operating_Model.md",active-canon,Product canon,Ambitions canon, supporting canon, or historical canon with explicit precedence rules,yes,retain,retained,Classified by active 3.0 source order and archive policy.
"docs/canon/Ambitions_3_0_Recommendation_Contract.md",active-canon,Product canon,Ambitions canon, supporting canon, or historical canon with explicit precedence rules,yes,retain,retained,Classified by active 3.0 source order and archive policy.
"docs/canon/Ambitions_3_0_Recommendation_Eligibility_Engine.md",active-canon,Product canon,Ambitions canon, supporting canon, or historical canon with explicit precedence rules,yes,retain,retained,Classified by active 3.0 source order and archive policy.
"docs/canon/Ambitions_3_0_Release_Claim_Truth_Protocol.md",active-canon,Product canon,Ambitions canon, supporting canon, or historical canon with explicit precedence rules,yes,retain,retained,Classified by active 3.0 source order and archive policy.
"docs/canon/Ambitions_3_0_Release_Readiness_And_Evidence_Gates.md",active-canon,Product canon,Ambitions canon, supporting canon, or historical canon with explicit precedence rules,yes,retain,retained,Classified by active 3.0 source order and archive policy.
"docs/canon/Ambitions_3_0_Repo_Hygiene_And_Active_Canon_Policy.md",active-canon,Product canon,Ambitions canon, supporting canon, or historical canon with explicit precedence rules,yes,retain,retained,Classified by active 3.0 source order and archive policy.
"docs/canon/Ambitions_3_0_Risk_Register_Protocol.md",active-canon,Product canon,Ambitions canon, supporting canon, or historical canon with explicit precedence rules,yes,retain,retained,Classified by active 3.0 source order and archive policy.
"docs/canon/Ambitions_3_0_Roadmap_To_Code_Traceability_Rules.md",active-canon,Product canon,Ambitions canon, supporting canon, or historical canon with explicit precedence rules,yes,retain,retained,Classified by active 3.0 source order and archive policy.
"docs/canon/Ambitions_3_0_Screenshot_Readiness_Spec.md",active-canon,Product canon,Ambitions canon, supporting canon, or historical canon with explicit precedence rules,yes,retain,retained,Classified by active 3.0 source order and archive policy.
"docs/canon/Ambitions_3_0_Signature_Objects_And_Rail_Grammar.md",active-canon,Product canon,Ambitions canon, supporting canon, or historical canon with explicit precedence rules,yes,retain,retained,Classified by active 3.0 source order and archive policy.
"docs/canon/Ambitions_3_0_Source_Of_Truth_Override.md",active-canon,Product canon,Ambitions canon, supporting canon, or historical canon with explicit precedence rules,yes,retain,retained,Classified by active 3.0 source order and archive policy.
"docs/canon/Ambitions_3_0_State_Machines_And_Domain_Flows.md",active-canon,Product canon,Ambitions canon, supporting canon, or historical canon with explicit precedence rules,yes,retain,retained,Classified by active 3.0 source order and archive policy.
"docs/canon/Ambitions_3_0_State_Projection_Extraction_Rules.md",active-canon,Product canon,Ambitions canon, supporting canon, or historical canon with explicit precedence rules,yes,retain,retained,Classified by active 3.0 source order and archive policy.
"docs/canon/Ambitions_3_0_Surface_State_Matrix.md",active-canon,Product canon,Ambitions canon, supporting canon, or historical canon with explicit precedence rules,yes,retain,retained,Classified by active 3.0 source order and archive policy.
"docs/canon/Ambitions_3_0_SwiftUI_State_Contract_Architecture_Standard.md",active-canon,Product canon,Ambitions canon, supporting canon, or historical canon with explicit precedence rules,yes,retain,retained,Classified by active 3.0 source order and archive policy.
"docs/canon/Ambitions_3_0_Task_Width_And_Batch_Combining_Gate.md",active-canon,Product canon,Ambitions canon, supporting canon, or historical canon with explicit precedence rules,yes,retain,retained,Classified by active 3.0 source order and archive policy.
"docs/canon/Ambitions_3_0_Test_Ownership_Matrix.md",active-canon,Product canon,Ambitions canon, supporting canon, or historical canon with explicit precedence rules,yes,retain,retained,Classified by active 3.0 source order and archive policy.
"docs/canon/Ambitions_3_0_Top_Level_Surface_Density_Constitution.md",active-canon,Product canon,Ambitions canon, supporting canon, or historical canon with explicit precedence rules,yes,retain,retained,Classified by active 3.0 source order and archive policy.
"docs/canon/Ambitions_3_0_UI_Invention_Evaluation_Framework.md",active-canon,Product canon,Ambitions canon, supporting canon, or historical canon with explicit precedence rules,yes,retain,retained,Classified by active 3.0 source order and archive policy.
"docs/canon/Ambitions_3_0_UI_Invention_Upgrade_Bank.md",active-canon,Product canon,Ambitions canon, supporting canon, or historical canon with explicit precedence rules,yes,retain,retained,Classified by active 3.0 source order and archive policy.
"docs/canon/Ambitions_3_0_UI_Test_Contract.md",active-canon,Product canon,Ambitions canon, supporting canon, or historical canon with explicit precedence rules,yes,retain,retained,Classified by active 3.0 source order and archive policy.
"docs/canon/Ambitions_3_0_UX_Research_Plan.md",active-canon,Product canon,Ambitions canon, supporting canon, or historical canon with explicit precedence rules,yes,retain,retained,Classified by active 3.0 source order and archive policy.
"docs/canon/Ambitions_3_0_Universal_Object_Lifecycle_Contract.md",active-canon,Product canon,Ambitions canon, supporting canon, or historical canon with explicit precedence rules,yes,retain,retained,Classified by active 3.0 source order and archive policy.
"docs/canon/Ambitions_Accessibility_Nutrition_Labels_Audit.md",active-canon,Product canon,Ambitions canon, supporting canon, or historical canon with explicit precedence rules,yes,retain,retained,Classified by active 3.0 source order and archive policy.
"docs/canon/Ambitions_App_Store_Release_Compliance.md",active-canon,Product canon,Ambitions canon, supporting canon, or historical canon with explicit precedence rules,yes,retain,retained,Classified by active 3.0 source order and archive policy.
"docs/canon/Ambitions_Beyond_3_0_Continuity_Rules.md",active-canon,Product canon,Ambitions canon, supporting canon, or historical canon with explicit precedence rules,yes,retain,retained,Classified by active 3.0 source order and archive policy.
"docs/canon/Ambitions_Codex_Batch_Plan.md",active-canon,Product canon,Ambitions canon, supporting canon, or historical canon with explicit precedence rules,yes,retain,retained,Classified by active 3.0 source order and archive policy.
"docs/canon/Ambitions_Frontend_Batches_49_60_Revised.md",active-canon,Product canon,Ambitions canon, supporting canon, or historical canon with explicit precedence rules,yes,retain,retained,Classified by active 3.0 source order and archive policy.
"docs/canon/Ambitions_Full_Frontend_Transformation_Program.md",active-canon,Product canon,Ambitions canon, supporting canon, or historical canon with explicit precedence rules,yes,retain,retained,Classified by active 3.0 source order and archive policy.
"docs/canon/Ambitions_Launch_Master_Checklist.md",active-canon,Product canon,Ambitions canon, supporting canon, or historical canon with explicit precedence rules,yes,retain,retained,Classified by active 3.0 source order and archive policy.
"docs/canon/Ambitions_Master_Product_Visual_System_Spec_v2.md",active-canon,Product canon,Ambitions canon, supporting canon, or historical canon with explicit precedence rules,yes,retain,retained,Classified by active 3.0 source order and archive policy.
"docs/canon/Ambitions_Master_Product_Visual_System_v2_Decision_Addendum_2026_04_30.md",active-canon,Product canon,Ambitions canon, supporting canon, or historical canon with explicit precedence rules,yes,retain,retained,Classified by active 3.0 source order and archive policy.
"docs/canon/Ambitions_OS_Master_Roadmap.md",active-canon,Product canon,Ambitions canon, supporting canon, or historical canon with explicit precedence rules,yes,retain,retained,Classified by active 3.0 source order and archive policy.
"docs/canon/Ambitions_Product_Addendum_Continuity_Reality_Execution.md",active-canon,Product canon,Ambitions canon, supporting canon, or historical canon with explicit precedence rules,yes,retain,retained,Classified by active 3.0 source order and archive policy.
"docs/canon/Ambitions_State_Continuity_Mesh.md",active-canon,Product canon,Ambitions canon, supporting canon, or historical canon with explicit precedence rules,yes,retain,retained,Classified by active 3.0 source order and archive policy.
"docs/canon/Ambitions_Surgical_Execution_Plan.md",active-canon,Product canon,Ambitions canon, supporting canon, or historical canon with explicit precedence rules,yes,retain,retained,Classified by active 3.0 source order and archive policy.
"docs/canon/Ambitions_Visual_QA_Red_Team_Audit.md",active-canon,Product canon,Ambitions canon, supporting canon, or historical canon with explicit precedence rules,yes,retain,retained,Classified by active 3.0 source order and archive policy.
"docs/canon/CANON_CONSOLIDATION_GAP_AUDIT.md",active-canon,Product canon,Ambitions canon, supporting canon, or historical canon with explicit precedence rules,yes,retain,retained,Classified by active 3.0 source order and archive policy.
"docs/canon/CAPTURE_SMART_ATTACHMENT.md",active-canon,Product canon,Ambitions canon, supporting canon, or historical canon with explicit precedence rules,yes,retain,retained,Classified by active 3.0 source order and archive policy.
"docs/canon/DATA_LOCAL_SYNC_EXPORT.md",active-canon,Product canon,Ambitions canon, supporting canon, or historical canon with explicit precedence rules,yes,retain,retained,Classified by active 3.0 source order and archive policy.
"docs/canon/DOCS_RECONCILIATION_REVIEW.md",active-canon,Product canon,Ambitions canon, supporting canon, or historical canon with explicit precedence rules,yes,retain,retained,Classified by active 3.0 source order and archive policy.
"docs/canon/DOMAIN_MODEL.md",active-canon,Product canon,Ambitions canon, supporting canon, or historical canon with explicit precedence rules,yes,retain,retained,Classified by active 3.0 source order and archive policy.
"docs/canon/Documentation_Cleanup_Audit.md",active-canon,Product canon,Ambitions canon, supporting canon, or historical canon with explicit precedence rules,yes,retain,retained,Classified by active 3.0 source order and archive policy.
"docs/canon/EMPTY_ERROR_RECOVERY_STATES.md",active-canon,Product canon,Ambitions canon, supporting canon, or historical canon with explicit precedence rules,yes,retain,retained,Classified by active 3.0 source order and archive policy.
"docs/canon/EXTERNAL_SURFACES_NOTIFICATIONS_WIDGETS.md",active-canon,Product canon,Ambitions canon, supporting canon, or historical canon with explicit precedence rules,yes,retain,retained,Classified by active 3.0 source order and archive policy.
"docs/canon/GOALS_GOAL_DETAIL.md",active-canon,Product canon,Ambitions canon, supporting canon, or historical canon with explicit precedence rules,yes,retain,retained,Classified by active 3.0 source order and archive policy.
"docs/canon/GOAL_PLAN_TASK_LIFECYCLE.md",active-canon,Product canon,Ambitions canon, supporting canon, or historical canon with explicit precedence rules,yes,retain,retained,Classified by active 3.0 source order and archive policy.
"docs/canon/GOLDEN_LAUNCH_LOOP.md",active-canon,Product canon,Ambitions canon, supporting canon, or historical canon with explicit precedence rules,yes,retain,retained,Classified by active 3.0 source order and archive policy.
"docs/canon/HUMAN_LANGUAGE_REVIEW.md",active-canon,Product canon,Ambitions canon, supporting canon, or historical canon with explicit precedence rules,yes,retain,retained,Classified by active 3.0 source order and archive policy.
"docs/canon/IA_NAVIGATION_DRILLDOWN.md",active-canon,Product canon,Ambitions canon, supporting canon, or historical canon with explicit precedence rules,yes,retain,retained,Classified by active 3.0 source order and archive policy.
"docs/canon/IMPLEMENTATION_ACCEPTANCE_GATES.md",active-canon,Product canon,Ambitions canon, supporting canon, or historical canon with explicit precedence rules,yes,retain,retained,Classified by active 3.0 source order and archive policy.
"docs/canon/INTELLIGENCE_AUTOMATION_SUGGESTIONS.md",active-canon,Product canon,Ambitions canon, supporting canon, or historical canon with explicit precedence rules,yes,retain,retained,Classified by active 3.0 source order and archive policy.
"docs/canon/LAUNCH_SCOPE_MVP_QUALITY_BAR.md",active-canon,Product canon,Ambitions canon, supporting canon, or historical canon with explicit precedence rules,yes,retain,retained,Classified by active 3.0 source order and archive policy.
"docs/canon/MONETIZATION_PRICING_BUSINESS_MODEL.md",active-canon,Product canon,Ambitions canon, supporting canon, or historical canon with explicit precedence rules,yes,retain,retained,Classified by active 3.0 source order and archive policy.
"docs/canon/ONBOARDING_SPEC.md",active-canon,Product canon,Ambitions canon, supporting canon, or historical canon with explicit precedence rules,yes,retain,retained,Classified by active 3.0 source order and archive policy.
"docs/canon/PLAN_CALENDAR_BELIEVABILITY.md",active-canon,Product canon,Ambitions canon, supporting canon, or historical canon with explicit precedence rules,yes,retain,retained,Classified by active 3.0 source order and archive policy.
"docs/canon/POST_D26_MATURITY_ROADMAP.md",active-canon,Product canon,Ambitions canon, supporting canon, or historical canon with explicit precedence rules,yes,retain,retained,Classified by active 3.0 source order and archive policy.
"docs/canon/PRODUCT_DECISIONS.md",active-canon,Product canon,Ambitions canon, supporting canon, or historical canon with explicit precedence rules,yes,retain,retained,Classified by active 3.0 source order and archive policy.
"docs/canon/README.md",active-canon,Product canon,Ambitions canon, supporting canon, or historical canon with explicit precedence rules,yes,retain,retained,Classified by active 3.0 source order and archive policy.
"docs/canon/ROADMAP_BATCH_CLASSIFICATION.md",active-canon,Product canon,Ambitions canon, supporting canon, or historical canon with explicit precedence rules,yes,retain,retained,Classified by active 3.0 source order and archive policy.
"docs/canon/ROADMAP_BATCH_GOVERNANCE.md",active-canon,Product canon,Ambitions canon, supporting canon, or historical canon with explicit precedence rules,yes,retain,retained,Classified by active 3.0 source order and archive policy.
"docs/canon/SOURCE_OF_TRUTH_MAP.md",active-canon,Product canon,Ambitions canon, supporting canon, or historical canon with explicit precedence rules,yes,retain,retained,Classified by active 3.0 source order and archive policy.
"docs/canon/TODAY_NOW_STATE.md",active-canon,Product canon,Ambitions canon, supporting canon, or historical canon with explicit precedence rules,yes,retain,retained,Classified by active 3.0 source order and archive policy.
"docs/canon/TRUST_PRIVACY_MEMORY.md",active-canon,Product canon,Ambitions canon, supporting canon, or historical canon with explicit precedence rules,yes,retain,retained,Classified by active 3.0 source order and archive policy.
"docs/canon/VISUAL_SYSTEM_COMPONENTS_MOTION.md",active-canon,Product canon,Ambitions canon, supporting canon, or historical canon with explicit precedence rules,yes,retain,retained,Classified by active 3.0 source order and archive policy.
"docs/canon/YOU_PROFILE_REVIEWS.md",active-canon,Product canon,Ambitions canon, supporting canon, or historical canon with explicit precedence rules,yes,retain,retained,Classified by active 3.0 source order and archive policy.
"docs/canon/design/Ambitions_Design_Constitution.md",active-canon,Product canon,Ambitions canon, supporting canon, or historical canon with explicit precedence rules,yes,retain,retained,Classified by active 3.0 source order and archive policy.
"docs/canon/design/DESIGN_TOKENS.md",active-canon,Product canon,Ambitions canon, supporting canon, or historical canon with explicit precedence rules,yes,retain,retained,Classified by active 3.0 source order and archive policy.
"docs/canon/design/README.md",active-canon,Product canon,Ambitions canon, supporting canon, or historical canon with explicit precedence rules,yes,retain,retained,Classified by active 3.0 source order and archive policy.
"docs/canon/design/accessibility-nutrition-screen-matrix.md",active-canon,Product canon,Ambitions canon, supporting canon, or historical canon with explicit precedence rules,yes,retain,retained,Classified by active 3.0 source order and archive policy.
"docs/canon/design/component-contract-matrix.md",active-canon,Product canon,Ambitions canon, supporting canon, or historical canon with explicit precedence rules,yes,retain,retained,Classified by active 3.0 source order and archive policy.
"docs/canon/design/external-surfaces-contract.md",active-canon,Product canon,Ambitions canon, supporting canon, or historical canon with explicit precedence rules,yes,retain,retained,Classified by active 3.0 source order and archive policy.
"docs/canon/design/grouped-navigation-list-spec.md",active-canon,Product canon,Ambitions canon, supporting canon, or historical canon with explicit precedence rules,yes,retain,retained,Classified by active 3.0 source order and archive policy.
"docs/canon/design/panel-density-size-spec.md",active-canon,Product canon,Ambitions canon, supporting canon, or historical canon with explicit precedence rules,yes,retain,retained,Classified by active 3.0 source order and archive policy.
"docs/canon/design/screen-contract-matrix.md",active-canon,Product canon,Ambitions canon, supporting canon, or historical canon with explicit precedence rules,yes,retain,retained,Classified by active 3.0 source order and archive policy.
"docs/canon/design/smart-attachment-spec.md",active-canon,Product canon,Ambitions canon, supporting canon, or historical canon with explicit precedence rules,yes,retain,retained,Classified by active 3.0 source order and archive policy.
"docs/canon/design/ux-writing-state-language-matrix.md",active-canon,Product canon,Ambitions canon, supporting canon, or historical canon with explicit precedence rules,yes,retain,retained,Classified by active 3.0 source order and archive policy.
"docs/codex/AMBITIONS_3_0_BATCH_TRAIN_ORCHESTRATOR.md",implementation-control,Repo operations,Codex, build, validation, skill, or repository operating documentation,yes,retain,retained,Operational handoff/control surface.
"docs/codex/AMBITIONS_3_0_CONTEXT_LOADING_AND_TASK_ROUTING.md",implementation-control,Repo operations,Codex, build, validation, skill, or repository operating documentation,yes,retain,retained,Operational handoff/control surface.
"docs/codex/AMBITIONS_3_0_LARGE_BATCH_AND_COMPACT_RECOVERY_PROTOCOL.md",implementation-control,Repo operations,Codex, build, validation, skill, or repository operating documentation,yes,retain,retained,Operational handoff/control surface.
"docs/codex/AMBITIONS_3_0_PARALLEL_CODEX_WORKTREE_PROTOCOL.md",implementation-control,Repo operations,Codex, build, validation, skill, or repository operating documentation,yes,retain,retained,Operational handoff/control surface.
"docs/codex/AMBITIONS_3_0_PROMPT_QUALITY_RUBRIC.md",implementation-control,Repo operations,Codex, build, validation, skill, or repository operating documentation,yes,retain,retained,Operational handoff/control surface.
"docs/codex/AMBITIONS_3_0_RUN_STATE_PROTOCOL.md",implementation-control,Repo operations,Codex, build, validation, skill, or repository operating documentation,yes,retain,retained,Operational handoff/control surface.
"docs/codex/AMBITIONS_3_0_SKILL_SYSTEM_INDEX.md",implementation-control,Repo operations,Codex, build, validation, skill, or repository operating documentation,yes,retain,retained,Operational handoff/control surface.
"docs/codex/Ambitions_2_0_Codex_Execution_Guide.md",implementation-control,Repo operations,Codex, build, validation, skill, or repository operating documentation,yes,retain,retained,Operational handoff/control surface.
"docs/codex/BATCH_F03_5_TODAY_ARCHITECTURE_HARDENING_PROMPT.md",implementation-control,Repo operations,Codex, build, validation, skill, or repository operating documentation,yes,retain,retained,Operational handoff/control surface.
"docs/codex/BATCH_F13_5_GOALS_YOU_TRUST_ARCHITECTURE_CHECKPOINT_PROMPT.md",implementation-control,Repo operations,Codex, build, validation, skill, or repository operating documentation,yes,retain,retained,Operational handoff/control surface.
"docs/codex/BATCH_F16_5_SWIFTUI_ARCHITECTURE_HARDENING_PROMPT.md",implementation-control,Repo operations,Codex, build, validation, skill, or repository operating documentation,yes,retain,retained,Operational handoff/control surface.
"docs/codex/BATCH_F17_SHELL_MERIDIAN_PLANNING_PROMPT.md",implementation-control,Repo operations,Codex, build, validation, skill, or repository operating documentation,yes,retain,retained,Operational handoff/control surface.
"docs/codex/BATCH_REGISTRY.md",implementation-control,Repo operations,Codex, build, validation, skill, or repository operating documentation,yes,retain,retained,Operational handoff/control surface.
"docs/codex/BATCH_TRAIN_F04_F06_PROMPT.md",implementation-control,Repo operations,Codex, build, validation, skill, or repository operating documentation,yes,retain,retained,Operational handoff/control surface.
"docs/codex/BATCH_TRAIN_F07_F09_PROMPT.md",implementation-control,Repo operations,Codex, build, validation, skill, or repository operating documentation,yes,retain,retained,Operational handoff/control surface.
"docs/codex/BATCH_TRAIN_F10_F12_PROMPT.md",implementation-control,Repo operations,Codex, build, validation, skill, or repository operating documentation,yes,retain,retained,Operational handoff/control surface.
"docs/codex/BATCH_TRAIN_F13_F14_PROMPT.md",implementation-control,Repo operations,Codex, build, validation, skill, or repository operating documentation,yes,retain,retained,Operational handoff/control surface.
"docs/codex/BATCH_TRAIN_F15_F16_F16_5_PROMPT.md",implementation-control,Repo operations,Codex, build, validation, skill, or repository operating documentation,yes,retain,retained,Operational handoff/control surface.
"docs/codex/BATCH_TRAIN_F17_F30_FAANG_HANDOFF_PROMPT.md",implementation-control,Repo operations,Codex, build, validation, skill, or repository operating documentation,yes,retain,retained,Operational handoff/control surface.
"docs/codex/BATCH_TRAIN_RUNNER_PROMPT.md",implementation-control,Repo operations,Codex, build, validation, skill, or repository operating documentation,yes,retain,retained,Operational handoff/control surface.
"docs/codex/CONTEXT_INDEX.md",implementation-control,Repo operations,Codex, build, validation, skill, or repository operating documentation,yes,retain,retained,Operational handoff/control surface.
"docs/codex/FAANG_HANDOFF_REPO_CLEANUP_PROMPT.md",implementation-control,Repo operations,Codex, build, validation, skill, or repository operating documentation,yes,retain,retained,Operational handoff/control surface.
"docs/codex/FREE_WORKFLOW_OPERATING_SYSTEM.md",implementation-control,Repo operations,Codex, build, validation, skill, or repository operating documentation,yes,retain,retained,Operational handoff/control surface.
"docs/codex/Human_Release_Review_Handoff.md",implementation-control,Repo operations,Codex, build, validation, skill, or repository operating documentation,yes,retain,retained,Operational handoff/control surface.
"docs/codex/Launch_Operator_Runbook.md",implementation-control,Repo operations,Codex, build, validation, skill, or repository operating documentation,yes,retain,retained,Operational handoff/control surface.
"docs/codex/MAC_CODEX_5_5_TOOLCHAIN_SETUP.md",implementation-control,Repo operations,Codex, build, validation, skill, or repository operating documentation,yes,retain,retained,Operational handoff/control surface.
"docs/codex/MAC_SESSION_BOOT_PROMPT.md",implementation-control,Repo operations,Codex, build, validation, skill, or repository operating documentation,yes,retain,retained,Operational handoff/control surface.
"docs/codex/MASTER_AMBITIONS_3_0_CODEX_PROMPT.md",implementation-control,Repo operations,Codex, build, validation, skill, or repository operating documentation,yes,retain,retained,Operational handoff/control surface.
"docs/codex/MASTER_CODEX_SYSTEM.md",implementation-control,Repo operations,Codex, build, validation, skill, or repository operating documentation,yes,retain,retained,Operational handoff/control surface.
"docs/codex/README.md",implementation-control,Repo operations,Codex, build, validation, skill, or repository operating documentation,yes,retain,retained,Operational handoff/control surface.
"docs/codex/Release_Candidate_Review_Checklist.md",implementation-control,Repo operations,Codex, build, validation, skill, or repository operating documentation,yes,retain,retained,Operational handoff/control surface.
"docs/codex/batch-trains/F03_5_Today_Architecture_Hardening.md",implementation-control,Repo operations,Codex, build, validation, skill, or repository operating documentation,yes,retain,retained,Operational handoff/control surface.
"docs/codex/batch-trains/F04_F06_Step_Closure_Proof_Train.md",implementation-control,Repo operations,Codex, build, validation, skill, or repository operating documentation,yes,retain,retained,Operational handoff/control surface.
"docs/codex/batch-trains/F07_F09_Capture_Placement_Train.md",implementation-control,Repo operations,Codex, build, validation, skill, or repository operating documentation,yes,retain,retained,Operational handoff/control surface.
"docs/codex/batch-trains/F10_F12_Plan_Life_Suite_Train.md",implementation-control,Repo operations,Codex, build, validation, skill, or repository operating documentation,yes,retain,retained,Operational handoff/control surface.
"docs/codex/batch-trains/F13_F14_Goals_You_Trust_Train.md",implementation-control,Repo operations,Codex, build, validation, skill, or repository operating documentation,yes,retain,retained,Operational handoff/control surface.
"docs/codex/batch-trains/F15_F16_F16_5_Legacy_UI_Architecture_Train.md",implementation-control,Repo operations,Codex, build, validation, skill, or repository operating documentation,yes,retain,retained,Operational handoff/control surface.
"docs/codex/batch-trains/F17_F30_FAANG_HANDOFF_COMPLETION_TRAIN.md",implementation-control,Repo operations,Codex, build, validation, skill, or repository operating documentation,yes,retain,retained,Operational handoff/control surface.
"docs/codex/batch-trains/F17_Shell_Meridian_Train.md",implementation-control,Repo operations,Codex, build, validation, skill, or repository operating documentation,yes,retain,retained,Operational handoff/control surface.
"docs/codex/batch-trains/README.md",implementation-control,Repo operations,Codex, build, validation, skill, or repository operating documentation,yes,retain,retained,Operational handoff/control surface.
"docs/codex/batches/BATCH-00-repo-operating-system.md",implementation-control,Repo operations,Codex, build, validation, skill, or repository operating documentation,yes,retain,retained,Operational handoff/control surface.
"docs/codex/batches/BATCH-01-pre-phase9-cleanup-and-captures-tab.md",implementation-control,Repo operations,Codex, build, validation, skill, or repository operating documentation,yes,retain,retained,Operational handoff/control surface.
"docs/codex/batches/BATCH-02-delete-legacy-typescript-runtime.md",implementation-control,Repo operations,Codex, build, validation, skill, or repository operating documentation,yes,retain,retained,Operational handoff/control surface.
"docs/codex/batches/BATCH-03-canon-batch-1-domain-foundation.md",implementation-control,Repo operations,Codex, build, validation, skill, or repository operating documentation,yes,retain,retained,Operational handoff/control surface.
"docs/codex/batches/BATCH-04-canon-batch-2-first-class-capture-core.md",implementation-control,Repo operations,Codex, build, validation, skill, or repository operating documentation,yes,retain,retained,Operational handoff/control surface.
"docs/codex/batches/BATCH-05-canon-batch-3-planning-engine-v2.md",implementation-control,Repo operations,Codex, build, validation, skill, or repository operating documentation,yes,retain,retained,Operational handoff/control surface.
"docs/codex/batches/BATCH-06-canon-batch-4-recovery-engine.md",implementation-control,Repo operations,Codex, build, validation, skill, or repository operating documentation,yes,retain,retained,Operational handoff/control surface.
"docs/codex/batches/BATCH-07-canon-batch-5a-time-orchestration-write-paths.md",implementation-control,Repo operations,Codex, build, validation, skill, or repository operating documentation,yes,retain,retained,Operational handoff/control surface.
"docs/codex/batches/BATCH-08-canon-batch-5b-time-orchestration-read-paths.md",implementation-control,Repo operations,Codex, build, validation, skill, or repository operating documentation,yes,retain,retained,Operational handoff/control surface.
"docs/codex/batches/BATCH-09-canon-batch-6-external-action-infrastructure.md",implementation-control,Repo operations,Codex, build, validation, skill, or repository operating documentation,yes,retain,retained,Operational handoff/control surface.
"docs/codex/batches/BATCH-10-canon-batch-7-ambient-surfaces-bundle.md",implementation-control,Repo operations,Codex, build, validation, skill, or repository operating documentation,yes,retain,retained,Operational handoff/control surface.
"docs/codex/batches/BATCH-11-canon-batch-8-ritual-os.md",implementation-control,Repo operations,Codex, build, validation, skill, or repository operating documentation,yes,retain,retained,Operational handoff/control surface.
"docs/codex/batches/BATCH-12-canon-batch-9-sync-trust-foundation.md",implementation-control,Repo operations,Codex, build, validation, skill, or repository operating documentation,yes,retain,retained,Operational handoff/control surface.
"docs/codex/batches/BATCH-13-canon-batch-10-life-graph-foundation.md",implementation-control,Repo operations,Codex, build, validation, skill, or repository operating documentation,yes,retain,retained,Operational handoff/control surface.
"docs/codex/batches/BATCH-14-canon-batch-11-path-systems-foundation.md",implementation-control,Repo operations,Codex, build, validation, skill, or repository operating documentation,yes,retain,retained,Operational handoff/control surface.
"docs/codex/batches/BATCH-15-canon-batch-12-learning-and-anticipation-engine.md",implementation-control,Repo operations,Codex, build, validation, skill, or repository operating documentation,yes,retain,retained,Operational handoff/control surface.
"docs/codex/batches/BATCH-16-canon-batch-13-shared-life-household-intelligence.md",implementation-control,Repo operations,Codex, build, validation, skill, or repository operating documentation,yes,retain,retained,Operational handoff/control surface.
"docs/codex/batches/BATCH-17-canon-batch-14-runtime-separation.md",implementation-control,Repo operations,Codex, build, validation, skill, or repository operating documentation,yes,retain,retained,Operational handoff/control surface.
"docs/codex/batches/BATCH-18-canon-batch-15-dedicated-device-prototype.md",implementation-control,Repo operations,Codex, build, validation, skill, or repository operating documentation,yes,retain,retained,Operational handoff/control surface.
"docs/codex/batches/BATCH-19-ambitions-2.0-canon-reset.md",implementation-control,Repo operations,Codex, build, validation, skill, or repository operating documentation,yes,retain,retained,Operational handoff/control surface.
"docs/codex/batches/BATCH-20-knowledge-provider-boundary.md",implementation-control,Repo operations,Codex, build, validation, skill, or repository operating documentation,yes,retain,retained,Operational handoff/control surface.
"docs/codex/batches/BATCH-21-external-knowledge-ingestion-core.md",implementation-control,Repo operations,Codex, build, validation, skill, or repository operating documentation,yes,retain,retained,Operational handoff/control surface.
"docs/codex/batches/BATCH-22-clarification-and-ambiguity-engine.md",implementation-control,Repo operations,Codex, build, validation, skill, or repository operating documentation,yes,retain,retained,Operational handoff/control surface.
"docs/codex/batches/BATCH-23-generalized-goal-understanding-contracts.md",implementation-control,Repo operations,Codex, build, validation, skill, or repository operating documentation,yes,retain,retained,Operational handoff/control surface.
"docs/codex/batches/BATCH-24-path-compiler-foundation.md",implementation-control,Repo operations,Codex, build, validation, skill, or repository operating documentation,yes,retain,retained,Operational handoff/control surface.
"docs/codex/batches/BATCH-25-domain-pack-framework.md",implementation-control,Repo operations,Codex, build, validation, skill, or repository operating documentation,yes,retain,retained,Operational handoff/control surface.
"docs/codex/batches/BATCH-26-resource-graph-and-source-ranking.md",implementation-control,Repo operations,Codex, build, validation, skill, or repository operating documentation,yes,retain,retained,Operational handoff/control surface.
"docs/codex/batches/BATCH-27-update-and-freshness-engine.md",implementation-control,Repo operations,Codex, build, validation, skill, or repository operating documentation,yes,retain,retained,Operational handoff/control surface.
"docs/codex/batches/BATCH-28-energy-model-foundation.md",implementation-control,Repo operations,Codex, build, validation, skill, or repository operating documentation,yes,retain,retained,Operational handoff/control surface.
"docs/codex/batches/BATCH-29-energy-learning-and-ranking.md",implementation-control,Repo operations,Codex, build, validation, skill, or repository operating documentation,yes,retain,retained,Operational handoff/control surface.
"docs/codex/batches/BATCH-30-contradiction-engine.md",implementation-control,Repo operations,Codex, build, validation, skill, or repository operating documentation,yes,retain,retained,Operational handoff/control surface.
"docs/codex/batches/BATCH-31-correction-and-teaching-loop.md",implementation-control,Repo operations,Codex, build, validation, skill, or repository operating documentation,yes,retain,retained,Operational handoff/control surface.
"docs/codex/batches/BATCH-32-explainability-and-source-audit-surfaces.md",implementation-control,Repo operations,Codex, build, validation, skill, or repository operating documentation,yes,retain,retained,Operational handoff/control surface.
"docs/codex/batches/BATCH-33-intelligence-runtime-integration.md",implementation-control,Repo operations,Codex, build, validation, skill, or repository operating documentation,yes,retain,retained,Operational handoff/control surface.
"docs/codex/batches/BATCH-34-product-shell-integration.md",implementation-control,Repo operations,Codex, build, validation, skill, or repository operating documentation,yes,retain,retained,Operational handoff/control surface.
"docs/codex/batches/BATCH-35-post-2.0-hardening-shell-truth-navigation-and-plan-canon-recovery.md",implementation-control,Repo operations,Codex, build, validation, skill, or repository operating documentation,yes,retain,retained,Operational handoff/control surface.
"docs/codex/batches/BATCH-36-post-2.0-hardening-trust-extensions-and-external-surface-validation.md",implementation-control,Repo operations,Codex, build, validation, skill, or repository operating documentation,yes,retain,retained,Operational handoff/control surface.
"docs/codex/batches/BATCH-37-post-2.0-hardening-secondary-surface-productization.md",implementation-control,Repo operations,Codex, build, validation, skill, or repository operating documentation,yes,retain,retained,Operational handoff/control surface.
"docs/codex/batches/BATCH-38-post-2.0-hardening-repo-truth-regression-performance-and-release-readiness.md",implementation-control,Repo operations,Codex, build, validation, skill, or repository operating documentation,yes,retain,retained,Operational handoff/control surface.
"docs/codex/batches/F03_5_Today_Execution_State_Contract_Hardening_Prompt.md",implementation-control,Repo operations,Codex, build, validation, skill, or repository operating documentation,yes,retain,retained,Operational handoff/control surface.
"docs/codex/batches/F13_5_Goals_You_Trust_Architecture_Checkpoint_Prompt.md",implementation-control,Repo operations,Codex, build, validation, skill, or repository operating documentation,yes,retain,retained,Operational handoff/control surface.
"docs/codex/batches/F16_5_SwiftUI_Architecture_State_Contract_Hardening_Prompt.md",implementation-control,Repo operations,Codex, build, validation, skill, or repository operating documentation,yes,retain,retained,Operational handoff/control surface.
"docs/codex/batches/F17_Shell_Meridian_Planning_And_Readiness_Audit_Prompt.md",implementation-control,Repo operations,Codex, build, validation, skill, or repository operating documentation,yes,retain,retained,Operational handoff/control surface.
"docs/codex/batches/F18_5_Shell_Architecture_Hardening_Prompt.md",implementation-control,Repo operations,Codex, build, validation, skill, or repository operating documentation,yes,retain,retained,Operational handoff/control surface.
"docs/codex/batches/F18_Feature_Flagged_Meridian_Shell_Implementation_Prompt.md",implementation-control,Repo operations,Codex, build, validation, skill, or repository operating documentation,yes,retain,retained,Operational handoff/control surface.
"docs/codex/batches/F19_Shell_Route_Parity_Fallback_Safety_Prompt.md",implementation-control,Repo operations,Codex, build, validation, skill, or repository operating documentation,yes,retain,retained,Operational handoff/control surface.
"docs/codex/batches/F20_External_Surface_Privacy_Projection_Prompt.md",implementation-control,Repo operations,Codex, build, validation, skill, or repository operating documentation,yes,retain,retained,Operational handoff/control surface.
"docs/codex/batches/F21_5_UI_Flake_Reliability_Hardening_Prompt.md",implementation-control,Repo operations,Codex, build, validation, skill, or repository operating documentation,yes,retain,retained,Operational handoff/control surface.
"docs/codex/batches/F21_Full_UI_Smoke_Stabilization_Prompt.md",implementation-control,Repo operations,Codex, build, validation, skill, or repository operating documentation,yes,retain,retained,Operational handoff/control surface.
"docs/codex/batches/F22_5_Doc_QA_Backlog_Closure_Prompt.md",implementation-control,Repo operations,Codex, build, validation, skill, or repository operating documentation,yes,retain,retained,Operational handoff/control surface.
"docs/codex/batches/F22_Product_Language_And_Doc_QA_Final_Migration_Prompt.md",implementation-control,Repo operations,Codex, build, validation, skill, or repository operating documentation,yes,retain,retained,Operational handoff/control surface.
"docs/codex/batches/F23_Accessibility_ADHD_Dynamic_Type_VoiceOver_QA_Prompt.md",implementation-control,Repo operations,Codex, build, validation, skill, or repository operating documentation,yes,retain,retained,Operational handoff/control surface.
"docs/codex/batches/F24_5_Privacy_Threat_Model_Closure_Prompt.md",implementation-control,Repo operations,Codex, build, validation, skill, or repository operating documentation,yes,retain,retained,Operational handoff/control surface.
"docs/codex/batches/F24_Privacy_Trust_Local_Data_Redaction_QA_Prompt.md",implementation-control,Repo operations,Codex, build, validation, skill, or repository operating documentation,yes,retain,retained,Operational handoff/control surface.
"docs/codex/batches/F25_Device_Performance_State_Restoration_Edge_Case_QA_Prompt.md",implementation-control,Repo operations,Codex, build, validation, skill, or repository operating documentation,yes,retain,retained,Operational handoff/control surface.
"docs/codex/batches/F26_App_Store_Marketing_Demo_Truth_Prompt.md",implementation-control,Repo operations,Codex, build, validation, skill, or repository operating documentation,yes,retain,retained,Operational handoff/control surface.
"docs/codex/batches/F27_Final_FAANG_Handoff_Gate_Rerun_Prompt.md",implementation-control,Repo operations,Codex, build, validation, skill, or repository operating documentation,yes,retain,retained,Operational handoff/control surface.
"docs/codex/batches/F28_FAANG_Handoff_Repair_Train_Prompt.md",implementation-control,Repo operations,Codex, build, validation, skill, or repository operating documentation,yes,retain,retained,Operational handoff/control surface.
"docs/codex/batches/F29_Final_Handoff_Package_And_Engineer_Onboarding_Prompt.md",implementation-control,Repo operations,Codex, build, validation, skill, or repository operating documentation,yes,retain,retained,Operational handoff/control surface.
"docs/codex/batches/F30_Beyond_3_0_Continuation_Plan_Prompt.md",implementation-control,Repo operations,Codex, build, validation, skill, or repository operating documentation,yes,retain,retained,Operational handoff/control surface.
"docs/codex/batches/README.md",implementation-control,Repo operations,Codex, build, validation, skill, or repository operating documentation,yes,retain,retained,Operational handoff/control surface.
"docs/codex/batches/batch-39.md",implementation-control,Repo operations,Codex, build, validation, skill, or repository operating documentation,yes,retain,retained,Operational handoff/control surface.
"docs/codex/batches/batch-40.md",implementation-control,Repo operations,Codex, build, validation, skill, or repository operating documentation,yes,retain,retained,Operational handoff/control surface.
"docs/codex/batches/batch-41.md",implementation-control,Repo operations,Codex, build, validation, skill, or repository operating documentation,yes,retain,retained,Operational handoff/control surface.
"docs/codex/batches/batch-42.md",implementation-control,Repo operations,Codex, build, validation, skill, or repository operating documentation,yes,retain,retained,Operational handoff/control surface.
"docs/codex/batches/batch-43.md",implementation-control,Repo operations,Codex, build, validation, skill, or repository operating documentation,yes,retain,retained,Operational handoff/control surface.
"docs/codex/batches/batch-44.md",implementation-control,Repo operations,Codex, build, validation, skill, or repository operating documentation,yes,retain,retained,Operational handoff/control surface.
"docs/codex/batches/batch-45.md",implementation-control,Repo operations,Codex, build, validation, skill, or repository operating documentation,yes,retain,retained,Operational handoff/control surface.
"docs/codex/batches/batch-46.md",implementation-control,Repo operations,Codex, build, validation, skill, or repository operating documentation,yes,retain,retained,Operational handoff/control surface.
"docs/codex/batches/batch-47.md",implementation-control,Repo operations,Codex, build, validation, skill, or repository operating documentation,yes,retain,retained,Operational handoff/control surface.
"docs/codex/batches/batch-48.md",implementation-control,Repo operations,Codex, build, validation, skill, or repository operating documentation,yes,retain,retained,Operational handoff/control surface.
"docs/codex/batches/batch-49.md",implementation-control,Repo operations,Codex, build, validation, skill, or repository operating documentation,yes,retain,retained,Operational handoff/control surface.
"docs/codex/batches/batch-50.md",implementation-control,Repo operations,Codex, build, validation, skill, or repository operating documentation,yes,retain,retained,Operational handoff/control surface.
"docs/codex/batches/batch-51.md",implementation-control,Repo operations,Codex, build, validation, skill, or repository operating documentation,yes,retain,retained,Operational handoff/control surface.
"docs/codex/batches/batch-52.md",implementation-control,Repo operations,Codex, build, validation, skill, or repository operating documentation,yes,retain,retained,Operational handoff/control surface.
"docs/codex/batches/batch-53.md",implementation-control,Repo operations,Codex, build, validation, skill, or repository operating documentation,yes,retain,retained,Operational handoff/control surface.
"docs/codex/batches/batch-54.md",implementation-control,Repo operations,Codex, build, validation, skill, or repository operating documentation,yes,retain,retained,Operational handoff/control surface.
"docs/codex/batches/batch-55.md",implementation-control,Repo operations,Codex, build, validation, skill, or repository operating documentation,yes,retain,retained,Operational handoff/control surface.
"docs/codex/batches/batch-56.md",implementation-control,Repo operations,Codex, build, validation, skill, or repository operating documentation,yes,retain,retained,Operational handoff/control surface.
"docs/codex/batches/batch-57.md",implementation-control,Repo operations,Codex, build, validation, skill, or repository operating documentation,yes,retain,retained,Operational handoff/control surface.
"docs/codex/batches/batch-58.md",implementation-control,Repo operations,Codex, build, validation, skill, or repository operating documentation,yes,retain,retained,Operational handoff/control surface.
"docs/codex/batches/batch-59.md",implementation-control,Repo operations,Codex, build, validation, skill, or repository operating documentation,yes,retain,retained,Operational handoff/control surface.
"docs/codex/batches/batch-60.md",implementation-control,Repo operations,Codex, build, validation, skill, or repository operating documentation,yes,retain,retained,Operational handoff/control surface.
"docs/codex/repo-audit-baseline.md",implementation-control,Repo operations,Codex, build, validation, skill, or repository operating documentation,yes,retain,retained,Operational handoff/control surface.
"docs/external-surface-snapshot-contract.md",implementation-control,Documentation,Supporting documentation linked or governed by docs index and Ambitions 3.0 precedence,yes,retain,retained,Supporting docs retained under active precedence rules.
"docs/goal-engine-contract-notes.md",implementation-control,Documentation,Supporting documentation linked or governed by docs index and Ambitions 3.0 precedence,yes,retain,retained,Supporting docs retained under active precedence rules.
"docs/implementation-backlog.md",implementation-control,Documentation,Supporting documentation linked or governed by docs index and Ambitions 3.0 precedence,yes,retain,retained,Supporting docs retained under active precedence rules.
"docs/local-notification-simulator-testing.md",implementation-control,Documentation,Supporting documentation linked or governed by docs index and Ambitions 3.0 precedence,yes,retain,retained,Supporting docs retained under active precedence rules.
"docs/marketing/Ambitions_3_0_App_Store_Truth_Packet.md",implementation-control,Release evidence,Release, demo, marketing, or presentation evidence with truth constraints,yes,retain,retained,Evidence-bound release/supporting material.
"docs/marketing/Ambitions_3_0_Demo_Script.md",implementation-control,Release evidence,Release, demo, marketing, or presentation evidence with truth constraints,yes,retain,retained,Evidence-bound release/supporting material.
"docs/native-build-and-release.md",implementation-control,Documentation,Supporting documentation linked or governed by docs index and Ambitions 3.0 precedence,yes,retain,retained,Supporting docs retained under active precedence rules.
"docs/permissions-privacy-foundation.md",implementation-control,Documentation,Supporting documentation linked or governed by docs index and Ambitions 3.0 precedence,yes,retain,retained,Supporting docs retained under active precedence rules.
"docs/presentations/frontend-transformation-investor-deck/Ambitions_Frontend_Transformation_Investor_Deck_Batches_39_59.pptx",implementation-control,Release evidence,Release, demo, marketing, or presentation evidence with truth constraints,yes,retain,retained,Evidence-bound release/supporting material.
"docs/presentations/frontend-transformation-investor-deck/output.pptx",implementation-control,Release evidence,Release, demo, marketing, or presentation evidence with truth constraints,yes,retain,retained,Evidence-bound release/supporting material.
"docs/review/D02_TERMINOLOGY_REVIEW_CHECKLIST.md",implementation-control,Documentation,Supporting documentation linked or governed by docs index and Ambitions 3.0 precedence,yes,retain,retained,Supporting docs retained under active precedence rules.
"docs/review/FRICTION_LOG.md",implementation-control,Documentation,Supporting documentation linked or governed by docs index and Ambitions 3.0 precedence,yes,retain,retained,Supporting docs retained under active precedence rules.
"docs/review/VISUAL_REVIEW_CHECKLIST.md",implementation-control,Documentation,Supporting documentation linked or governed by docs index and Ambitions 3.0 precedence,yes,retain,retained,Supporting docs retained under active precedence rules.
"docs/widget-live-activity-manual-testing.md",implementation-control,Documentation,Supporting documentation linked or governed by docs index and Ambitions 3.0 precedence,yes,retain,retained,Supporting docs retained under active precedence rules.
"project.yml",active-code,iOS engineering,Native Swift app, extension, shared UI, domain, service, persistence, package, or XcodeGen source,yes,retain,retained,Current native implementation path.
"scripts/batch-train-gate-check.sh",implementation-control,Repo operations,Codex, build, validation, skill, or repository operating documentation,yes,retain,retained,Operational handoff/control surface.
"scripts/batch-train-preflight.sh",implementation-control,Repo operations,Codex, build, validation, skill, or repository operating documentation,yes,retain,retained,Operational handoff/control surface.
"scripts/build-local.sh",implementation-control,Repo operations,Codex, build, validation, skill, or repository operating documentation,yes,retain,retained,Operational handoff/control surface.
"scripts/generate_ios_app_icons.ps1",implementation-control,Repo operations,Codex, build, validation, skill, or repository operating documentation,yes,retain,retained,Operational handoff/control surface.
"scripts/run-doc-qa.sh",implementation-control,Repo operations,Codex, build, validation, skill, or repository operating documentation,yes,retain,retained,Operational handoff/control surface.
"scripts/setup_macos_ios_dev.sh",implementation-control,Repo operations,Codex, build, validation, skill, or repository operating documentation,yes,retain,retained,Operational handoff/control surface.
"scripts/swiftui-architecture-scan.sh",implementation-control,Repo operations,Codex, build, validation, skill, or repository operating documentation,yes,retain,retained,Operational handoff/control surface.
"scripts/test-local.sh",implementation-control,Repo operations,Codex, build, validation, skill, or repository operating documentation,yes,retain,retained,Operational handoff/control surface.
"scripts/validate-dev-tools.sh",implementation-control,Repo operations,Codex, build, validation, skill, or repository operating documentation,yes,retain,retained,Operational handoff/control surface.
"skills-lock.json",implementation-control,Repo operations,Codex, build, validation, skill, or repository operating documentation,yes,retain,retained,Operational handoff/control surface.
