bafff3caa3f56f312522bc0f954b3167c38a82fb	2026-04-11T15:19:48-04:00	agentdevan	Foundation
31e57860ef9e340826869d3fb6dbc834b974875e	2026-04-11T15:58:23-04:00	agentdevan	phase 2
a90bdab7c9484d8f6d35a9958a6989860c32c457	2026-04-11T16:19:48-04:00	agentdevan	phase 3
c9e894eada871f1c4d76bf397cc5a20adcb52cc5	2026-04-11T16:41:16-04:00	agentdevan	Phase 4
f1168ebbedd88638e020870b9bca919d184a328c	2026-04-11T16:57:52-04:00	agentdevan	Phase 5
0bc1e6120a365a6d68db241576ac518b81cb31f7	2026-04-11T17:35:22-04:00	agentdevan	Phase 7
7652f556842479b1eb2485529a7bd1f71d9d7d74	2026-04-11T17:55:06-04:00	agentdevan	Phase 8
821e115bb9bf5d4258902c7cbf5c8bd59e142e6e	2026-04-11T18:03:57-04:00	agentdevan	Add master product spec for Ambitions
275d3cf7a40c9f1f39f406498b55b087c201103f	2026-04-11T18:05:48-04:00	agentdevan	Add correctly named master product spec for Ambitions
d8c8f7117761bf39972ea999dc29cb374db76fed	2026-04-11T18:08:04-04:00	agentdevan	Delete docs/AMBitions_MASTER_PRODUCT_SPEC.md
4ba1df6176d778acb711387ed4ea6d58f32d990d	2026-04-11T18:15:49-04:00	agentdevan	Phase 9
fa3f92c649d2312d9412e79e2418eaf395a02a49	2026-04-11T18:23:24-04:00	agentdevan	Merge branch 'main' of https://github.com/agentdevan/ambitions
417e66d449884c231b2f5247cb76161623a9e73f	2026-04-11T18:28:56-04:00	agentdevan	Create refreshed master spec snapshot with Phase 9 completion and locked Phase 10 planning rules
36058754b733bd40a41e5236d5b52b198b171eaa	2026-04-11T18:52:09-04:00	agentdevan	Phase 10
38c98a5d835ac3d6567dec00662a3d623c16fdb9	2026-04-11T19:08:15-04:00	agentdevan	Create master spec v3 with Phase 10 complete and locked Phase 11 planning rules
71fcd5cec51fed499305f490a90eb93048436fb7	2026-04-11T19:28:15-04:00	agentdevan	phase 11
676f92f92c2b79ac7454d6eaf4140731247f191b	2026-04-11T19:28:49-04:00	agentdevan	Merge branch 'main' of https://github.com/agentdevan/ambitions
65979625a29a7c348db20f48a3ea533cf7c0d8c1	2026-04-11T19:40:23-04:00	agentdevan	Create master spec v4 with Phase 11 complete and locked UI reality enforcement phase
10a2d5eceb211a5de5004753454960e8dea63ad1	2026-04-11T19:52:09-04:00	agentdevan	phase 11.5
a403af959a14d93c682a235baf90cebce05bd3c1	2026-04-11T19:52:36-04:00	agentdevan	Merge branch 'main' of https://github.com/agentdevan/ambitions
2b2c0326842b150459dc42ea72612eed8553d54d	2026-04-11T20:04:33-04:00	agentdevan	phase 11.6
7ecaa91f13453531af12999b5717b6aec3fdb0b9	2026-04-11T20:29:49-04:00	agentdevan	Polish product surfaces across core screens
45f4673ae0512dda456b7a3e279409785528bb09	2026-04-12T08:57:36-04:00	agentdevan	Create master spec v5 for hard visual UI replacement pass
8b754d5f0727383d902c5b25e781619d64196634	2026-04-12T09:26:14-04:00	agentdevan	Replace row-based UI with product card layouts
d008dd6e5ca620de2c181755fd964bb111b726bb	2026-04-12T09:27:10-04:00	agentdevan	Merge branch 'main' of https://github.com/agentdevan/ambitions
9942475b40ae4f121cf770441f6bf501f8ae6842	2026-04-12T09:51:41-04:00	agentdevan	Create master spec v6 for primitive-first UI rebuild phase
349f79f0df343a420054d73c131d05e2da675e35	2026-04-12T10:09:17-04:00	agentdevan	phase 11.8
ae3953510d8d07269cbab120de0659394f19963f	2026-04-12T10:09:23-04:00	agentdevan	Merge branch 'main' of https://github.com/agentdevan/ambitions
938ed5d5f65cfed19d77f6e82e0ccabea81f1701	2026-04-12T10:21:43-04:00	agentdevan	date fix
593a1f3d1ef47e7770e1b03a66d7d9d8605e4c3c	2026-04-12T10:57:44-04:00	agentdevan	phase 11.10
b7d0a2ffdda30220e61e216243e02e11bb48b092	2026-04-12T11:14:38-04:00	agentdevan	Visual
52a4f7e271829d45d3ef641d1596f21a37db88eb	2026-04-12T12:57:38-04:00	agentdevan	global
3e09c41be5880f77d6fce66e8e9d4b52c6e7e383	2026-04-12T13:51:04-04:00	agentdevan	phase 9.5
40aa025b6c4be21a1dbd11a0ba15e15a21d6b26a	2026-04-12T14:19:54-04:00	agentdevan	Add master spec v7 with updated IA, profile, and roadmap decisions
71b650594e28b7fae13a9807138dc7281c0d6bfb	2026-04-12T14:35:25-04:00	agentdevan	phase 9.6
fdc9e5e5db4ed4b605a21f0c86979a9cc8c5a0db	2026-04-12T14:35:44-04:00	agentdevan	Merge branch 'main' of https://github.com/agentdevan/ambitions
7553a60fb8812023f6f3af70aa2b6a038fa28d5a	2026-04-12T14:51:08-04:00	agentdevan	Update
8b3ae2e694a50eea2fe96eb8ba4ef83ab2549363	2026-04-12T15:15:33-04:00	agentdevan	update
e19c0037863cb9bbe7eaaf14f555e63e92665e87	2026-04-12T15:32:24-04:00	agentdevan	Phase 10: rebuild app shell and drill-down navigation
f29c37e64668a507522c6016ee3e46ab0487a01f	2026-04-12T16:13:56-04:00	agentdevan	Phase 11: deepen drill-down detail and interaction polish
bc13adb0d1f1658b48dbd376e1e2fe91bd7c3a19	2026-04-12T16:43:28-04:00	agentdevan	Phase 12: add progress, history, and reflection surfaces
51998c0e26c240e9944deb6e15d735d4bb9dc930	2026-04-12T17:09:12-04:00	agentdevan	Phase 13: make Today interactive and opportunity-aware
a88e7e95c8fd8284943411f5e783a78c2fd8c92c	2026-04-12T17:23:50-04:00	agentdevan	Phase 13.5: compress information and strengthen hierarchy
2b9026a4b9a843495acc5a708f1d2cee83d8d82a	2026-04-12T17:39:35-04:00	agentdevan	UI: align app with premium concept, add dark mode and accent themes
dafee0b1f631002d95e149b8d8c141b2b83ff8d0	2026-04-12T18:01:34-04:00	agentdevan	Phase 13.7: harden actionability, controls, and spacing
adbc912c2cac48f5fd56f86bf67a86a9b534062c	2026-04-12T18:25:40-04:00	agentdevan	Phase 14: add accounts and local-first sync foundation
0bbe4c0f31d7a761e967f68687abeee4c6ce2ffc	2026-04-12T18:44:25-04:00	agentdevan	Phase 14.1: activate auth and harden account UX
08c4ed2476658f9fdeb3cc34c00ed6b206fda72c	2026-04-12T18:57:51-04:00	agentdevan	Phase 14.2: activate and verify live auth and sync
dfc354b9766f4b9bb4bdfe483993d58fc4b86279	2026-04-12T19:18:17-04:00	agentdevan	Phase 14.2: support confirmed-email auth activation
01cffe7cf6f2a47124932e106a06999ab7d72f43	2026-04-12T19:31:48-04:00	agentdevan	Phase 14.2: complete live auth and sync verification
87b4c0fe3f42b27070bd304734ff753b6759304e	2026-04-12T19:42:18-04:00	agentdevan	Phase 14.2: complete live auth and sync verification
a728482aed969c6aa4a8cf5df3960bb10397204f	2026-04-12T19:43:19-04:00	agentdevan	Apply requested updates
141febc97d1fdd297117ee5251e6a5f9062487c4	2026-04-12T19:59:04-04:00	agentdevan	Phase 14.2: complete live auth and sync verification
e99d3e6eefc671b35badbfaf6348f3ae3d2a83d0	2026-04-12T20:05:59-04:00	agentdevan	Phase 14.3: verify runtime auth and sync flow
ed8b44f77805c9f5c85ccaa5a46b854ffcd81ec7	2026-04-12T20:31:26-04:00	agentdevan	Phase 14.3: fix signup flow and auth state handling
db4240bd1d4a54fcdeeea7287dca20107cd612b1	2026-04-12T20:40:07-04:00	agentdevan	Phase 14.3: add auth rate limit cooldown UX
5c1af6d364860e116a552ac2e2cb7246dd0af04a	2026-04-12T20:45:41-04:00	agentdevan	Phase 14.3: add auth QA workflow helper
4e2228f7077ad99e5049f4ba03c811b59e24140f	2026-04-12T20:50:23-04:00	agentdevan	Merge branch 'codex/phase-14-3-auth-reliability'
2d9da5069ffc5a1075feef5e638a3d90232ade46	2026-04-12T21:15:29-04:00	agentdevan	Phase 15: add smarter personalization
706f816d372bf1ce827e6ee7c30db762c4dfa5a2	2026-04-12T21:31:19-04:00	agentdevan	Phase 16: add advanced integrations and control surfaces
62b3cfb59588ee76f57073dbadf137ebbdcc3d09	2026-04-12T22:38:10-04:00	agentdevan	Phase 17: add daily rituals, recovery flows, and closeout loops
3df9415a95e8a5375af758f9819eac41efd0d3e1	2026-04-12T23:23:34-04:00	agentdevan	Phase 18: add weekly review and next-week shaping
7177c98493fd459787e94455087a4321f4cb6826	2026-04-13T08:17:45-04:00	agentdevan	Phase 18.1: harden weekly review wiring and navigation
432e3d4702b669d7d380163d0bcbcc1be773807c	2026-04-13T08:49:25-04:00	agentdevan	Phase 19: add monthly review and strategy layer
3e524abb66ffcc68782ec30092818e89ae959596	2026-04-13T09:00:59-04:00	agentdevan	Phase 19.1: harden monthly strategy mapping and cadence controls
aa348a77bdfc39c6fe1f6e6e6ccb422dbdea80e4	2026-04-13T09:24:03-04:00	agentdevan	Phase 20: deepen Plan into a true weekly planning workspace
7a426a7c4d926bb9279197e636a489a19ab9bd4d	2026-04-13T09:45:14-04:00	agentdevan	Phase 20.1: harden Plan theming and weekly data freshness
b1ea54e30b137932e51ee2449111c058f0bd624f	2026-04-13T10:04:04-04:00	agentdevan	Phase 21: refine Today into a cleaner execution center
5936bfb2aefd9004211acbe5918f9afd85ae59a5	2026-04-13T10:28:32-04:00	agentdevan	Add canonical master product spec vNext
44b2f15142c01d0e5b9280ba23bfba4deb959364	2026-04-13T10:49:19-04:00	agentdevan	Refine Today into a cleaner execution center
ffd763349d3145f3f18042fb7ba570e3df96323b	2026-04-13T10:58:26-04:00	agentdevan	Delete docs/Ambitions_MASTER_PRODUCT_SPEC.md
9e01c19bda5bfb9f439a3514b9e5eb87ab89a45b	2026-04-13T10:58:34-04:00	agentdevan	Delete docs/Ambitions_MASTER_PRODUCT_SPEC_v2.md
ab037cfd0e96e738208ca1f8a2e44c4a19cdb0fd	2026-04-13T10:58:43-04:00	agentdevan	Delete docs/Ambitions_MASTER_PRODUCT_SPEC_v3.md
7fb8db5998ad57551b5eba01bb7a5857e86501c7	2026-04-13T10:58:52-04:00	agentdevan	Delete docs/Ambitions_MASTER_PRODUCT_SPEC_v4.md
189c839b6f9b5c61b835d5f775bf5c3d87c59840	2026-04-13T10:59:01-04:00	agentdevan	Delete docs/Ambitions_MASTER_PRODUCT_SPEC_v5.md
63ec417b6d0583882472b0e9a6bd112be70ec0dd	2026-04-13T10:59:10-04:00	agentdevan	Delete docs/Ambitions_MASTER_PRODUCT_SPEC_v6.md
be357ef50d4843edb2c8029416f63b46287e02a9	2026-04-13T10:59:19-04:00	agentdevan	Delete docs/Ambitions_MASTER_PRODUCT_SPEC_v7.md
b8ceaa96472ed7d2241c9322a7ebbb96e0826a2c	2026-04-13T11:34:26-04:00	agentdevan	Phase 22: add goal intelligence engine and feasibility composer
d32d1a8dc07f54a296c19706880331050860ad1a	2026-04-13T11:59:18-04:00	agentdevan	Phase 22.1: harden goal intelligence calibration and feasibility truth
856af4cfd1a04ca89e70f54c9560570f9df98cf1	2026-04-13T12:21:50-04:00	agentdevan	Phase 23: add ambition layer and progress model
4bce4f0a61fd61db385df1f0c956f846837b96b1	2026-04-13T12:49:13-04:00	agentdevan	Add files via upload
5c81237b707fba63503c3314a00eec262d3f3a17	2026-04-13T12:49:51-04:00	agentdevan	Delete MASTER_PRODUCT_SPEC.md
2ba5386f1986f4a05eefbe74b5ea86150ee4c776	2026-04-13T12:50:10-04:00	agentdevan	Rename MASTER_PRODUCT_SPEC_REVISED.md to MASTER_PRODUCT_SPEC.md
d6d249994651a9fd7371b303ccde1da3080846b5	2026-04-13T13:05:19-04:00	agentdevan	Phase 23.1: harden goals portfolio deduplication and ambition integrity
361d731483123b21795b6801a55bf7a3b6aa2bed	2026-04-13T13:22:06-04:00	agentdevan	Phase 23.2: establish flagship visual system and shell hierarchy
fb7cff5ed5444c2c8d8b74dde3a80d03838cfdd2	2026-04-13T13:45:30-04:00	agentdevan	Phase 23.3: polish Goals and Goal Detail into a flagship direction surface
7a422203167601ea6401211dd210d89a4df95db5	2026-04-13T13:58:36-04:00	agentdevan	Phase 23.4: tighten cross-surface coherence and momentum re-entry
bb320e2c9688f752f1f96e2cadf883c156f5bc10	2026-04-13T14:13:06-04:00	agentdevan	Phase 24: add explainable recommendations and review intelligence
5821ecf1ddd1a7d2819f3cd04e8462a761bc7af9	2026-04-13T14:25:53-04:00	agentdevan	Phase 25: harden auth sync trust and cross-device clarity
86bdd5c60bc8845a37aff9d73dda802512fed031	2026-04-13T14:43:41-04:00	agentdevan	Phase 26: polish finish quality accessibility performance and validation
2f291b6a06f72dc72a7dde0c4be982efb8fe0f8c	2026-04-13T15:05:46-04:00	agentdevan	Phase 27: harden runtime validation and app store readiness
781985cbb9f46a06bbbcc6300f8dd3fbdf6dedc0	2026-04-13T15:31:05-04:00	agentdevan	Phase 27.1: reset core usability clarity and consumer readiness
ec2a08fc0454cc38207f4a96da1ef38d4858aeb5	2026-04-13T16:12:32-04:00	agentdevan	Phase 27.2: simplify root screens and overhaul consumer clarity
f99f4562024b47dd9ff8694735da5afd6f711e3f	2026-04-13T16:40:16-04:00	agentdevan	Phase 27.3: redesign flagship screens and action clarity
c5c51bb0e113df3cc00ae8082441638c0c9ddfdf	2026-04-13T17:12:55-04:00	agentdevan	Phase 27.4: complete action audit and featured app store finish
7277488f86a0a43ea044a1d8173fc23f5eae05ec	2026-04-13T18:45:05-04:00	agentdevan	Phase 27.4b: brutally fix actions buttons contrast and deletion
ef0ed9115807674f97a394a76f986cc4544cd442	2026-04-13T19:02:07-04:00	agentdevan	Update phase21-expo-web.err
27ad5dad5bc7c91551d5ba98c8ae60b2c96fc27a	2026-04-13T19:52:43-04:00	agentdevan	Phase 27.5: complete final native contrast sweep and parity QA
18967db93265d2c1fee19bb57fca1985c1a18401	2026-04-13T20:42:47-04:00	agentdevan	Phase 28: lock release candidate and prepare launch
4a1a9fd2a6a2939144a001605f36d9f3a443ce7e	2026-04-13T20:57:53-04:00	agentdevan	Phase 28.1: implement in-app account deletion and data rights
f4b8cf8a0d1300763495c9014e2b3a69a6c65154	2026-04-14T09:20:35-04:00	agentdevan	Prompt 2
2286c08b0e4304dee2f6e191824fe983e8dfc417	2026-04-14T09:53:26-04:00	agentdevan	Harden goal engine contracts and add migration provenance
cfe83230ea040f4bfe4079df5cde48de32a1b10b	2026-04-14T10:07:45-04:00	agentdevan	Add goal engine intake classification layer
438620beed889d1752a671de5d8d32d4bf2d3956	2026-04-14T10:45:45-04:00	agentdevan	Add goal planner contracts and actionability metadata
e948b64ea2e60454394dae111eaa83ede079a0ab	2026-04-14T10:54:32-04:00	agentdevan	Add goal engine orchestration layer
4f6310ea3c0dc4b35d1f7e7a304280f636321319	2026-04-14T10:59:18-04:00	agentdevan	Add goal engine feedback adaptation layer
2bbd698dc2a6bfe78ea4ef33aac5a077a5301c3c	2026-04-14T11:07:38-04:00	agentdevan	Merge branch 'codex/goal-engine-orchestrator'
4a55e6ed45e64443628147e1f0a7a8297ee15184	2026-04-14T11:26:01-04:00	agentdevan	6a
967ade50ec6081f321635814f0c4c6ace0ab1f94	2026-04-14T11:47:07-04:00	agentdevan	6b
c4b73fd64822cbfdec0ffa0f44768d39aa9b0f7a	2026-04-14T12:15:21-04:00	agentdevan	n1
cc60392103be42fee582de6b110925fc6778ab84	2026-04-14T12:46:55-04:00	agentdevan	port
f140f361da0e9171b9562f7059b2928912db3cf1	2026-04-14T13:07:59-04:00	agentdevan	Complete native goal engine planner adaptation parity
45515f382ab6b74f1d2d6dbb083af24eb0375084	2026-04-14T14:26:06-04:00	agentdevan	n4
8446d0d6140a5e23a65801c9154b24896d9dcf65	2026-04-14T14:58:40-04:00	agentdevan	n5
85187439f39e99364d0844706f74b61dfe615ae3	2026-04-14T16:56:58-04:00	agentdevan	n6
da5e35309f29b3f0f4ccaa1ffcb6f10a589187c0	2026-04-14T17:36:33-04:00	agentdevan	n7
deba050ea33ab1cd2ab3c571ef74a4d2128ba657	2026-04-14T18:18:07-04:00	agentdevan	native pass
9f39f16273664b5a0a1650216542c225d6a0ae1f	2026-04-14T18:40:39-04:00	agentdevan	Harden native RC flows and replace remaining stubs
ae00c4ab246a5ca0e0fde1d0cf5a257055708bdf	2026-04-14T21:25:22-04:00	agentdevan	Phase 0+1+2
1f2d3b3224034439f40915dfd9e84b03da6ec4dc	2026-04-15T01:04:22-04:00	agentdevan	audit
74705b8cd8c30fc4c94b229a1310badc1fe78ed2	2026-04-15T01:16:01-04:00	agentdevan	clean up
1f63f9546633c3e63b020ff87c8ed5d1fbce0635	2026-04-15T01:25:56-04:00	agentdevan	actions
8cfb9304102b3c3deeac7d9b6787b17d936c4060	2026-04-15T01:28:52-04:00	agentdevan	Simplify iOS validation for native XcodeGen builds
555ae9b7d065cecc442db411f766df032de6e030	2026-04-15T02:00:06-04:00	agentdevan	QA build
ac9ba050b532c7cc721ada5e8c4dd9afeea12e40	2026-04-15T02:09:55-04:00	agentdevan	Add native iOS CI validation pipeline
97c1079b6d15cfe028fe2a72ecf64a0e95230bad	2026-04-15T02:21:46-04:00	agentdevan	mac script
93bb1741bf2be1043da1150ab533e890babb11cc	2026-04-15T08:41:57-04:00	agentdevan	Add implementation backlog from roadmap review
114045bcb8fc5a14a721622ed3b21be35fe7008e	2026-04-15T08:50:04-04:00	agentdevan	Clarify native docs versus historical backend docs
b86d0f1856b9558cc7cd40415b5a7e04235d4d4d	2026-04-15T09:03:46-04:00	agentdevan	Add persisted capture domain and quick-capture integration
d11a5747060655723e9a1719638ca4c9cd585cfa	2026-04-15T09:08:04-04:00	agentdevan	Add external routing foundation for deep links and future entry points
606023d0c7c1426afbab3427771ccbb3ccedd491	2026-04-15T10:09:11-04:00	agentdevan	Add future integration placeholders and permissions privacy notes
a219b9177ba92a158d14b1f89b1bbe2baaeb72cb	2026-04-15T10:26:30-04:00	agentdevan	Add deterministic reschedule engine for local feedback-driven timing
eed1308df8fecb0d26152a3323fe34dc71708dc6	2026-04-15T10:34:54-04:00	agentdevan	Add privacy-safe external snapshot export contract and writer
4b11c5953ee4ffffaa09712d4aabc8aad390b779	2026-04-15T10:56:47-04:00	agentdevan	Add notification foundation plus widget and live activity snapshot surfaces
c185d3b98d8415368c6543277352a2da75d529e0	2026-04-15T11:07:08-04:00	agentdevan	Add EventKit calendar/reminder integration layer with testable adapters
d178022d4f5c5fcf007533eadbab12cbf20d9739	2026-04-15T13:41:22-04:00	agentdevan	pre-phase 9
6a150ed6a94b5d20a07877bb0b700f52c2b30ad4	2026-04-15T13:54:08-04:00	agentdevan	clean up and skill building
8642e32d10e4496cbb9ef0ae7f773405692b85dc	2026-04-15T14:02:06-04:00	agentdevan	Add Ambitions Codex project customization stack
dee40b6fa339cc67b483b11450a9d2f1df22a02d	2026-04-15T16:10:46-04:00	agentdevan	Add autonomous Codex loop and notification capture support
50deb1f54b9bcecb06850eb0e261a9a1d61ff946	2026-04-15T18:36:08-04:00	agentdevan	Add Codex improvement and operations system
bbcedb489611ced8d76bea88c5a49f033c91fa40	2026-04-15T19:06:15-04:00	agentdevan	Refresh repo truth docs for native foundations
7b71ee13bf452cb31186c5cd0cd2329d3a0124b6	2026-04-15T19:16:48-04:00	agentdevan	Package unsigned IPA; add date-only parsing
de170d6d890f3bee9acc6fc6e6c2bd4f225462d1	2026-04-15T19:41:52-04:00	agentdevan	Set temp paths via step outputs and GITHUB_ENV
3d753484a3727bc9bdc484a214ed552d39fda4ad	2026-04-15T19:57:30-04:00	agentdevan	Extract ExternalSurfaceSnapshotBuilder to new file
06eaa341106077825c2572aef5ca5856d4833216	2026-04-15T20:17:41-04:00	agentdevan	Fix AmbitionTheme default initializer access
aa13f69dc68a655bd0ffcda39accb88604cb4c10	2026-04-15T20:42:07-04:00	agentdevan	Stabilize current iOS compile failures
4594a1e3602ec61103e63a70af8948a318a390b8	2026-04-15T20:53:47-04:00	agentdevan	Fix MainActor view model default initializers
30dc50ccba4b3cd3b215755e480f6a8a10c093e6	2026-04-15T21:09:31-04:00	agentdevan	Annotate feedback variable as [GoalFeedbackEvent]
a8e5122a2551a6feeab9ae0e1e5e8c7fa6c23c07	2026-04-15T21:18:40-04:00	agentdevan	Fix bootstrap configuration switch returns
f54f5c21b115267da548e382e8b5af842324e8c8	2026-04-15T21:31:44-04:00	agentdevan	Fix current habits and notification compile errors
2fe5de3f62e424ee7d0edcafc3959486063c8bdc	2026-04-15T21:45:14-04:00	agentdevan	Fix app environment actor isolation
a1d22d22c596e6e16d5a70712c7153f4929d3231	2026-04-15T22:07:21-04:00	agentdevan	Return fallback explicitly in GoalsScreen
00741e09f65cc1255432ae7098d61e9381fecdff	2026-04-15T22:30:13-04:00	agentdevan	Fix current Today and environment compile errors
ba7b631b6e3c9b89f64e5be91a2e302377ead503	2026-04-15T22:50:27-04:00	agentdevan	Make AppContainer optional in Environment
421ae8f61cb97fcded7db7e7280e088f5735c4a9	2026-04-15T23:00:00-04:00	agentdevan	Move starOpacity assignment; add return
6f28a801c3854ae5c6fa78ca218907a492d24c56	2026-04-15T23:07:31-04:00	agentdevan	Make lerp static and update callers
84bebaa94e12937b0917bfb316f7a6048668b03c	2026-04-15T23:13:28-04:00	agentdevan	Update HabitsFeatureService.swift
5fa7543f514887c3bc769cc1fbe20819b06aceea	2026-04-15T23:23:27-04:00	agentdevan	Update project.yml
5e44bf0caf538d966c7203895c9a122170247675	2026-04-15T23:37:00-04:00	agentdevan	Update ExternalSurfaceSnapshotTests.swift
6a541264d3a2403ae60a1248116b5efbc2d4798d	2026-04-15T23:51:05-04:00	agentdevan	Split async XCTest autoclosures in Ambitions tests
9358bfebe4474b5582b8cdc7871e630ba95bd37f	2026-04-16T00:05:48-04:00	agentdevan	Fix test concurrency compile issues
c26715fd58abf7ec9f1147700970f5ea7efff2db	2026-04-16T00:15:43-04:00	agentdevan	Fix missing try in tests
b7bf80a17a02cb27743ea134d46d3e489a1028c1	2026-04-16T00:25:29-04:00	agentdevan	Fix calendar reminder test fetches
fbfc67e23e1f9984ec043b8974335b72cd15eca6	2026-04-16T00:48:00-04:00	agentdevan	Fix failing unit test expectations
56b9c69133a42be092098dc0954e3cfaafc333df	2026-04-16T01:07:35-04:00	agentdevan	Fix capture service test repository access
efc5fa3a7b046d43a1ce14685cc06ff9a352f99f	2026-04-16T01:19:56-04:00	agentdevan	Align final planner and reschedule tests
38692641b7a22c3fea6d2cab015dc04fe690f823	2026-04-16T02:17:23-04:00	agentdevan	Guard preview-only code from Release builds
b0b5cfc2cc53a842f6726f01d92b6e1aab9809f4	2026-04-16T02:46:05-04:00	agentdevan	Finish gating goal previews for Release
fdb94dee655f74b1b850600e3f9cc1525a45e436	2026-04-16T03:08:14-04:00	agentdevan	Fix UI tests for More tab navigation
cc11589c0e2f9f55e8091d09f517f40eb290b6d3	2026-04-16T03:30:55-04:00	agentdevan	Stabilize UI test navigation and post-create assertions
fa895cc7e83e3b41981d9c08ea421e0f197d86d0	2026-04-16T04:00:45-04:00	agentdevan	Fix DEBUG guards for goal previews
3c5c7d9ef556b9fd0e5efa63a3c7f51fab11bc64	2026-04-17T08:34:21-04:00	agentdevan	Stabilize preview bootstrap UI tests
c69474f9549119643af3a053d86bef28be000ec4	2026-04-17T09:03:31-04:00	agentdevan	Stabilize UI test surface assertions
9cf5895bdd4d021516e6ff45599fb50f8a09414d	2026-04-17T09:29:18-04:00	agentdevan	Stabilize More tab UI tests
c9ff7f8af15704812a5c78af7b36fda4faff3f29	2026-04-18T13:21:24-04:00	agentdevan	chore: add shared master codex system for cross-machine use
8254af5084d3077685e3d2e113521afbd78bac35	2026-04-18T16:23:46-04:00	agentdevan	Polish native stabilization and warning cleanup
749e79b6d965a92ad9e2611f4bc7a74dd8ba2ceb	2026-04-18T16:41:21-04:00	agentdevan	Harden app store release metadata
a9e3b15c23dd486cf86fb7e878185f14d0a4bb6d	2026-04-18T19:49:55-04:00	agentdevan	chore: hard-anchor canonical roadmap and execution docs
734e43525a9411f17b823a1c0a9db631616e36d0	2026-04-18T20:17:14-04:00	agentdevan	chore: finish pre-phase9 cleanup and add captures tab
e39262762a9b686fc998ec1ea3394d362b27bae2	2026-04-18T20:28:52-04:00	agentdevan	chore: remove legacy typescript runtime and stale backend docs
58def39133ba661cefd82b5400e9e29e78763e43	2026-04-18T21:03:47-04:00	agentdevan	feat: add domain foundation primitives for future execution systems
ffd64ef6992c46bc74f89398ce4009552eb1fcec	2026-04-18T21:34:24-04:00	agentdevan	Complete Canon Batch 2 capture core
5dc2d56499edc7a60899cdf0ae0ac5d7b834f994	2026-04-18T22:17:46-04:00	agentdevan	Complete Canon Batch 3 planning engine v2
c079f76042b25f3327c5079379c60f8a2343dea1	2026-04-18T23:03:04-04:00	agentdevan	Complete Canon Batch 4 recovery engine
5a9030e1805d98977906d72ed7da9e5322d103be	2026-04-19T00:14:09-04:00	agentdevan	Complete Canon Batch 5A time orchestration foundation
d96c6f194e818411bc09919eff57769f8b4fd0d8	2026-04-19T00:41:53-04:00	agentdevan	Complete Canon Batch 5B time orchestration intelligence
cb4ccbee9771db3efc64df183a74d493a7b3a93b	2026-04-19T01:46:52-04:00	agentdevan	Build external action infrastructure for Canon Batch 6
30c5d5f847ef9e36e305ca900105c3adf164a0ec	2026-04-19T12:21:40-04:00	agentdevan	Run Canon Batch 7 ambient surfaces hardening
b51e6427fb1d5380dbc71473f8ccf10d8bc0af39	2026-04-19T12:58:21-04:00	agentdevan	feat: add computed Ritual OS loops
60de2173eb14b3e6bb6ae77b57f0fe2c9c347223	2026-04-19T13:37:19-04:00	agentdevan	Build sync/trust foundation with portable snapshot export/import and local-only sync boundary
0da99910b4ea8c9bef684f5d828caeb5d9d2fd52	2026-04-19T14:26:08-04:00	agentdevan	feat: add life graph foundation to goal models
4f98d8358a440b6f3648087915cf524bff71993a	2026-04-19T14:36:39-04:00	agentdevan	test: stabilize create-goal UI flow validation
924027cf30420b087eb285d5c637e8525ea957c6	2026-04-19T15:20:31-04:00	agentdevan	feat: add canon batch 11 path systems foundation
39c60ed44a408f1370a7bc1cb954f8494d773e14	2026-04-19T15:20:35-04:00	agentdevan	Merge branch 'codex/path-systems-foundation'
952578ee7ad343ccca423b1ae05d6da06d2380c2	2026-04-19T15:35:00-04:00	agentdevan	feat: complete canon batch 11 path systems foundation
510028509818cd9bd48ab3da2294661e8c88f2fd	2026-04-19T16:19:59-04:00	agentdevan	Batch 15: add derived learning and anticipation engine over evidence and feedback
80d2e7e0a3c0799e27c687e0e9cd7f2513cd2a85	2026-04-19T16:48:41-04:00	agentdevan	feat: add shared life and household coordination foundation
f5782d4ee20bbf99d2daec2dcec72a5076cdc3bf	2026-04-19T17:20:14-04:00	agentdevan	Introduce runtime separation boundary
ba4c07b96359be67f7285caa553570dc8d6af7c0	2026-04-19T17:47:46-04:00	agentdevan	Add bedside device prototype runtime projection
02b98a90e91e9b2ea33d5e5c4415e90ec32fe17c	2026-04-19T18:32:40-04:00	agentdevan	docs: establish ambitions 2.0 canon roadmap
86bdd2ee07a780eb9207acba339194d65e7ff995	2026-04-19T19:04:41-04:00	agentdevan	docs: establish ambitions 2.0 canon stack
f942373810e971a1c2f5e438a0c94113ccea3f91	2026-04-19T19:35:36-04:00	agentdevan	docs: close batch 19 and activate batch 20
6ec01681ba34fdd389148801f2c87e5d189d0cc1	2026-04-19T20:56:41-04:00	agentdevan	feat: add knowledge provider boundary contracts
859e592d708cb7dcb064d48845254e3f1995686e	2026-04-19T20:58:13-04:00	agentdevan	docs: close batch 20 and activate batch 21
93bfb9cedb099cd617776546a2a688f004e08d79	2026-04-19T21:33:12-04:00	agentdevan	feat: add deterministic external knowledge ingestion core
8b8bedb534f9ff2e4d03c49aed9e3d2b4503fcba	2026-04-19T22:02:21-04:00	agentdevan	Add structural clarification analysis to goal orchestration
127de84e7a9381a0ac3b13507465ba4783a19b00	2026-04-19T22:08:06-04:00	agentdevan	docs: close batch 22 and activate batch 23
f1fb0eaee77c590dcbab9f639f06f1feda0f6909	2026-04-20T08:57:52-04:00	agentdevan	feat(goal-engine): add canonical goal understanding contracts
f6294aab33ac4bc4ff3d1d4d06894a34735b16f4	2026-04-20T08:57:57-04:00	agentdevan	docs: close batch 23 and activate batch 24
dfeb9dd9bcfb4f3cda626e1cb4d4f1b5a0756ad5	2026-04-20T09:36:41-04:00	agentdevan	fix(path-compiler): align stage dependency ids with emitted dependencies
f7ed00f1d2666d2617c2d5620245e204c1cbeece	2026-04-20T09:44:12-04:00	agentdevan	docs: close batch 24 and activate batch 25
5d1858f912e8197fff63c99aae619c01b0d3b7a9	2026-04-20T10:42:20-04:00	agentdevan	feat(goal-engine): add deterministic domain pack framework for compiled path enrichment
ef24ea2188578416ede5d581827cb75ea34a0b55	2026-04-20T10:42:27-04:00	agentdevan	docs: close batch 25 and activate batch 26
2c32e8b3d1119e4a1efbdd0d58edf1ac2eb3c885	2026-04-20T11:41:13-04:00	agentdevan	feat(goal-engine): add resource graph and deterministic source ranking
3474af22918bf8a17d449908adb2499b896580cd	2026-04-20T11:42:20-04:00	agentdevan	docs: close batch 26 and activate batch 27
5d6de8f10c85f8827dfab6f55f283fdee1b57e4b	2026-04-20T12:19:26-04:00	agentdevan	feat(goal-engine): add resource freshness update metadata
5b75bf87fcced2a634a8ccfccaf1a3a26e7a8545	2026-04-20T13:16:08-04:00	agentdevan	Complete Batch 28 energy model foundation
16bbf4e5fe2d31fa65aefdc4ca47fbb15ed25876	2026-04-20T14:03:37-04:00	agentdevan	Complete Batch 29 wrap-up
6e151e65e88ab80a2e9956071f39542b1620483b	2026-04-20T14:43:04-04:00	agentdevan	Complete Batch 30 wrap-up
e57be582c6e5e8eec1204bacb6f423dcba08c195	2026-04-20T15:18:02-04:00	agentdevan	Complete Batch 31 wrap-up
c6d1fc7d2eb7b932f487e19047106fb1f0d08ba6	2026-04-20T16:06:47-04:00	agentdevan	Complete Batch 32 wrap-up
0658e451b134e1a5f3cf299b89463ab471b65ad3	2026-04-20T16:37:48-04:00	agentdevan	Complete Batch 33 wrap-up
f1286194adb3113eb166a1991027df3bec810ffe	2026-04-20T17:12:55-04:00	agentdevan	Complete Batch 34 wrap-up
3c7efca212392cc40c9d59de3d35056e73ebac80	2026-04-20T17:36:55-04:00	agentdevan	Add post-2.0 hardening registry wave
ef9e8147dbd239ca5e936bea2beb08b2be75cd74	2026-04-20T19:31:51-04:00	agentdevan	Batch 35: restore canonical shell and Plan surface
f020f12eb4ab8df049776a42c33143716a5f6747	2026-04-20T19:35:31-04:00	agentdevan	Complete Batch 35 wrap-up
08e973c5a3d96ff42442f36ad7211f7bde7fff59	2026-04-20T20:25:42-04:00	agentdevan	Complete Batch 36 wrap-up and fix external URL registration
9e6c4a9f0f2aee09ee262afa237673bc14466665	2026-04-21T09:28:51-04:00	agentdevan	Add frontend transformation planning canon
5c7d769798a13af97acea08858a2fc804ba1b967	2026-04-21T12:51:23-04:00	agentdevan	Add investor deck for batches 39 through 59
dadbb32e3eecc73c62043cd408b16a1cdaa1c112	2026-04-21T12:53:54-04:00	agentdevan	Batches 39-59 presentation
138091b99521d454d83860bd8de7eb32f39c128c	2026-04-21T14:52:21-04:00	agentdevan	Complete Batch 37 secondary surface hardening
364412c3906adbe0e902c50eea6f34170242320d	2026-04-21T15:35:24-04:00	agentdevan	Close Batch 38 and activate Batch 39
d3d55f110a33723a5bed2005c9e5013f50eed2ec	2026-04-21T16:05:51-04:00	agentdevan	Complete Batch 39 canon foundation
a23699007b38b495a9ac141a23c577b62a08aa56	2026-04-21T17:18:26-04:00	agentdevan	Implement Batch 40 shell navigation architecture
9b65b1a1b5bf58d62480b163354c4d0b2ceb6fed	2026-04-21T17:59:40-04:00	agentdevan	Add deterministic Batch 40 goal detail routing proof
a3a699b2d34efd6e881ce89883ff4d9cef674a7f	2026-04-21T18:08:19-04:00	agentdevan	Wrap up Batch 40 and activate Batch 41
6a9b2e771171f0598260cdd9b992e0471012f5e5	2026-04-21T20:50:11-04:00	agentdevan	Complete Batch 41 design system foundation
59cb6f2c97756107bd0419482a0426788e4c3638	2026-04-21T23:35:22-04:00	agentdevan	Complete Batch 42 shell command surfaces
f1c731dc7f217149981b940179d3c177db0e21f7	2026-04-22T08:09:55-04:00	agentdevan	Complete Batch 43 today rebuild
dfc277cb746321a5bb676cb1fe9c38e2b376d0c5	2026-04-22T11:16:59-04:00	agentdevan	Complete Batch 44 Today rebuild II
c76149c1b1592f2b69b3fb2771ea3478a83a920b	2026-04-22T13:06:40-04:00	agentdevan	Implement Batch 45 goals direction board
9497dd93ee715b150e6dcebc3ddc56772ad51e7d	2026-04-22T13:40:58-04:00	agentdevan	Close Batch 45 after manual signoff
e32792cc3b14c710ac44e7c2fa8845aba15fdd97	2026-04-22T13:52:51-04:00	agentdevan	Tighten Codex operating guidance for transformation batches
8cd3d4e0ff48f472be77237ed2160e8aa10b596f	2026-04-22T13:53:54-04:00	agentdevan	Add minimal-read execution guidance to context index
d1c6169a5283b9752684ee73af359cdfde4b020f	2026-04-22T13:54:24-04:00	agentdevan	Expand operations manual for batch efficiency and closeout discipline
aaa5c3940e947089ec951a7b9f46b0863ed8dd76	2026-04-22T13:55:01-04:00	agentdevan	Tighten task intake for active-batch execution
53d5a18da820f550a1806562c966f0def9435c72	2026-04-22T13:55:40-04:00	agentdevan	Add transformation archetypes to task classification
c8d6b3c359d8bba141aebecdc6463cce243428bf	2026-04-22T13:56:23-04:00	agentdevan	Refine execution modes for fixed batch-pass workflow
65622377b76973b2e549d6f4e5179976b05a31a7	2026-04-22T13:57:16-04:00	agentdevan	Add fixed batch execution protocol for transformation work
83987302e2ce1f8f2ba0c496dc6ec3102b53967a	2026-04-22T13:58:13-04:00	agentdevan	Add transformation validation matrix and closeout policy
bffeaf1ccfa23b7e88a63461eea5cba43c57cc08	2026-04-22T13:58:47-04:00	agentdevan	Add fixed frontend regression pack for transformation batches
52aadd57c7897238b5cc48ded429d687c88f0c67	2026-04-22T13:59:32-04:00	agentdevan	Add reusable manual signoff checklists for transformation surfaces
29e11a19cd5d1310f3a0c5266fab8a4ec0ae2023	2026-04-22T14:00:41-04:00	agentdevan	Fix regression pack formatting and signoff notes
bd8a4c6e7091afda4297d368123fc2272a4ea3a6	2026-04-22T14:01:09-04:00	agentdevan	Fix plan checklist formatting
77e9a7a2ffa4af7dffc4b37bf2ff7bf8b482c549	2026-04-22T14:01:44-04:00	agentdevan	Add known flaky-proof ledger for transformation closeout
5b6869620594aa1827c91a24f2bdbbb2207fe260	2026-04-22T14:02:17-04:00	agentdevan	Reconcile Batch 46 control-file status to active
5908c1a9b40f8ae1b4b617f353105905b5ce7b30	2026-04-22T22:00:19-04:00	agentdevan	Complete Batch 46 strategy composer rebuild
b88359a66b2051ab1e2bc740ba08512c9c6c796f	2026-04-22T22:03:22-04:00	agentdevan	Update commit message generation
e34988f3552881a12003462f78de48db06302bc4	2026-04-22T22:54:07-04:00	agentdevan	Complete Batch 47 goal detail strategic chamber rebuild
d41d68d181b13fd9d613390f088ba465a9df567b	2026-04-23T07:25:41-04:00	agentdevan	Complete Batch 48 goal detail trust and memory rebuild
0e2e851686e2290eb8e675822d446a22ffe9730c	2026-04-23T07:26:31-04:00	agentdevan	docs: add execution OS product addendum
5d6e1f4623377fdcd4ca3ee53a31ca0b92a6304e	2026-04-23T07:29:06-04:00	agentdevan	docs: add revised frontend batches 49-60 canon
e94c1c14b493b819f039e9f6667bd6eff4f2f960	2026-04-23T07:56:26-04:00	agentdevan	Consolidate post-batch-48 canon docs
8342d4f6315a066d5b13df60dc0ead16498b53f2	2026-04-23T08:20:45-04:00	agentdevan	Tighten transformation canon status alignment
956f3c2c814f285ef760cbe0fcc1edfe8221e939	2026-04-23T10:40:58-04:00	agentdevan	Complete Batch 49 and activate Batch 50
e0f25e96aedb4dfc8d47f4ca19221e090e363c6e	2026-04-23T12:40:37-04:00	agentdevan	docs: complete Batch 50, activate Batch 51, and add App Store compliance gate
fb4506d0fff1d1e0466168f9212299fb6baae4e0	2026-04-23T12:44:03-04:00	agentdevan	feat: complete Batch 50 plan resilience integration
0e03fa822de1177f5325a6bd0fbd09d9210ec118	2026-04-23T15:02:11-04:00	agentdevan	docs: complete Batch 51 and activate Batch 52
47b6c21ca85616de6764ebcf6d68ead714bd2df5	2026-04-23T15:03:07-04:00	agentdevan	docs: complete Batch 51 and activate Batch 52
e136a071c67ff6bc505398e6be86e19e909a0cca	2026-04-23T20:24:53-04:00	agentdevan	feat: complete Batch 52, activate Batch 53, and add launch roadmap
7b59412c0e86e5d8ed61336abfad5a881ce65322	2026-04-23T22:20:51-04:00	agentdevan	feat: complete Batch 53 and activate Batch 54
d19252c725673a7b8ba774f1bfd154db3a52717b	2026-04-23T22:34:12-04:00	agentdevan	docs: complete Batch 54 and activate Batch 55
996ad77a48cf8b6804a8580de138ec73fc981f47	2026-04-23T23:39:55-04:00	agentdevan	feat: complete Batch 55 and activate Batch 56
337ee2b9f732d6b3b62ca700ce65fd09f3ac6087	2026-04-24T00:06:56-04:00	agentdevan	feat: complete Batch 56 and activate Batch 57
f41ca5d3efde15fb9db476ccc1c5ed2d6a44ef5d	2026-04-24T01:08:16-04:00	agentdevan	feat: complete Batch 57 and activate Batch 58
f3a1d7b966495dcf0f8db9abce4e65a0e78defa4	2026-04-24T01:15:09-04:00	agentdevan	docs: defer platform expansion batches and activate Batch 60
05c79d71d7885047b242c6221379016f0689a734	2026-04-24T08:56:17-04:00	agentdevan	chore: complete Batch 60 and enter RC review
c751da81546893838b2f6fc5edb7fe0710b121c9	2026-04-24T10:44:41-04:00	agentdevan	docs: adopt Ambitions 2.0 canon
cdab1a5e764e0734589f9edd4ec931761ec2bd54	2026-04-24T11:22:50-04:00	agentdevan	docs: complete Batch 61 capability matrix
170dd91ac9664713a53b0017e608afd1caa7f4a2	2026-04-24T15:31:47-04:00	agentdevan	feat: implement Ambitions 2.0 shell IA
922a06d8c72c4397ba8268cb78255cb156693615	2026-04-24T16:18:11-04:00	agentdevan	feat: add Ambitions 2.0 rich panel design system
e8ced305210977a8897392c336f54084d0c3a5a5	2026-04-24T16:35:11-04:00	agentdevan	feat: add Accessibility Nutrition layer
a1e644a3f268fb8da3eb60b3e8946d78eda1f923	2026-04-24T17:29:47-04:00	agentdevan	feat: add Memory Event Ledger foundation
4361f742b9123553fb2343d58bc0fdb12594dfc7	2026-04-24T17:43:48-04:00	agentdevan	docs: add Ambitions 2.0 intelligence standards canon
6375861c6d2853cf83c06201a1c63851bce26afe	2026-04-24T17:59:36-04:00	agentdevan	feat: add Recommendation Explanation model
939df041e51d1130b32b54abc0fd063ccb913076	2026-04-25T10:44:05-04:00	agentdevan	feat: add Canonical Now State foundation
58039bebadffd7884cf5446a338eed218a9701b2	2026-04-25T11:27:29-04:00	agentdevan	feat: add Command Pipeline foundation
c837253c297287d9749257ce7c891c80117b3609	2026-04-25T15:10:37-04:00	agentdevan	feat: implement Capture 2.0 core
d276a526df55389389afa81bee974a9edbc07859	2026-04-25T15:59:34-04:00	agentdevan	feat: add Reality Model calendar foundation
f3a5b496c4ecfc70b6e70e20546579a34690814c	2026-04-25T16:41:52-04:00	agentdevan	feat: add Goal Health believability foundation
4e9a825946a84d8cd8d2322ee0abb2f6c4791401	2026-04-25T17:18:59-04:00	agentdevan	feat: add Execution Resilience foundation
e5c819aa435d225a8da3b46723ccd5394fb6af56	2026-04-26T02:15:16-04:00	agentdevan	Update Ambitions 2.0 canon roadmap
275cf374aaf377a3f17d1fcceeec751ddc2113f7	2026-04-26T10:30:38-04:00	agentdevan	Refine Ambitions 2.0 RC maturity roadmap
c4ad4d9b9f59d67189cf5d56dd58eb661f29828f	2026-04-26T12:24:36-04:00	agentdevan	Implement Today daily operating contract
5742636f1fade8f13a6c8eb0778c128e073da612	2026-04-26T12:35:13-04:00	agentdevan	Complete Today daily operating contract support
8d6b3f809eec077ce1aefea90c06ce4c7d8f4274	2026-04-26T13:22:00-04:00	agentdevan	Implement global shell chrome alignment
3fd50af9474c746d21358ed5c083b0fb3904b763	2026-04-26T14:07:29-04:00	agentdevan	Implement activation contract and first-run promise
b6a56a30491e4997496006230bfff5f191b1d750	2026-04-26T14:30:53-04:00	agentdevan	Add daily loop alpha QA baseline
a7d7cbb89cff7201e262b91412cdac24e5763611	2026-04-26T14:51:31-04:00	agentdevan	Add Life Graph minimal relationships
38183bb5b2da1d2430273a5c158c7ff1e5cd5399	2026-04-26T15:11:19-04:00	agentdevan	Add proof and resource graph foundations
c411a9d1f975c1a78321240477df0b4f4c4b24a2	2026-04-26T15:33:19-04:00	agentdevan	Add commitment and waiting foundations
cb4dbdc78fab0c6d99676370076cccc5fe57a20a	2026-04-26T15:55:04-04:00	agentdevan	Add action closure receipt foundations
1410ece89e568e6beb136fd5e0699691e50d118a	2026-04-26T16:39:47-04:00	agentdevan	Add safe automation and undo policy foundations
58573b7a289890370da03c1890b265d0a85a1199	2026-04-26T16:59:43-04:00	agentdevan	Add foundation performance persistence budget
07df5c0f49c17aa4db2cd2d12da9ed75d799c12e	2026-04-26T17:30:41-04:00	agentdevan	Integrate goal plan task visual canon
4f1f886e5d2e48e30fb43e247a9488fad99b051e	2026-04-26T17:40:50-04:00	agentdevan	Correct Ambitions batch status
0d1bfdb9b2ee3a4da04b2d6637789ad13391dfa3	2026-04-26T18:26:10-04:00	agentdevan	Complete Batch 83 goals portfolio
4689cead511595e8309f88fe89024c4a98d9bee9	2026-04-26T18:54:59-04:00	agentdevan	Implement Goal Detail mission control
d8c33396db4cf1f405514c78cef0f0e514eb99c1	2026-04-26T20:49:08-04:00	agentdevan	Implement Plan believable planning surface
e31262bff091e1bf8dc0cc35fe1407704f2b415b	2026-04-26T23:08:27-04:00	agentdevan	docs(codex): add free workflow operating system
8a0701ece8e1a07ad49348161076148efc0457c3	2026-04-26T23:08:57-04:00	agentdevan	docs(review): add visual review checklist
ebac52fc96f6ba3093e899598598a1ef81df37cc	2026-04-26T23:09:34-04:00	agentdevan	docs(review): add friction log
961534d2b4c212821388ab980b942dd674972781	2026-04-26T23:10:03-04:00	agentdevan	docs(codex): align execution guide with free workflow
040f52d9af5f0f0d6951ab83d3bde9669efda4bc	2026-04-26T23:11:05-04:00	agentdevan	docs(codex): update master codex workflow truth
c654650c4ae3ae27f3d01646fef1cc205e31324a	2026-04-27T07:34:51-04:00	agentdevan	docs(codex): consolidate context index workflow references
5c553e59bdeb09b908c53a81abf849ffa305e098	2026-04-27T07:37:10-04:00	agentdevan	docs: surface free workflow and review docs
473f44a4fb886b627a98733917b8d90087944b6c	2026-04-27T08:14:06-04:00	agentdevan	Implement Reality Reflow recovery gradient
94a97d094997c9efb2eac9464d12454e565bb3eb	2026-04-27T08:22:54-04:00	agentdevan	Update batch status docs for Batch 87
bcbfc85108c32ea689fafd86c7c971c4a5eb1f64	2026-04-27T10:31:03-04:00	agentdevan	Batch 87 and 88
e8bdd44724b7e5a945dcd237e484aec9fd04b5f2	2026-04-27T15:44:12-04:00	agentdevan	Design Constitution Implemented
4566143dc6f883bc1451787fe636a4effe7120bf	2026-04-27T17:01:57-04:00	agentdevan	Clean up Ambitions documentation canon
5c3da4030cbc6a14d04db8d569de36d93d69db09	2026-04-27T17:13:12-04:00	agentdevan	Audit roadmap merge sequencing
3cc68eec476b39c40532653201430e01bdbfa6eb	2026-04-27T18:22:48-04:00	agentdevan	Implement D01 shell IA tab alignment
529e708793b60578c6bd8f5913de060c3d3a0bfa	2026-04-27T19:54:42-04:00	agentdevan	docs: add Ambitions canon source of truth map
757f0c5b831d3a4857846a0a7a3f10e222164952	2026-04-27T19:55:37-04:00	agentdevan	docs: add Ambitions domain model canon
4200b9f6a3aeea0f73f9303a39e1198bf902a73e	2026-04-27T19:56:29-04:00	agentdevan	docs: add goal plan task lifecycle canon
d3f4bb3010bb45e5b1720cf7b6fdf4eaafc1581c	2026-04-27T19:57:10-04:00	agentdevan	docs: add Ambitions onboarding spec
eb6b5fc9cf7eb80dc6831f2a23193a0e9190ecab	2026-04-27T19:58:28-04:00	agentdevan	docs: add trust privacy memory canon
3386d8c390dbfa3758e602bc216edadbeba25279	2026-04-27T19:59:55-04:00	agentdevan	docs: add empty error recovery states canon
a4c66facdce7f5f81bcd57f81b4ef1c3a7c02d3b	2026-04-27T20:00:49-04:00	agentdevan	docs: add design token canon
1a93454db80fc9d21e674449ac48e234fb040687	2026-04-27T20:01:31-04:00	agentdevan	docs: add implementation acceptance gates canon
f16daa31856917e2494f43389657be2dbf885bc9	2026-04-27T20:02:02-04:00	agentdevan	docs: index canon consolidation docs
cabf091d681e226b321d3d2121d44719e097da4e	2026-04-27T20:03:03-04:00	agentdevan	docs: add canon consolidation gap audit
5369c20ea2b5dd633050c41ece03543826ec8279	2026-04-27T20:06:29-04:00	agentdevan	docs: update source truth map after consolidation pass
04b1937e3060c7a19d28e06099ba8824268af66e	2026-04-27T20:07:07-04:00	agentdevan	docs: index design token canon
e1259e61bb0222670876be83f763c3dd5bd37f2a	2026-04-27T20:08:15-04:00	agentdevan	docs: add consolidation gap audit to canon index
4d5fa48de8f0c45d104849f08847743f5bfe957a	2026-04-27T20:09:08-04:00	agentdevan	docs: surface canon consolidation docs in docs index
d97d19bdc79fd43019cbb2c4dc5644c11e4bd4f5	2026-04-27T20:18:10-04:00	agentdevan	docs: add product decision waves canon
ce279ae850a06eb0c27da660c3bea283787a5aac	2026-04-27T20:18:50-04:00	agentdevan	docs: apply wave 1 domain model decisions
96bb94ff2bdf178a38bdca6186946f22c4327e53	2026-04-27T20:19:33-04:00	agentdevan	docs: apply wave 1 lifecycle decisions
c3fc4e2fd1fb86b7708db5651161a4fea39a4c4a	2026-04-27T20:20:17-04:00	agentdevan	docs: apply wave 1 onboarding decisions
67f71c5ee1a41bad83422000e9a10a3d8a8d383c	2026-04-27T20:20:46-04:00	agentdevan	docs: index product decisions canon
127c66b0826d07de62f659ee7ec09f6bc4d4c675	2026-04-27T20:24:00-04:00	agentdevan	docs: surface product decisions in docs index
3dcf8082e3268f443be05f0dd56a482129818069	2026-04-27T20:35:14-04:00	agentdevan	docs: add wave 2 lifecycle product decisions
070d9d9a9e2c608a1f9d9644ee4ca417cd972b7b	2026-04-27T20:36:04-04:00	agentdevan	docs: apply wave 2 lifecycle state decisions
24860f9c60956fdd017c25063d49b02f992f4116	2026-04-27T20:37:02-04:00	agentdevan	docs: apply wave 2 domain language decisions
17924912c8437d068c74c8f09ff182ca89d0f8cc	2026-04-27T20:39:08-04:00	agentdevan	docs: apply wave 2 state language decisions
5f3c7ce502cb1d6cc156cb1e48779fdfa446d71b	2026-04-27T20:39:50-04:00	agentdevan	docs: apply wave 2 trust and receipt decisions
49ec7838135b50f5161cdaa14c6de52fac83589a	2026-04-27T20:40:33-04:00	agentdevan	docs: apply wave 2 acceptance gate decisions
cae5bbddfd7f149c9e769b640572c2cd18e4a404	2026-04-27T20:45:27-04:00	agentdevan	docs: add wave 3 trust memory product decisions
9121f375093e62d8a32ba11a0d79d152e248ca10	2026-04-27T20:47:06-04:00	agentdevan	docs: apply wave 3 trust memory decisions
c03aadc2431c32ac091c9161e5fb047476681183	2026-04-27T20:49:13-04:00	agentdevan	docs: apply wave 3 domain memory decisions
13821a24f33136b9e8e40aee6b9e041ffb03379c	2026-04-27T20:51:48-04:00	agentdevan	docs: apply wave 3 memory privacy state decisions
a15f9d685ffa39d461cc2a2d6c04300a2046098b	2026-04-27T20:54:59-04:00	agentdevan	docs: apply wave 3 trust memory acceptance gates
3945a5befed2988b2dc07bdd3251a21a4340bd2b	2026-04-27T20:56:51-04:00	agentdevan	docs: add wave 4 onboarding product decisions
99229f4031ade6b25929e18d4e69754bbeb63186	2026-04-27T20:57:37-04:00	agentdevan	docs: apply wave 4 onboarding decisions
2d2d916f0a02b8a2a829b0b873984b6ae43cd752	2026-04-27T20:58:40-04:00	agentdevan	docs: apply wave 4 onboarding state decisions
0477cf6b2380f477625e78b6a5b4b272a92d9af5	2026-04-27T20:59:43-04:00	agentdevan	docs: apply wave 4 onboarding acceptance gates
b27788b680395f29a137650439b7d80cc78957b2	2026-04-27T21:04:08-04:00	agentdevan	docs: add wave 5 capture product decisions
4130315221262090886d56409a562463f2659906	2026-04-27T21:05:05-04:00	agentdevan	docs: apply wave 5 capture smart attachment decisions
0bffb1ff6d243a4420f47f7bfeb16db6ada10983	2026-04-27T21:05:52-04:00	agentdevan	docs: add capture smart attachment canon
8be481ff756e3eeab689649ee54837e21ff76af8	2026-04-27T21:06:23-04:00	agentdevan	docs: index capture smart attachment canon
8e9cfd77fcf117867264b0b3b32591c077255f8d	2026-04-27T21:06:57-04:00	agentdevan	docs: surface capture canon in docs index
d6354176e9d95bab4b79e4b78e16a1fe1db098a2	2026-04-27T21:14:07-04:00	agentdevan	docs: add wave 6 plan calendar product decisions
91f0952b8cb857cf218a5c05414e1ec2492b3d50	2026-04-27T21:36:04-04:00	agentdevan	docs: add plan calendar believability canon
0652635b15c9b1668d7ba16bdb2a57f7fd72c0d1	2026-04-27T21:37:29-04:00	agentdevan	docs: index plan calendar believability canon
0e0092a30c2ee7d87a8f7f082ad603296d4d1f8d	2026-04-27T21:38:01-04:00	agentdevan	docs: surface plan calendar canon in docs index
8dfa692ac368305040bbdefc39cc4782e88d0a56	2026-04-27T21:40:19-04:00	agentdevan	docs: add wave 7 goals product decisions
aaf3e22dabf67572a80a1a328b142e9fd82f976d	2026-04-27T21:41:17-04:00	agentdevan	docs: add goals goal detail canon
2a0138088457d5742f83db6295fa838864726743	2026-04-27T21:41:52-04:00	agentdevan	docs: index goals goal detail canon
eec5c9c81ffc0528a1a56f68b21ee79dedaf2ab4	2026-04-27T21:42:26-04:00	agentdevan	docs: surface goals canon in docs index
262d5749368a1a52ba73e6b559bbee3b59023fb2	2026-04-27T21:45:54-04:00	agentdevan	docs: add wave 8 today now state decisions
7e58270f2959d58433b62e6358b7f6fa13b88dc0	2026-04-27T21:47:19-04:00	agentdevan	docs: add today now state canon
246065b8c1f058397c8696b5f47d35895c893853	2026-04-27T21:48:06-04:00	agentdevan	docs: index today now state canon
ad151878503b711dc299ff7b3ff3f5c8b9f5f2cd	2026-04-27T21:49:29-04:00	agentdevan	docs: surface today now state canon in docs index
497177eb34cb0e4c480ee40cadcc7e26a84f0c64	2026-04-27T21:52:58-04:00	agentdevan	docs: add wave 9 you reviews product decisions
1f44f8f1e2a567cf9cf5d939ab1bc5ae87524944	2026-04-27T21:53:39-04:00	agentdevan	docs: add you profile reviews canon
a0db36241eaf589d7b4d35e03cf5f47843446d39	2026-04-27T21:54:30-04:00	agentdevan	docs: index you profile reviews canon
283d9beb4529d1c24670d5a5b157cf1224080268	2026-04-27T21:57:26-04:00	agentdevan	docs: surface you profile reviews canon in docs index
6880d94dfba5c1c1638ce9fd703a1113be04636a	2026-04-27T22:03:45-04:00	agentdevan	docs: add wave 10 ia navigation product decisions
1b15e13edb0cbc2bf68303adeb128665768508eb	2026-04-27T22:04:23-04:00	agentdevan	docs: add ia navigation drilldown canon
3622876aaa6b9ad35db870a70cb07037cc26197c	2026-04-27T22:04:59-04:00	agentdevan	docs: index ia navigation canon
84d814f15fce4f38de40be89cba8064be7556ce7	2026-04-27T22:05:45-04:00	agentdevan	docs: surface ia navigation canon in docs index
2ad437fc4353d79bb046cd5c98422071549bd161	2026-04-27T22:07:36-04:00	agentdevan	docs: add wave 11 intelligence product decisions
73db5ef6217259e35032df9117800601dc1c4c1a	2026-04-27T22:08:22-04:00	agentdevan	docs: add intelligence automation suggestions canon
e1e6d3f0d028c875aa2d25bddf68b34598711265	2026-04-27T22:12:42-04:00	agentdevan	docs: index intelligence automation canon
8aadf6b4e7c70c266796883073e10bb9ce77e810	2026-04-27T22:13:21-04:00	agentdevan	docs: surface intelligence automation canon in docs index
d96f909276c8c2249106d82bb9b17c76a0e3d2e1	2026-04-27T22:18:45-04:00	agentdevan	docs: add wave 12 visual system product decisions
c077e732f08a1ab46f15f89ee15dc3954e67f2a8	2026-04-27T22:19:34-04:00	agentdevan	docs: add visual system components motion canon
a57021bed494ad946f7912731549b7203d044ccb	2026-04-27T22:22:26-04:00	agentdevan	docs: index visual system motion canon
98282b6dd17fe534f06086a94653732aeecc484e	2026-04-27T22:23:39-04:00	agentdevan	docs: surface visual system motion canon in docs index
037bde638f28c4d5ed7d9c77a3822752b02a7101	2026-04-27T22:25:17-04:00	agentdevan	docs: add wave 13 accessibility focus support decisions
12a9938d51e7b05476c22943d39ce3466bdbbff1	2026-04-27T22:26:08-04:00	agentdevan	docs: add accessibility focus support canon
f4204e7e8451407b0888dd81db88031e01fb8fe6	2026-04-27T22:26:43-04:00	agentdevan	docs: index accessibility focus support canon
99cd201b91c1aa634fe4b29f214cb5faa3dcd549	2026-04-27T22:31:15-04:00	agentdevan	docs: surface accessibility focus support canon in docs index
7bebffcfa3c46b8f61ddf22d874c8a64c11746a5	2026-04-27T23:01:58-04:00	agentdevan	docs: add wave 14 external surfaces decisions
74f0f5b693e071fa8a465affb80b8d69e12f81d8	2026-04-27T23:02:39-04:00	agentdevan	docs: add external surfaces notifications widgets canon
29414dfae18e83fba5db6b67fcab0428829335c0	2026-04-27T23:03:17-04:00	agentdevan	docs: index external surfaces canon
38e6b6941fc1ba5cfe1cc7df56cc1ea13a1e9dba	2026-04-27T23:04:45-04:00	agentdevan	docs: surface external surfaces canon in docs index
af75fd935e119c7fa6b308723befe55968c317fa	2026-04-27T23:07:46-04:00	agentdevan	docs: add wave 15 data local-first decisions
c29bc51660ed1ad89ce1c9d7c61205f2329af3c2	2026-04-27T23:11:20-04:00	agentdevan	docs: add data local sync export canon
b84ff12ca77fa0ec6379a5123dd48da14c87c1f2	2026-04-27T23:24:06-04:00	agentdevan	docs: index data local sync export canon
211113ae195ddb46f5ac39a7400dfe637f706ff8	2026-04-27T23:29:40-04:00	agentdevan	docs: surface data local sync export canon in docs index
847c9689d1f3ad18056c149c9411e7b9646d721e	2026-04-27T23:47:46-04:00	agentdevan	docs: add wave 16 monetization product decisions
970e8d26a87b8d1475fb34802bec55f3c4420b9e	2026-04-27T23:50:07-04:00	agentdevan	docs: add monetization pricing business model canon
d95224c5829f5380dd3756b6885e6bb34adc20d8	2026-04-27T23:50:53-04:00	agentdevan	docs: index monetization canon
07c31f201e431d8f320119c97e3244f38132d3c2	2026-04-27T23:51:38-04:00	agentdevan	docs: surface monetization canon in docs index
43727618384823f89f042944b855b9e4cee35ec9	2026-04-27T23:59:18-04:00	agentdevan	docs: add wave 17 launch scope decisions
2ab9a3aa2684b8048da25558215309a2a050e125	2026-04-28T00:00:02-04:00	agentdevan	docs: add launch scope mvp quality bar canon
69ea660a6c0379a50a9b7cf83c6148cab40a6421	2026-04-28T00:00:40-04:00	agentdevan	docs: index launch scope canon
d0ea3d5be253245ab0ce1e8a7004dc5d05199e05	2026-04-28T00:03:32-04:00	agentdevan	docs: surface launch scope canon in docs index
1e57aebe8a4cfca687c6567d3011bccb6909303d	2026-04-28T00:05:09-04:00	agentdevan	docs: add wave 18 roadmap governance decisions
b2aec1d460237d1d71ada60b066b1e4bb15a4857	2026-04-28T00:05:41-04:00	agentdevan	docs: add roadmap batch governance canon
d9a0d86f6a85bf69e645e78c54d01bd196c3efab	2026-04-28T00:07:05-04:00	agentdevan	docs: index roadmap governance canon
1b8327985817b0d8c75ee6b4099ca6aa9414d00c	2026-04-28T00:15:42-04:00	agentdevan	docs: surface roadmap governance canon in docs index
a09c5382a5b495161eb6f090fdad0b36ed4db936	2026-04-28T00:17:55-04:00	agentdevan	docs: add wave 19 canon completion decisions
06d8a2769a7774e3e5aa15da06facd9310e39d34	2026-04-28T00:19:02-04:00	agentdevan	docs: add canon completion report
7160b2ffad1ab40f8f82e808313a3816f0235954	2026-04-28T00:19:56-04:00	agentdevan	docs: update source map for completed canon waves
0f33d10287cd1c70ee5756a01ddd3b7821e3cecf	2026-04-28T00:21:28-04:00	agentdevan	docs: update acceptance gates for completed canon waves
06146e4b9daceefe81dcd74769b178b0209b5fa9	2026-04-28T00:22:20-04:00	agentdevan	docs: index canon completion report
663acd9b00e928163d6f72728ab29f495492be5a	2026-04-28T00:23:04-04:00	agentdevan	docs: surface canon completion report in docs index
e8bddd70babe2b7735fb379b91143cda48f92e35	2026-04-28T00:30:10-04:00	agentdevan	docs: add post-canon docs reconciliation review
97dc1e510f421191b0aa6e1673fd475716e50401	2026-04-28T00:32:04-04:00	agentdevan	docs: index docs reconciliation review
dbd0a05697a0a491ad0436ab8057d1e43a9b8773	2026-04-28T00:33:34-04:00	agentdevan	docs: surface docs reconciliation review in docs index
c3783d579562aeb3a3883de16ff627e4411d1c81	2026-04-28T00:40:39-04:00	agentdevan	docs: reconcile codex context read order after canon waves
d4d8c1c676cba3b48e065a1600a6cfd289d07e6b	2026-04-28T00:41:07-04:00	agentdevan	docs: reconcile archive index with current canon map
7922d1d599b572db7408979840c978a77852d94e	2026-04-28T00:41:43-04:00	agentdevan	docs: clarify historical batch docs status
17f846c1b5aa9c9a05024eff14ee56d1d0afa72f	2026-04-28T00:42:40-04:00	agentdevan	docs: update root planning stack for completed canon waves
d302570d780ed9b9f50476653bf542b6cfe23e35	2026-04-28T00:43:41-04:00	agentdevan	docs: clarify legacy decision log relationship
cd18f56fcdea32301c42e094d7b8ea4b079ccf44	2026-04-28T03:08:43-04:00	agentdevan	docs: add human language review canon
88accf42d7031cd4072bc5095e22cd12019a2dd9	2026-04-28T07:02:28-04:00	agentdevan	docs: humanize today language canon
edd8ecd79a685244e9c76e1221b752a43e08521c	2026-04-28T07:03:29-04:00	agentdevan	docs: remove ai-coded user-facing language from ux matrix
d15519a98898485d7380d037efcb2051118a4bbe	2026-04-28T07:04:53-04:00	agentdevan	docs: add human language review to source map
5759fb486ac7c2018dd7deda55b2ff9e0dce48df	2026-04-28T07:06:42-04:00	agentdevan	docs: add human language acceptance gates
934310a9ca4fc072d911d488ac4ffaea7345116e	2026-04-28T07:18:43-04:00	agentdevan	docs: index human language review
f30ac8d585f34dc79d388edd6bd5df41bacd1530	2026-04-28T07:19:47-04:00	agentdevan	docs: surface human language review in docs index
abbe513fc5ef5ace3db423d97dbfafdb4419835e	2026-04-28T07:31:06-04:00	agentdevan	docs: add golden launch loop canon
71fa4680fa12695cb2187ce6723dc0fd916f123e	2026-04-28T07:33:44-04:00	agentdevan	docs: add golden launch loop to source map
31c865f644d6fdd26ef599d4f46767e847911177	2026-04-28T07:35:27-04:00	agentdevan	docs: strengthen launch scope with golden loop
6bb4ee3f8c26b0646dc7937085fedee336e57096	2026-04-28T07:38:33-04:00	agentdevan	docs: add golden launch loop acceptance gate
cd232f28d28c737bcae42f8b979a553bc191c50b	2026-04-28T07:41:01-04:00	agentdevan	docs: index golden launch loop canon
8af0b3dea5788c0ff09cfd79d2f1e3fc69a489cf	2026-04-28T07:42:00-04:00	agentdevan	docs: surface golden launch loop in docs index
495eaa6b099aed069760e3ae9936df67b06d90ab	2026-04-28T07:43:22-04:00	agentdevan	docs: add golden loop to codex context order
db935308958824b6952518d1ebb09f2b4ec8756e	2026-04-28T07:44:31-04:00	agentdevan	docs: add golden loop to root planning stack
3a5909ac5a2da4fd327894eb750f4e2f9eb6daaa	2026-04-28T07:52:29-04:00	agentdevan	refactor: humanize plan visible labels
51a69cd9967873a626e3b68812c280efe08411d1	2026-04-28T07:54:04-04:00	agentdevan	docs: add golden loop roadmap batch classification
b2fe445f4ab94148cc450d67885fe575ea339cc7	2026-04-28T07:55:11-04:00	agentdevan	docs: add roadmap batch classification to source map
a2ae456097cd172b324742c493859f651bebb385	2026-04-28T07:56:09-04:00	agentdevan	docs: index roadmap batch classification
57190179f9aee9de42dc161a5599e9c581e90850	2026-04-28T07:57:09-04:00	agentdevan	docs: index roadmap batch classification in docs status
0ce9ad9726c252c1eaa2e894218a2a751e538bf1	2026-04-28T07:58:16-04:00	agentdevan	docs: add roadmap batch classification to codex context
20f623cdd542000d3a7b50970c6342883cdaf69f	2026-04-28T08:00:55-04:00	agentdevan	docs: add roadmap classification to root planning stack
f185f6ccea313c53ce054b6b5973738d15f1b778	2026-04-28T08:09:53-04:00	agentdevan	refactor: humanize create goal copy
9e3464797036e5b450e7317511479fc439ff994e	2026-04-28T08:11:14-04:00	agentdevan	refactor: humanize widget placeholder copy
6e87110a285b812598c319c686da9bdc489c78fe	2026-04-28T08:14:01-04:00	agentdevan	refactor: humanize app intent labels
e1af02bf76821dab4eccd4dd69d68f35d0c2f75d	2026-04-28T08:16:17-04:00	agentdevan	docs: apply roadmap launch classification
e3b8aec134f09b308fcf64d555477f44775ed0b4	2026-04-28T08:18:07-04:00	agentdevan	refactor: humanize chip accessibility labels
9741b6ed940e5843f5ce146d8afda628b23c885c	2026-04-28T08:22:56-04:00	agentdevan	refactor: humanize widget preview copy
74acefcddef348453573d84c4575bd0674e2624e	2026-04-28T08:25:50-04:00	agentdevan	refactor: humanize rich panel semantic labels
0aff76f54f040a365c5fdaa9bd8104506852a780	2026-04-28T08:28:37-04:00	agentdevan	refactor: humanize shell chrome labels
6e435ebf252ce567a61bae4e522945829887c8bf	2026-04-28T08:49:00-04:00	agentdevan	refactor: humanize root shell labels
92c691b81aa151ffe9d5ce256db567774e1bf3e0	2026-04-28T08:51:43-04:00	agentdevan	refactor: humanize navigation history labels
69d7e611acce5287b3a807e7e2ce64a1df153ce3	2026-04-28T08:56:01-04:00	agentdevan	docs: add D02 terminology review checklist
a768cb638442af8fd186b5ac80bd938c0bac338f	2026-04-28T09:05:07-04:00	agentdevan	docs: align D02 object terminology
eb05ad9d15cc218f425d5a523b445ef95dfe68b4	2026-04-28T09:10:30-04:00	agentdevan	docs: surface object terminology in docs index
c634af1de99ae9731c4da7c288e23be0fe8d80d0	2026-04-28T09:47:53-04:00	agentdevan	Stabilize D03 grouped navigation list foundation
765b712f79f5bfbd8cac493e0ae1303799948384	2026-04-28T10:39:29-04:00	agentdevan	Implement D04 panel density foundation
cfe3dcec9c565fc2405d7842cd32be880d5fb3c4	2026-04-28T11:13:11-04:00	agentdevan	Complete D05 receipt search privacy contract
f3db05ced6eca94008918a6338da3b7e84fcc20b	2026-04-28T11:24:13-04:00	agentdevan	docs: add post-D26 maturity roadmap
bb3efa5055873af8b8679c8522de3e2a0e90b276	2026-04-28T11:25:44-04:00	agentdevan	docs: index post-D26 maturity roadmap
1ee89c29d3ca6d9c6ef7bb993cd9780944bde820	2026-04-28T11:28:00-04:00	agentdevan	docs: add post-D26 maturity roadmap to source map
4a6d44873b0a1230e39c26989912bf77f1015bcf	2026-04-28T11:29:05-04:00	agentdevan	docs: index post-D26 maturity roadmap
26065a4ffc8e607f8988b27b2a8f3bcfcafa8812	2026-04-28T11:30:13-04:00	agentdevan	docs: add post-D26 maturity roadmap to codex context
f2ddffe27e36d50eefe64ceedaa20a68601acc90	2026-04-28T12:52:09-04:00	agentdevan	Complete D06 smart attachment foundation
2144b456a89aa5b18f636733f780f3bf782529f0	2026-04-28T13:13:23-04:00	agentdevan	Complete D07 life areas atlas foundation
1b97a843888df6cb1db79354c1c768cd7047f679	2026-04-28T13:28:57-04:00	agentdevan	Stabilize D07 Goals UI smoke
a38ddbe88d79e045a8765df3fbd5fbb005d50590	2026-04-28T14:12:26-04:00	agentdevan	Complete D08 north stars foundation
8865c7e86edb852b9221791f8c217f27389efb99	2026-04-28T14:52:43-04:00	agentdevan	Complete D09 one-step goals foundation
82268e65010ee797deefd07246d128f2ff6775fd	2026-04-28T15:03:16-04:00	agentdevan	Complete D10 screen contract implementation pass
69f31500501fb000efe5386b803fec42821d609e	2026-04-28T15:46:32-04:00	agentdevan	Complete D11 today constitution alignment
c5a25a909d6c6fde4aaff9c93130a9408706cad7	2026-04-28T16:35:35-04:00	agentdevan	Complete D12 capture command alignment
ff447b85f4adeb5d7b0d6ef1766915c3fd3321db	2026-04-28T17:20:57-04:00	agentdevan	Complete D13 goals life areas transformation
aed5c2a77ba32f0316fa24c92ebead129848f612	2026-04-28T19:48:23-04:00	agentdevan	Complete D14 goal detail lanes alignment
3e581f138241d01f23f06980d4c0bf040e4d2ee1	2026-04-28T21:09:29-04:00	agentdevan	Complete D15 plan timeline alignment
d278ae8f994555d8c4d5166d523018cdc5c36aaa	2026-04-28T21:28:19-04:00	agentdevan	Complete D16 ritual split alignment
82a3482d60fe631f80cc32fc4101a361873524d0	2026-04-28T21:43:11-04:00	agentdevan	Complete D17 you system center alignment
ee1302789176ef31b5876543974b2d2481a7631c	2026-04-28T22:02:30-04:00	agentdevan	Complete D18 trust center alignment
7869e573b717bd48acb3bf781e8d658f194f6d63	2026-04-28T22:28:31-04:00	agentdevan	Complete D19 what ambitions knows
3b0324e01797448217f3c60d11a352b528e4280d	2026-04-28T23:00:52-04:00	agentdevan	Complete D20 ux writing cleanup
d65e645e15454fd1270b1e528871b91c7a1394c5	2026-04-28T23:16:05-04:00	agentdevan	Complete D21 accessibility nutrition verification
fbc793f1d1d069deed349f2b73e49fb55e1bf9d4	2026-04-28T23:31:29-04:00	agentdevan	Complete D22 external surfaces contract
5d62632676e3d162c500101a5736a0a3071d2d9f	2026-04-28T23:42:37-04:00	agentdevan	Complete D23 widgets alignment
c1c2ab2e519a3584d9e7c6dac13f2e5f892a845d	2026-04-28T23:57:43-04:00	agentdevan	Complete D24 live activities alignment
b8d102d20ad0db70474361b2c0ab288033b1d683	2026-04-29T00:16:10-04:00	agentdevan	Complete D25 app intents shortcuts alignment
c7d444ad47fd9cba7302c9b589faa58aa13c6c48	2026-04-29T00:25:58-04:00	agentdevan	Complete D26 release candidate validation
c376bd28c88f47289ebfef70e3384cda14877114	2026-04-29T00:43:54-04:00	agentdevan	Complete M01 core surface integration qa
1b2a0c2caef47d336f836a0ee278f78a10e18080	2026-04-29T00:57:27-04:00	agentdevan	Complete M02 export import disaster drill
e0bbd82cea6c093ccebefd723e38e3b77c71b53a	2026-04-29T01:18:38-04:00	agentdevan	Complete M03 data safety reliability hardening
48833c6618106c0993a921d610fde2965c32f2cf	2026-04-29T01:42:34-04:00	agentdevan	Complete M04 external surface verification
90b280bdad67772c7d3a3c2a7f10ead96ddd3a67	2026-04-29T02:06:06-04:00	agentdevan	Complete M05 path intelligence foundation
9305cb51d1f847f42eabee39453d6febf5738c4b	2026-04-29T02:08:16-04:00	agentdevan	Record M05 continuation status
ed7e8404a684fdc6cb010cdb553472487f188002	2026-04-29T02:36:39-04:00	agentdevan	Complete M06 domain path packs
3558606e4d87ddc13553af8e42c52bebf3c1ae05	2026-04-29T03:21:08-04:00	agentdevan	Complete M07 path builder roadmap
98f862b4251d7117972c96b44c868a634d3df89a	2026-04-29T04:34:45-04:00	agentdevan	Complete M08 learning memory maturity
52d4149a7e48885f83a18d97f60abe9b7b843b5a	2026-04-29T05:17:51-04:00	agentdevan	Complete M09 reviews progress maturity
66343af2e8024f5c76ef628a3d66116f556340d2	2026-04-29T05:45:52-04:00	agentdevan	Complete M10 portfolio momentum maturity
592fcb98e1bdc7584939c8791ba623e77eaa4638	2026-04-29T06:20:11-04:00	agentdevan	Complete M11 plan recovery maturity
8505b5348ee863f8c249ae6190bd4c4cfebb8307	2026-04-29T06:42:09-04:00	agentdevan	Complete M12 continuity performance maturity
4c9e168aba8279c1d91db0b0f0cb2c17dd1fb25f	2026-04-29T07:53:51-04:00	agentdevan	Complete R01 accessibility claims lock
84c7d6669011350f85d5f4d62ed10e613c83ab96	2026-04-29T08:08:56-04:00	agentdevan	Complete R02 performance responsiveness pass
334bfcb59b41c0d2bdc490002f634f54f7c5464a	2026-04-29T08:39:16-04:00	agentdevan	Complete R03 device qa testflight readiness
bad4997845541663f796d6041f2a98059c11754f	2026-04-29T08:57:59-04:00	agentdevan	Complete R04 app store privacy demo readiness
3d3075d20f3f8d57edd1abb191b396f1ac8f343d	2026-04-29T09:13:51-04:00	agentdevan	Complete R05 rc lock decision
b10bfc5ca6c2546be05a955f5aed23cd3bedc55a	2026-04-29T09:35:36-04:00	agentdevan	Prepare simulator release review handoff
55e42355d10d867389dc9de5e3deb4c6d19ecfc6	2026-04-29T11:50:37-04:00	agentdevan	Document visual QA red-team findings
f02ecf2477e9c69a25d481c1e1ec184c2bba0acd	2026-04-29T13:15:00-04:00	agentdevan	Fix core visual shell and You navigation
e69081b92efba90e36af4d88890521741d5b679c	2026-04-29T21:13:18-04:00	agentdevan	Integrate Ambitions v2 grounded time context and surface canon
83bc9e4a3c78ea7af050702148b181da25ff1bae	2026-04-29T21:54:55-04:00	agentdevan	Polish Ambitions v2 visible step language
d182cf1d66138bd6e5f626d458bc788865db294b	2026-04-29T22:14:01-04:00	agentdevan	Make Capture bottom composer driven
c515b5e99168dd253e7c2a755c9c43bee434f18d	2026-04-30T00:44:09-04:00	agentdevan	Update master visual product system direction
f7908017e9020c6beb53ab93945c1f946b9e5718	2026-04-30T00:45:43-04:00	agentdevan	Add v2 product visual decision addendum
ae0ed0c930bf5bb9070f48319a36c4b13653ae82	2026-04-30T00:49:20-04:00	agentdevan	Reference v2 decision addendum in source of truth
8e0277670a92cda14424f6aa28c00143650407c3	2026-04-30T02:09:31-04:00	agentdevan	Add Ambitions 3.0 front-end redesign index
b50aaf356224d5ddc85e50298ebd8c0e382e1adc	2026-04-30T02:11:08-04:00	agentdevan	Add Ambitions 3.0 Day Rail SwiftUI build spec
d2ad5cf46f66e95c917959a82fcda8c540ec1030	2026-04-30T02:31:32-04:00	agentdevan	Add Ambition Meridian Shell build spec
5e7ba0a07ae1d3b25aede9373f9d31b8d7a28364	2026-04-30T02:31:50-04:00	agentdevan	Add Ambitions 3.0 golden launch loop upgrade bank
6899a86002ba65a1750ccbb4e00445d355a4e89d	2026-04-30T02:32:37-04:00	agentdevan	Link golden launch loop upgrade bank from front-end index
e7ca4bcbe44ac22f21f9558d1a8ce83de27b91ec	2026-04-30T02:47:17-04:00	agentdevan	Add Ambitions 3.0 universal object lifecycle contract
4d66ab4cb6ec9c06e204d7953bdaa9f66627ffeb	2026-04-30T02:47:25-04:00	agentdevan	Link Ambition Meridian Shell spec in 3.0 index
73d3c1540f231e32bbaaaa2d542187f0ea3a7cd0	2026-04-30T02:47:50-04:00	agentdevan	Add Ambitions 3.0 object ownership matrix
c1b0a1d6ef1c74e43ada6f205b76ebf60124622c	2026-04-30T02:48:54-04:00	agentdevan	Add Ambitions 3.0 surface state matrix
e5dc0dc8e6400d29459eff024f0a56ea8f7955e4	2026-04-30T02:50:00-04:00	agentdevan	Add Ambitions 3.0 action verbs and receipt grammar
ba778bd1b1bd15df34b6514250369f30d0418f6e	2026-04-30T02:50:42-04:00	agentdevan	Add Ambitions 3.0 recommendation contract
d040ed2ad838d4d1609410d884c03dc0b06f8698	2026-04-30T02:52:01-04:00	agentdevan	Add Ambitions 3.0 placement resolver spec
33240f6b2e984f70537e52ebbd2136cce3d28a38	2026-04-30T02:52:42-04:00	agentdevan	Add Ambitions 3.0 action closure sheet spec
21fce5759342702f7cdd663a13adf0910423d3a9	2026-04-30T02:55:03-04:00	agentdevan	Add Ambitions 3.0 proof receipts reviews contract
27f00655109608f3472155638aa05a4417cd23d4	2026-04-30T02:55:54-04:00	agentdevan	Add Ambitions 3.0 signature objects and rail grammar
629058cae7c5275882734462213d0c098b5904ed	2026-04-30T02:58:45-04:00	agentdevan	Update Ambitions 3.0 front-end parent canon index
182a4015db29fdcee07995c9edcb1c5f473499a1	2026-04-30T06:46:10-04:00	agentdevan	Add Ambitions 3.0 source of truth override
ee060d61653887b7bbf0ade44d3de8711f2af228	2026-04-30T07:48:28-04:00	agentdevan	Add Ambitions 3.0 front-end implementation batch plan
88d10bd98162cfcf35d6108bed0adcda94f3102b	2026-04-30T07:58:47-04:00	agentdevan	Add Ambitions 3.0 current implementation gap audit baseline
20c96d9309a685051aa56efa44ce58a9da3997e9	2026-04-30T08:08:13-04:00	agentdevan	Add Ambitions 3.0 screenshot readiness spec
71499195bc3a78589a005b9e920c3bcd544072a7	2026-04-30T08:10:09-04:00	agentdevan	Add Ambitions 3.0 first 60 seconds spec
c0ee72c983dec584a6ea0d572f5cec3bc3cf6f80	2026-04-30T08:11:09-04:00	agentdevan	Add Ambitions 3.0 UI invention evaluation framework
0cb3145c87a2a1668968f3111d63157a6e5876c0	2026-04-30T08:13:39-04:00	agentdevan	Add Ambitions 3.0 documentation system index
ff493c07834920be9b7405e83a598502e03a15a9	2026-04-30T09:06:22-04:00	agentdevan	Add Ambitions 3.0 UI invention upgrade bank
f167b141c153de4ae1448138faaad83e2e3e9b85	2026-04-30T09:09:28-04:00	agentdevan	Link UI invention bank from Ambitions 3.0 documentation system index
92168eaf5f216c3bb4c0cb7b11b65a5ac324c78e	2026-04-30T09:10:09-04:00	agentdevan	Add UI invention bank to Ambitions 3.0 source override
865a4bad7ff287ea07924c2c5f81443719664639	2026-04-30T11:36:16-04:00	agentdevan	Add Ambitions 3.0 product strategy brief
7b44a548142dfaf336b1e12a1d7a48683775b7c9	2026-04-30T11:39:41-04:00	agentdevan	Add Ambitions 3.0 primitive architecture
5bcf7b865c9fa82579b06abbf00282e87f85370a	2026-04-30T11:42:13-04:00	agentdevan	Add Ambitions 3.0 product language system
6b3fdebb14f5c851f327d56f52bea36f3cc370f4	2026-04-30T11:42:44-04:00	agentdevan	Add Ambitions 3.0 Plan Life Suite endgame
bf8e7bc6a515b071fcc7ab3a575795f996a56e02	2026-04-30T11:43:18-04:00	agentdevan	Add Ambitions 3.0 Operating Shell canon
82cbe107b52fdeeddaf7c71239360eb5801d874d	2026-04-30T11:43:52-04:00	agentdevan	Add Ambitions 3.0 state machines and domain flows
d3c5af478721f5e610e3f9586141bbefd9417375	2026-04-30T11:44:20-04:00	agentdevan	Add Ambitions 3.0 recommendation eligibility engine
c376c68af708cc0ea354be84664828ebcc53ed83	2026-04-30T11:45:33-04:00	agentdevan	Add Ambitions 3.0 evidence hierarchy
c0a332432129d03802eb0aca9fa470e8479b313d	2026-04-30T11:46:13-04:00	agentdevan	Add Ambitions 3.0 personalization consent model
607f0ecbe5cb4e9b8fdedb1975feb98e1c3ed7a6	2026-04-30T11:47:13-04:00	agentdevan	Add Ambitions 3.0 content QA and copy guard
b6077d7dc71c3ebfbaf79320123097dfcd6b08bd	2026-04-30T11:47:45-04:00	agentdevan	Add Ambitions 3.0 Codex-only implementation and testing strategy
657c29e6cb1fb4131883f0c1b45fd6f962669254	2026-04-30T11:48:35-04:00	agentdevan	Add Ambitions 3.0 migration and deprecation plan
22f8f1ae2e9f77d6f0b20eebabc845ced91d0602	2026-04-30T11:50:53-04:00	agentdevan	Add Ambitions 3.0 privacy threat model
32243f75ea22ba3e0c92eef88fd1b93e08557819	2026-04-30T11:51:30-04:00	agentdevan	Add Ambitions 3.0 accessibility conformance plan
4ea38c928ab56ea47c687e1ae21f52dc3482d569	2026-04-30T11:52:16-04:00	agentdevan	Add Ambitions 3.0 competitive positioning and language research
395a636c6dd61062b47200841fcbeaff1783d8f5	2026-04-30T11:52:46-04:00	agentdevan	Add Ambitions 3.0 data event taxonomy
becdcfc3a647ee0503b3b11f801d34eaf0c3e223	2026-04-30T11:53:31-04:00	agentdevan	Add Ambitions 3.0 release readiness and evidence gates
bfb37f7fbf714c3f54f2b8705dc96cf8acad2b01	2026-04-30T11:54:10-04:00	agentdevan	Add Ambitions 3.0 design system primitives
db0e42d7ffaaa0a025bd155d3b052ad97b0fced9	2026-04-30T11:54:47-04:00	agentdevan	Add Ambitions 3.0 top-level density constitution
f8e7194b0996340600dcfffd0205dd51f9f77f5f	2026-04-30T11:55:19-04:00	agentdevan	Add Ambitions 3.0 launch narrative and demo script
44b5a81a7ab38b6d3853099896db1b2c087d12ac	2026-04-30T11:55:51-04:00	agentdevan	Add Ambitions 3.0 UX research plan
c0b3b9aeb9700546a6dc33de09b17b78fb3ab855	2026-04-30T11:58:17-04:00	agentdevan	Add Ambitions 3.0 AI evaluation and grounding plan
fdac10625405d34b25c1236fa7e999fbd27106df	2026-04-30T12:00:44-04:00	agentdevan	Add Ambitions 3.0 rebuild operating model
437f0819094720e8a0b27459521cfb36f1b3c3b9	2026-04-30T12:02:40-04:00	agentdevan	Add Ambitions 3.0 north star and product metrics
65f9a72ec2183fd8964bc78604a97755a660a921	2026-04-30T12:03:32-04:00	agentdevan	Add Ambitions 3.0 information architecture and routing model
f34c916a59068b9657962f117c180a4d0a838e17	2026-04-30T12:04:12-04:00	agentdevan	Add Ambitions 3.0 microcopy pattern library
dddc0d8a2b0f04a105c50aa2c3f44766782e8dfe	2026-04-30T12:04:48-04:00	agentdevan	Add Ambitions 3.0 FAANG rebuild documentation completeness matrix
28326aa5742570011375b7173e5f55198ff34e1a	2026-04-30T12:05:45-04:00	agentdevan	Update Ambitions 3.0 documentation system index for rebuild model
7eb8a2580a629fea559f20291c8541265a9da05b	2026-04-30T12:07:42-04:00	agentdevan	Update Ambitions 3.0 source override for rebuild operating model
837daf23e2db56d5a0019f0bd062d6ae1230bc4b	2026-04-30T12:13:22-04:00	agentdevan	Modernize Ambitions 3.0 parent index for rebuild operating model
8b8c0302869724fd6b2773a2f3389a5d4a9af4e9	2026-04-30T12:22:43-04:00	agentdevan	Ignore generated scratch artifacts
8cd5c7fe910bab52b0d8312a7933d7ebd422e173	2026-04-30T12:25:31-04:00	agentdevan	Add Ambitions 3.0 repo hygiene and active canon policy
4156dd6465f37c996fc5373eab6b0cba00631ba5	2026-04-30T12:29:41-04:00	agentdevan	Rewrite README for Ambitions 3.0 active canon
23ad46714e8772eace1ecc3a7e5e2b0cfcca9de6	2026-04-30T12:32:18-04:00	agentdevan	Rewrite docs index around Ambitions 3.0 active canon
c01bf77faf5b8d739bea0755548f923d81ca5c6b	2026-04-30T12:36:30-04:00	agentdevan	Rewrite canon index around active Ambitions 3.0 docs
08f6c570d4bb6d5d8bb9f82f1a8c0706c2d07bde	2026-04-30T12:40:31-04:00	agentdevan	Update App Intents copy for Ambitions 3.0 language
6de8f79af4191ce6f544b1049f7244fcd2f8ea25	2026-04-30T12:44:13-04:00	agentdevan	Link repo hygiene policy from Ambitions 3.0 documentation index
a59fea465bb110919bdadd200c21bb8c294b0b63	2026-04-30T12:48:08-04:00	agentdevan	Add FAANG handoff readiness gate
f9d0854cf7e94dc30d07b26877b2fefde2deef48	2026-04-30T12:49:57-04:00	agentdevan	Add FAANG handoff repo cleanup Codex prompt
228f5e5b7460ddd6fd400b77556b63694815fd46	2026-04-30T12:51:40-04:00	agentdevan	Link FAANG handoff prompt from docs index
9027b84d447a14fa78390a34d7c0c07e0750a91a	2026-04-30T12:55:13-04:00	agentdevan	Link FAANG handoff gate from canon index
ff8e4628ca5365885f4769a1c882e1c29c5b3da4	2026-04-30T13:57:38-04:00	agentdevan	Complete FAANG handoff repo cleanup audit
26b9fb20e1037a9d82929aa6ed73cc7295954214	2026-04-30T14:12:40-04:00	agentdevan	Reconcile Codex guidance with Ambitions 3.0
2455856a9b45d2251187e1d98899adab21fa5c16	2026-04-30T14:12:56-04:00	agentdevan	Add Ambitions 3.0 Codex performance operating system
c05f67876b2b3e84c17cbcd812aac63e874f0c16	2026-04-30T14:13:05-04:00	agentdevan	Add Ambitions 3.0 Codex skills operations and validation packs
2aa63051ed1984cb2bd744f9cb577f9b86a0e0b2	2026-04-30T14:15:07-04:00	agentdevan	Add Ambitions 3.0 dependency management system
9f26ffaff65346f6b27cb877a33eb679f4ef3709	2026-04-30T14:15:13-04:00	agentdevan	Add Ambitions 3.0 master Codex prompt
23f3bcb9b6ae70da25b9e468c6e480d47647a561	2026-04-30T15:16:02-04:00	agentdevan	Add Ambitions developer tool bootstrap scripts
fa1fbd20d203ac4de827a77053dcde60915a7794	2026-04-30T15:16:18-04:00	agentdevan	Document Ambitions 3.0 dependency and validation tooling
6c4cf23b20848318ddbc3774b3e51c74237abc71	2026-04-30T15:57:19-04:00	agentdevan	Add Ambitions FAANG team operating canon
61ad03cbc5d2bad01131e04f33fd191bd2d73e78	2026-04-30T15:57:28-04:00	agentdevan	Add Ambitions task width UI test and run-state protocols
5282b23bd6ad62ad3b4870fe0694f492d5285250	2026-04-30T15:57:46-04:00	agentdevan	Index Ambitions FAANG team operating system
7802d14165a07026758f98d8cc72ba202d0830b2	2026-04-30T16:49:00-04:00	agentdevan	Complete F00 Ambitions 3.0 implementation gap audit
cb1b80a0027ee1eabcdbaef6c2df72c64a58e097	2026-04-30T19:05:23-04:00	agentdevan	Implement F02 Reality Rail visual states
1b54caece82c4578f20e9b52e195f20ff8592288	2026-04-30T19:47:52-04:00	agentdevan	Implement F03 Step Detail recommendation explanation
80312609c9ea887827f09dc136d7aa812fef7595	2026-04-30T20:28:31-04:00	agentdevan	Add Ambitions batch train orchestration docs
d529964991886fd4cabcfe3cb0e2e6e5e8a10ca7	2026-04-30T20:28:40-04:00	agentdevan	Add Ambitions batch train protocols and architecture checks
e1cd209357a1319fd4249e3f325990408858515e	2026-04-30T20:28:48-04:00	agentdevan	Index Ambitions batch train orchestrator
93aabb771fb79e21be243b6b693b2a576ccfc5b0	2026-04-30T20:58:24-04:00	agentdevan	Complete F03.5 Today state contract hardening
cfe10734cb4efcb87e2cee909fbb6316c88cd063	2026-04-30T21:26:31-04:00	agentdevan	Complete F04 step session routing
4867b11885e4d0f8c4bd2c88387786f7906d546d	2026-04-30T21:49:27-04:00	agentdevan	Complete F05 action closure foundation
5ec690435d8547272732abb913c7f08dd022eeec	2026-04-30T22:04:26-04:00	agentdevan	Complete F06 proof receipt ledger foundation
b1f4b9484fd95991ce93971ca5c9f895d4c3c3af	2026-04-30T22:20:55-04:00	agentdevan	Complete F07 capture composer cleanup
948587295737e8fada6041404b8afa0a82667777	2026-04-30T22:29:19-04:00	agentdevan	Complete F08 placement resolver foundation
69b88d932f3e4604eec48b573e8d2b176f8a9afe	2026-04-30T22:36:55-04:00	agentdevan	Complete F09 capture to goal handoff
701220222db7587251ad4beafbbd34f913eb86f1	2026-04-30T23:56:07-04:00	agentdevan	Implement F10 Plan Life Suite foundation
d7062591c735e73e2976f1444514ed2b08ab1b13	2026-05-01T00:10:16-04:00	agentdevan	Implement F11 day and week shape
125f7719fca6114127bde991d3aa08394633c332	2026-05-01T07:24:57-04:00	agentdevan	Implement F12 plan reflow recovery decisions
493c05f2b387760ee6468f61880773347f204513	2026-05-01T07:34:22-04:00	agentdevan	Implement F13 goal mission control
12cc71e01566c9052cf53d178e6f5e39e7f00bcd	2026-05-01T07:36:42-04:00	agentdevan	Complete F13.5 goals trust checkpoint
b6bef5324db5acca0c2bd30ad4815fc0a7bfc019	2026-05-01T07:49:13-04:00	agentdevan	Implement F14 You trust memory control plane
ebf5c9e838bd6b9ccbff01278074192e155e9624	2026-05-01T08:02:12-04:00	agentdevan	Migrate F15 legacy identifiers safely
92fedb3a13effc4b620a9f44064ead1eeb348ab5	2026-05-01T09:29:22-04:00	agentdevan	Modernize F16 UI test contracts
d2d2f96594f3c721e62ca71ed270494903376ea7	2026-05-01T09:59:55-04:00	agentdevan	Complete Ambitions F12-F16 batch train report
798adad2305f87ea42b26db58ae1bcc65462ac55	2026-05-01T10:31:41-04:00	agentdevan	Add Ambitions F17-F30 FAANG handoff completion train
346aaf266a21dec66ae67f3d97914c76b7aaf7be	2026-05-01T10:36:38-04:00	agentdevan	Document F17 shell Meridian readiness stop
d405fa8efaa00ff94f0258f5e80189143dd8e89f	2026-05-01T11:13:57-04:00	agentdevan	Resolve F17 shell Meridian ownership
bfbb038b4a09c5e537246799aa01d0269fb3f3ab	2026-05-01T11:23:39-04:00	agentdevan	Add feature-flagged Meridian shell
b759b6ec7e062ce7b6919d4ca75ac2a14539dffc	2026-05-01T11:41:45-04:00	agentdevan	Prove F19 shell route parity
8ce1b630f8164c0adadb935488bb349c5cf77623	2026-05-01T11:48:31-04:00	agentdevan	Prove F20 external surface privacy projection
7d14f72ad080c6bbbd634f3ffd18762f0196504e	2026-05-01T12:20:32-04:00	agentdevan	Document F21 UI smoke stabilization stop
7f68fcd892f6dbc2a96f84509476cfa7bdf85cbb	2026-05-01T14:44:50-04:00	agentdevan	Harden F21.5 UI smoke reliability
7e6357294141c4b5a6306e67ec5cd8361705e123	2026-05-01T15:06:02-04:00	agentdevan	Complete F22 product language baseline reset
b8848bc1b55c080054090823c25e97d22bed6cb8	2026-05-01T15:11:47-04:00	agentdevan	Complete F22.5 doc QA backlog closure
6cd9724ee61e7b0c936d55c8d3a48aba0437008a	2026-05-01T15:18:41-04:00	agentdevan	Complete F22.7 human-made repo hygiene gate
6724f135f1eb7e165a707f71db5badc370f42bfd	2026-05-01T15:25:26-04:00	agentdevan	Complete F23 accessibility ADHD QA
0e850238e6802ce34373714a3fcd89916a7aa2c8	2026-05-01T15:31:35-04:00	agentdevan	Complete F24 privacy trust QA
26ddf5b7e6a3a2aff12d7b56cf2192c99fc8e0fd	2026-05-01T15:40:00-04:00	agentdevan	Complete F25 device performance edge case QA
6c82cb5d9a1013bc99c1e15ab9eaf95f19fce0e0	2026-05-01T15:47:54-04:00	agentdevan	Complete F26 app store demo truth
bc06acaeccecda826ab84837d2c57cf630fbb5da	2026-05-01T16:30:49-04:00	agentdevan	Record F27 handoff gate partial
2dfb4b2447943b5e3fb4faef3f46e1c0f7d0301a	2026-05-01T22:40:03-04:00	agentdevan	Record F28 handoff repair green
78cc0eb10be1c2552424bcec97830c0a77605461	2026-05-01T22:46:30-04:00	agentdevan	Record F27.5 maintainability audit green
d3fe0e5024fd334907c26b615fd4a2b4424482aa	2026-05-01T22:55:44-04:00	agentdevan	Record F29 engineer handoff green
f587f46811515bd234fc44c74c6f34ef9fb1767f	2026-05-01T23:02:34-04:00	agentdevan	Record F30 final train closeout
f33ef2c9532e172b8f16bf04ddae4461f05ec79e	2026-05-02T00:11:55-04:00	agentdevan	Add AmbitionsOS future canon and Beyond 3.0 continuity plans
c0b2de1d4a468b394a62bbc964d3bcb651ea6ff6	2026-05-02T00:43:48-04:00	agentdevan	Harden future trains and verify 3.0 status truth
06ba6285a1a96621b2c252ef64d92c69add6853f	2026-05-02T01:04:02-04:00	agentdevan	Add PXOS future canon and upgrade product train controls
5d114ae93d7bf08149613f5586f08b28b3a4f8cf	2026-05-02T01:10:30-04:00	agentdevan	Add PXOS top-level surface composition rule
8271db462b30c5b4599e76d70ca862c7be479164	2026-05-02T01:42:51-04:00	agentdevan	Add global batch execution order and orchestrator
400e5dfd9a54c444c703429b226889a780c0f9eb	2026-05-02T02:02:57-04:00	agentdevan	Harden future batch prompts
c31cc4d4831fb4ecfe5db97ee6695ad4be730ba2	2026-05-02T02:17:59-04:00	agentdevan	Formalize Product Depth train and update global order
6fe51b5cf5bcb74ccef46371493b0965ce74aa01	2026-05-02T02:50:44-04:00	agentdevan	Reconcile Ambitions 4.0 execution status semantics
2f3083716450d8fdb8abdb45876ef0f44fe08351	2026-05-02T03:13:07-04:00	agentdevan	Repair global batch sequence preauthorization gates
9e32cbbdfbb5d576c4c0e92596f7d33ca59af56e	2026-05-02T03:17:16-04:00	agentdevan	Run REC02 Human Operator Release Proof Plan
a5d11444f27313685fc98d8a75600c6b0fb5d238	2026-05-02T03:23:12-04:00	agentdevan	Repair REC02 post-commit status drift
71b1ca954d76af41ab03c49c10f26d002c328b4b	2026-05-02T03:30:33-04:00	agentdevan	Run REC03 Validation Log Ledger Closure
44b2bd169574a22200921d1b9819de8309a33d40	2026-05-02T03:32:03-04:00	agentdevan	Repair REC03 post-commit status drift
fd81e068505034a45b62bb61b437990bc21bf652	2026-05-02T03:38:27-04:00	agentdevan	Run REC04 Release Claim Copy Guard
3d6a48a2f221b167c4ea0590314a25928283108c	2026-05-02T03:40:04-04:00	agentdevan	Repair REC04 post-commit status drift
ce2fb5d959212567b25dd353e5ae3e10705dc132	2026-05-02T03:52:01-04:00	agentdevan	Run REC05 Human Review Packet
7e523da6fca272729cb592f92a72bb2f0ec66a86	2026-05-02T04:00:04-04:00	agentdevan	Run REC06 Release Evidence Closure Handoff
cdda3211f21e94339a8b76b60efd90b05908d47c	2026-05-02T04:01:36-04:00	agentdevan	Repair REC06 global order drift
eeebf779cca89842b3298c904b16d2b814ad840d	2026-05-02T04:19:14-04:00	agentdevan	Run PX01 Product Experience OS Canon And Surface Hierarchy
c773fd382101a61d40f98556d43a81d180e194cf	2026-05-02T04:27:57-04:00	agentdevan	Run PX02 Today Experience Operating Surface
7e440969f63ac3ee6a8c7a7cfe33602be9ca04ff	2026-05-02T04:40:30-04:00	agentdevan	Run PX03 Goals Mission Control Experience
7787823df971511d4862f83d25c868d67c266ee9	2026-05-02T04:51:44-04:00	agentdevan	Run PX04 Capture Experience
7ab42f450d0a642f62f86b0dbe62a1d82b831636	2026-05-02T04:59:50-04:00	agentdevan	Run PX05 Plan Life Shape Experience
2e3ddf9afe5112e1985db62c68353ecfd665d16a	2026-05-02T05:15:57-04:00	agentdevan	Run PX06 You Personal System Center
696abaa3592373975469c0d9d05fb1bbb6699440	2026-05-02T05:21:55-04:00	agentdevan	Run PX07 Action Closure Recovery Experience
088e34d86c05eef0eb0b62e661642acff7901d96	2026-05-02T05:35:47-04:00	agentdevan	Run PX08 Trust Proof Receipts Experience
e920904b0c309ab0d09b769c1a8e0d00372a1f85	2026-05-02T05:43:48-04:00	agentdevan	Run PX09 Copy Language Explanation System
ae2c6bc14471d9597466ed153b472d10b22149c0	2026-05-02T05:56:44-04:00	agentdevan	Run PX10 Visual Interaction System
a308b40af5f1c74be30dc98c177b8d5123967390	2026-05-02T06:04:06-04:00	agentdevan	Run PX11 Onboarding Setup Experience
bf5b0e9b703d236a65505c9d961657c5b3b0a2fa	2026-05-02T06:11:24-04:00	agentdevan	Run PX12 Accessibility Cognitive Load Emotional Safety
20d47ba898779bc7fe622196b6ca483503995e72	2026-05-02T06:19:02-04:00	agentdevan	Run PX13 Empty Edge Degraded States
6153f5f69505b3adb09d074d2b12762284c6e769	2026-05-02T06:27:24-04:00	agentdevan	Run PX14 Product Depth Drilldown Architecture
0d4ebb2db1f4ac7c1382b52855ddd54406b54f5d	2026-05-02T06:37:19-04:00	agentdevan	Run PX15 Cross Surface Continuity
bdeac2c548df9f72d9fadc972824fd1fd3864916	2026-05-02T06:38:31-04:00	agentdevan	Repair PX15 post-commit status drift
e49b2d9899b5967056d7728255bc32053690971b	2026-05-02T06:44:29-04:00	agentdevan	Run PX16 User Facing AI Trust And Recommendation Copy
545cd3db762e7d7ac9ae823d48d44c2ac73f9442	2026-05-02T06:44:54-04:00	agentdevan	Repair PX16 post-commit status drift
e5d28651d027d3b03c7b90feb4eb1f0392a9f290	2026-05-02T06:50:07-04:00	agentdevan	Run PX17 Release Truth Product Messaging
5de711d96a67bd3fe464315a6635dbafed4f93bb	2026-05-02T06:50:34-04:00	agentdevan	Repair PX17 post-commit status drift
cf14b43b8710bf967acc64cd55b0f7851d52a4b3	2026-05-02T07:04:12-04:00	agentdevan	Run PX18 PXOS Implementation Readiness Reorder
0805ba7570ea1c266843ecfe5c55d95297dd5f4e	2026-05-02T07:04:51-04:00	agentdevan	Repair PX18 post-commit status drift
d924910e0513cc70c8838e35957f94fd5f588878	2026-05-02T07:15:17-04:00	agentdevan	Run PX19 PXOS Handoff
c1a6156025f8a28a54a1d5199ec5f4b1c86868d2	2026-05-02T07:16:03-04:00	agentdevan	Repair PX19 post-commit status drift
d99357894bddaf40cfc4239908940ae9cf619c6f	2026-05-02T07:26:02-04:00	agentdevan	Run PX20 PXOS Beyond Roadmap
6e274fd3d5fad53d70231f9449306155f49a25f8	2026-05-02T07:26:52-04:00	agentdevan	Repair PX20 post-commit status drift
02ba255d667ef9fd384e691d6736a28d1283326c	2026-05-02T07:44:42-04:00	agentdevan	Run ME01 Maintainability Baseline And Ownership Map
1024acd19b30ab3827b123c7e28e8afb6eb1a3fc	2026-05-02T07:45:53-04:00	agentdevan	Repair ME01 post-commit status drift
35a121f4d9870190fff72f15a351cda75172d5bf	2026-05-02T10:15:27-04:00	agentdevan	Run ME08 Shared Projector State Helper Standards
9f3ba2fc7bb25893cdc2cec0deaa329bae96d282	2026-05-02T10:16:01-04:00	agentdevan	Repair ME08 post-commit status drift
dc76622d287570bdd8e5088eaed9c482a34b5e7f	2026-05-02T10:24:22-04:00	agentdevan	Run ME10 Architecture Scan Gate
b58bad4328848a8b01a57757f1dfa4c10a35d8f1	2026-05-02T10:24:59-04:00	agentdevan	Repair ME10 post-commit status drift
10e8357b456be501776205d43325811be9d0cf0b	2026-05-02T11:04:23-04:00	agentdevan	Run ME02 GoalsFeatureService Extraction
12531d344ca71b10e50b5dfc87000430da283c87	2026-05-02T11:04:58-04:00	agentdevan	Repair ME02 post-commit status drift
a2ee3758e8ddf48b4634be4a2158a47d97e26889	2026-05-02T11:37:10-04:00	agentdevan	Add Signature Interface Codex OS quality gates
6ec41d1a6cb1badf1c59fcc127b45309bb72696d	2026-05-02T11:37:48-04:00	agentdevan	Record Signature Interface Codex OS gate commit
67bd17f2635e22021abb53ec40b8a6d63312a096	2026-05-02T12:01:17-04:00	agentdevan	Formalize Signature Interface train and update global order
25b693c15f79845ca68ccb004fbdc15e63c0f4ac	2026-05-02T12:02:10-04:00	agentdevan	Record Signature Interface formalization commit
e2f48861efdf785cc543d4f502f5fb45b2df7dc5	2026-05-02T12:19:32-04:00	agentdevan	Run ME03 TodayFeatureService Extraction
69c95fa15ca9ce536c8b740304c1ad9b96c3c7da	2026-05-02T12:19:57-04:00	agentdevan	Record ME03 extraction commit
5c56965d9c4a850828e58183b65869e1ed4bf372	2026-05-02T12:20:49-04:00	agentdevan	Repair ME03 post-commit status drift
abe12bcaffa5ef8a84fee172e08cf9d1025cb1af	2026-05-02T12:30:47-04:00	agentdevan	Run ME04 TodayPanels Extraction
d3a09f8293937e4b71f117799e861b45b7441fef	2026-05-02T12:31:09-04:00	agentdevan	Record ME04 extraction commit
bd27dd73454e7957d999c344e2f9f0d3b1cce899	2026-05-02T12:32:19-04:00	agentdevan	Repair ME04 post-commit status drift
a6c39110b28b19c921f44c05ac6a8acf812b8d42	2026-05-02T12:42:36-04:00	agentdevan	Run ME05 PlanFeatureService Extraction
be2a72ecf95ea044b5a31edeef21eb922ca9fc1c	2026-05-02T12:43:23-04:00	agentdevan	Record ME05 extraction commit
dfd588c08d36e1ac9ab0344a65a30940338417f5	2026-05-02T12:44:46-04:00	agentdevan	Repair ME05 post-commit status drift
88eea7d8c2c689083eb74d8421ef1c122ce7279d	2026-05-02T12:54:52-04:00	agentdevan	Run ME06 ProfileScreen You Surface Extraction
a4d08bad802d82a5dc391654f0add32cb688d73f	2026-05-02T12:55:42-04:00	agentdevan	Record ME06 extraction commit
041c8434aff975f95c7ee9ceea65c1f1b8b7146e	2026-05-02T12:56:47-04:00	agentdevan	Repair ME06 post-commit status drift
d0e0ce50469450fbb9e1d105d498b526a11fe552	2026-05-02T13:12:56-04:00	agentdevan	Run ME07 PlanScreen Extraction
06b6e97efef8d39b7b676d6f594793586d4c8ef1	2026-05-02T13:13:57-04:00	agentdevan	Record ME07 extraction commit
a7f350fedbe4bb3294764718ade8311448ceebce	2026-05-02T13:15:20-04:00	agentdevan	Repair ME07 post-commit status drift
6bfa6a4b3dde950269eca4c69450687798c340b2	2026-05-02T13:28:19-04:00	agentdevan	Run ME09 Product Contract Test Rebaseline
5cd241780db51a23de4773437572545ec03b15b5	2026-05-02T13:29:14-04:00	agentdevan	Record ME09 test rebaseline commit
cd05b3c61dce29af2255dfd847c53d1170ca7ec2	2026-05-02T13:30:38-04:00	agentdevan	Repair ME09 post-commit status drift
7f7ab99b6a671b08bf2706d778af01e06b907f8e	2026-05-02T13:38:53-04:00	agentdevan	Run ME12 Maintainability Handoff
f51f937a61f87d72b3f0c9d51a5a1a370f763281	2026-05-02T13:39:42-04:00	agentdevan	Record ME12 handoff commit
7de2b59443a2f5f19affe57666cccacd177e2d32	2026-05-02T13:40:16-04:00	agentdevan	Repair ME12 post-commit status drift
a4d1b8aa6660ffa0a352a9dbcb266361c6e42a12	2026-05-02T13:41:02-04:00	agentdevan	Repair ME12 pushed evidence status
2da40e02f3b83e452ee779803d29ad7c4ae72357	2026-05-02T13:53:17-04:00	agentdevan	Run CS01 Compatibility Seam Registry And Risk Map
e4875c2b93afd51a94bbcf27774ed91d52a23451	2026-05-02T13:54:11-04:00	agentdevan	Record CS01 compatibility registry commit
e4c04ff2a990d87bf99b8ecf822e37c0a0b2185f	2026-05-02T14:08:03-04:00	agentdevan	Run CS07 External Route Widget AppIntent Compatibility Proof
ef536caefe9fa61e46fd6800e4fa8464ead957f4	2026-05-02T14:08:49-04:00	agentdevan	Record CS07 external compatibility proof commit
133b91b86c1937091363c5141b30cfb833042883	2026-05-02T14:09:56-04:00	agentdevan	Repair CS07 post-commit state drift
d2c328d64d3470ef5368b981ccc4d02460bc5739	2026-05-02T14:17:58-04:00	agentdevan	Run CS08 Import Export Persistence Compatibility Proof
9144add3c8c613a79ffeb9bce09e7b73d749240f	2026-05-02T14:18:28-04:00	agentdevan	Record CS08 import export persistence proof commit
8f520b7db1ea2b7c4f8c7c7bcf2ea14f2c521b51	2026-05-02T14:19:23-04:00	agentdevan	Repair CS08 post-commit state drift
3ce241123faa0ec9aebcec762a41d631e63968a0	2026-05-02T18:23:38-04:00	agentdevan	Repair CS02 Profile-to-You compatibility seam scope
80780e3b2a96f24cd7fa1bb64779d83fbe85e37f	2026-05-02T18:24:05-04:00	agentdevan	Record CS02A repair commit evidence
9707141341c9d9f2fe8366654551bad537b8a0dd	2026-05-02T18:25:17-04:00	agentdevan	Repair CS02A post-commit state drift
b180e7825d910293c451e6edc817f2f0a4ecba86	2026-05-02T18:39:21-04:00	agentdevan	Preserve Profile compatibility while supporting You surface naming
26f2f376488c51c50435bf8781aac67c3fadbeee	2026-05-02T18:40:37-04:00	agentdevan	Record CS02B compatibility proof commit evidence
a0d898ea0dff310038ec92dfa11b53d8a54b7dbb	2026-05-02T19:19:25-04:00	agentdevan	Repair CS03 Insights-to-Plan compatibility seam scope
c99acfe3eb3463b6ea42f96510b8a363104d78a4	2026-05-02T19:20:17-04:00	agentdevan	Record CS03A repair commit evidence
126e86beaff90e8f863b36edbe6dea2038f8dec3	2026-05-02T19:34:54-04:00	agentdevan	Preserve Insights compatibility while supporting Plan surface naming
0cda0447c8aa1223b584afe8aab1fb23172c1a88	2026-05-02T19:36:06-04:00	agentdevan	Record CS03B compatibility proof commit evidence
ec81bc2041c8c0e5a1e97a7219e300d45033e569	2026-05-02T19:39:48-04:00	agentdevan	Record CS04 dry-run Red stop state
4766b9d73d2d759573c152f51eeb75b7a481f832	2026-05-02T21:03:22-04:00	agentdevan	Repair CS04 Habits Ritual Plan compatibility seam scope
56ec705321d113ef3d59bf32207c0cc7d5ee73f8	2026-05-02T21:04:22-04:00	agentdevan	Record CS04A repair commit evidence
7e4a574d2820cb3758c2848c02eb9f369c237c2b	2026-05-02T21:18:23-04:00	agentdevan	Preserve Habits compatibility while supporting Ritual Plan semantics
56d5954003b3fbcdd6239c40a0411461c56ac4e4	2026-05-02T21:20:06-04:00	agentdevan	Record CS04B compatibility proof commit evidence
42a77161f875601fda02ee01d836392fbca019fe	2026-05-02T21:24:46-04:00	agentdevan	Record CS05 dry-run Red stop state
b74f46445e102bf755e9473b9d85fe933996de57	2026-05-03T11:47:39-04:00	agentdevan	Repair CS05 ActiveFocus TodayFocus compatibility seam scope
d81a02a6f0ec8777b991e8e3ff3015fce488ccff	2026-05-03T11:48:14-04:00	agentdevan	Record CS05A repair commit evidence
bfc23f108e8555c3accf87bc340ec313bf381cb2	2026-05-03T12:12:19-04:00	agentdevan	Preserve activeFocus compatibility while supporting Today step semantics
ac32e35e07fa0f5cd915df2661d13e4d9e2bf2bc	2026-05-03T12:13:24-04:00	agentdevan	Record CS05B compatibility proof commit evidence
da2bea6bac8a8b44c8aeb162f97fc45cca39e1fb	2026-05-03T12:17:38-04:00	agentdevan	Record CS06 dry-run Red stop state
50ea5c178fa02da13bc2c6e8e1078b119a0055af	2026-05-03T12:40:17-04:00	agentdevan	Repair CS06 failed taxonomy compatibility seam scope
e1f104f3c2a1643bd5e90486c028bce76bcb6481	2026-05-03T12:41:14-04:00	agentdevan	Record CS06A repair commit evidence
e5ea890ec08ab94df1c8dfb1494b4d2647fb0b6d	2026-05-03T12:49:35-04:00	agentdevan	Prove failed taxonomy compatibility semantics
47978e65b800c6039436a851d2ae1c091d6c9f07	2026-05-03T12:50:15-04:00	agentdevan	Record CS06B compatibility proof commit evidence
8042ba4f97579c794e5cae1b7486cf4b6f9be12d	2026-05-03T13:03:05-04:00	agentdevan	Record CS09 dry-run Red stop state
042fd89492714f2148f62d0b0c39fb0e82d3b4ce	2026-05-03T13:24:20-04:00	agentdevan	Repair CS09 conditional compatibility regression scope
e9218a692f118e0ae2c840d20476c9a554a18b4e	2026-05-03T13:33:59-04:00	agentdevan	Integrate External Brain Foundation into Ambitions 4.0 train
b0f6890b69170e42e8caa039497e11d0aae2b147	2026-05-03T14:02:24-04:00	agentdevan	Upgrade Codex OS for External Brain train execution
f4f56f76135a05368c3196b50b99179b90b99bf5	2026-05-03T14:04:38-04:00	agentdevan	Run EB01 External Brain Source Truth And Kernel Architecture
dd7cbc407bc70db37d4fb6c7a1bc9fe44de3bdb6	2026-05-03T14:05:55-04:00	agentdevan	Repair global train next batch detection after EB01
fa9a6933e4d00d9ca56a428f8d3637569af25245	2026-05-03T14:07:36-04:00	agentdevan	Run EB13 Trust Privacy User Control Canon
d5a6f674130f8025745ebf8dc1350b30e8146d72	2026-05-03T14:08:38-04:00	agentdevan	Run EB25 Accessibility Cognitive Load Canon
1826d8dbc6044db1dece19a3121745625223a26f	2026-05-03T14:09:39-04:00	agentdevan	Run EB19 Product Maturity Onboarding Canon
547971c1cec87058b15b1f69cce948d652f52baa	2026-05-03T14:10:46-04:00	agentdevan	Run EB02 Universal Capture Canon And Domain Model
a6fcfeb974da2954936aafc38f7b2ae1ed455436	2026-05-03T14:12:13-04:00	agentdevan	Run EB07 Life Memory Graph Canon And Domain Model
1bfe3a3e9a90df66ad142505d5e395b2dc2db258	2026-05-03T14:23:25-04:00	agentdevan	Add PXEQ living product experience gate
861306b01e0f313ea84b538b8ce0f6886ba77bb1	2026-05-03T14:26:42-04:00	agentdevan	Run EB31 Cross Kernel Primitives And Event Receipts
dc5864169e592fa4cba8deb40af8810a67e489e2	2026-05-03T14:37:26-04:00	agentdevan	Run EB32 Cross Kernel Dependency And Gate Integration
5ebab81b8108e405f091a4194ba79f89daf8f82b	2026-05-03T14:52:54-04:00	agentdevan	Integrate Dynamic Adaptive Visual System train
c86c39f79cb32768acdb9596060ed6300e05c007	2026-05-03T14:55:57-04:00	agentdevan	Run DAV01 Dynamic Visual Source Truth And Surface Map
cf16cd76ac81f4d3bac8e08496f50b3bb6e56ead	2026-05-03T15:11:02-04:00	agentdevan	Implement Dynamic Adaptive visual primitives
a5aa84a9229abc4de02e999e94f241722b1fbbae	2026-05-03T15:21:06-04:00	agentdevan	Implement Today dynamic adaptive screen
fae5e040d66530efa0c2bc187bcf23c197a6e0f7	2026-05-03T15:29:20-04:00	agentdevan	Implement Capture dynamic adaptive screen
85fe1d2e0b0ee8c2cb4fccd219aeb8268e2e2293	2026-05-03T15:39:56-04:00	agentdevan	Implement Plan dynamic adaptive screen
25b366e0a9fa20c613572dc2a7c97bdbc5d015e8	2026-05-03T16:38:23-04:00	agentdevan	Create AmbitionsOS photo-matched visual asset directory
9b7f16eec5bd78fb281704c2b6fb910e0ab61945	2026-05-03T16:42:18-04:00	agentdevan	Add files via upload
d93331f996a718bdfd55686ef1de4a82b9daedf8	2026-05-03T17:02:52-04:00	agentdevan	Implement Goals photo-matched Mission Control lanes
384d6b24a8363f72d6e1557b2e7bd3630980549d	2026-05-03T17:05:21-04:00	agentdevan	Integrate Signature Experience Layer
df9416604c9720e869a347eb150f5c20028c6439	2026-05-03T17:06:43-04:00	agentdevan	Integrate Transformative Motion system
8040b85eaf538e6bdd96f7c43d7568cf00d47103	2026-05-03T17:07:56-04:00	agentdevan	Create Signature Experience train
6369c2534b30d5a792585b3ab0d6eeb9d2d41823	2026-05-03T17:09:17-04:00	agentdevan	Add Signature Experience Codex skills
2df9350c4928853d1a3d24828460f341641c2a3c	2026-05-03T17:10:10-04:00	agentdevan	Add Signature Experience review boards
cf2e524231b842b85f079e43cc6882ee9e48e516	2026-05-03T17:11:20-04:00	agentdevan	Add Signature Experience validation scripts
143df23d53556ff90a6bbbc83688a037723e1c3c	2026-05-03T17:14:08-04:00	agentdevan	Wire Signature Experience into remaining visual prompts
99fc7dc87992d1dd51d8c7cb3cec45fab197c273	2026-05-03T17:48:45-04:00	agentdevan	Implement You photo-matched system center
c28fd96380a14c917dc5b0aad8aac7280208a81c	2026-05-03T18:07:03-04:00	agentdevan	Implement Memory dynamic adaptive screen
b9d2a82b3edaee965606ba2e429c334a2de25fa3	2026-05-03T18:19:34-04:00	agentdevan	Implement Trust receipt dynamic screen
bbd13666e1d6cfcdc9103b7be6d0d2471ae3d64b	2026-05-03T18:27:11-04:00	agentdevan	Run DAV10 AdaptiveMotion ReduceMotion And StateTransitions
68adca97f8f820cd58c4d4f873db29ad3f51e0f3	2026-05-03T18:40:03-04:00	agentdevan	Run DAV11 DynamicType VoiceOver And VisualAccessibility Closeout
2a494f37865e2407e893adc1ceb10dcfea4dd9b9	2026-05-03T18:48:29-04:00	agentdevan	Run DAV12 SurfacePreviewFixtures And ScenarioGallery
d179f5410a2216516fd3039e11c72c8ff00ff46e	2026-05-03T18:52:12-04:00	agentdevan	Run DAV13 VisualPerformance Rendering And BatteryRisk
c8f43cbdb03b8db6221643b5e4b32633e38f9d53	2026-05-03T19:18:06-04:00	agentdevan	Complete DAV14 visual regression product QA
bcaf55e41ac0647d33aa8c5d190f390787536810	2026-05-03T19:21:00-04:00	agentdevan	Complete DAV15 dynamic adaptive visual closeout
b3cc74fee080f25cf84a1946f65757849cb5e914	2026-05-03T19:22:40-04:00	agentdevan	Add global train recovery evidence protocol
a7367a9eec4b1f110ad7de8e0adae5ecbe4997dd	2026-05-03T19:24:59-04:00	agentdevan	Add global train proof and drift gates
2ffba909f4d5bea8c144e7b626caa125a9a3eaa1	2026-05-03T19:28:06-04:00	agentdevan	Run EB20 value based onboarding gate
cb048f47d4c2a69fc1a449f86acd0e0144b94af3	2026-05-03T19:35:43-04:00	agentdevan	Run EB21 concierge setup onboarding gate
25e9d24aa62bb1c5fee347c040663e2cb46c8507	2026-05-03T19:38:15-04:00	agentdevan	Run EB22 privacy setup onboarding gate
836d2bdc7185a67c4b4e1725c841a13ca732f539	2026-05-03T19:40:46-04:00	agentdevan	Run EB23 maturity progressive disclosure gate
4c19849a9587f427700c1cda2e6f0ef8a7c5ecc6	2026-05-03T19:43:00-04:00	agentdevan	Run EB24 onboarding receipts recovery gate
c59cc90f63b755796bcbad679a46203ccf5e26c7	2026-05-03T19:44:33-04:00	agentdevan	Record EB03 capture routing scope blocker
96f37b85848081d6d28d93e36ba64791d0e7ee29	2026-05-03T20:11:52-04:00	agentdevan	Add EB03A capture routing owner map
c98b67671d72f88e48301eefe708367cc63d9005	2026-05-03T20:54:37-04:00	agentdevan	Implement EB03B universal capture composer routing
008d9d7a33feacb951423f09cb022ece7ec3720f	2026-05-03T23:05:21-04:00	agentdevan	Implement EB04 capture classification clarification
f1cc934c3d5e4ae839082679aa50b05a423927d9	2026-05-03T23:18:39-04:00	agentdevan	Implement EB05 capture review bundles
8a138f065fa4d60d10d125644cae944db130566b	2026-05-03T23:30:07-04:00	agentdevan	Implement EB06 capture reclassification receipts
9097614f10c5fd2c2c304154bfbaba42c7d17f76	2026-05-03T23:48:19-04:00	agentdevan	Implement EB14 trust center data map
d83fe4cbf6c2acf99c786f10a88cbd35be70436c	2026-05-03T23:55:06-04:00	agentdevan	Implement EB15 recommendation evidence boundaries
5f70a3e9d4564d9fdaf7340ca5206b6f1bf21314	2026-05-04T00:02:00-04:00	agentdevan	Implement EB16 private mode controls
a84f049337c8baaa5b53d30ab935dcda971fd7f5	2026-05-04T00:15:20-04:00	agentdevan	Implement EB17 undo correction audit boundaries
ea5a0d46fc1b6a47daabc8e10dc718fe2024c8d4	2026-05-04T00:23:32-04:00	agentdevan	Implement EB18 source freshness privacy receipts
dee498d934cc17b2729c620d1d93833e9bb31f73	2026-05-04T00:33:23-04:00	agentdevan	Implement EB26 cognitive load density modes
cbd314fa8a6386c49213af39bbaf01729879590f	2026-05-04T00:42:41-04:00	agentdevan	Implement EB27 accessibility adjustment evidence
5f9f0647657c78563c5b72435f27e592fe80adf1	2026-05-04T00:51:35-04:00	agentdevan	Implement EB28 plain language evidence
063fad20f45182d7f1fbe72180ae7e9ebf2412dd	2026-05-04T00:59:49-04:00	agentdevan	Implement EB29 input alternative evidence
34113469fa139baf72691f808fa9fb3911f3cbf3	2026-05-04T06:13:04-04:00	agentdevan	Implement EB30 overloaded day evidence
17b010666c6e6ee1381e0419c4b08290f83faf9e	2026-05-04T06:20:54-04:00	agentdevan	Implement EB08 memory source confidence
55b12cdc14c3097a022c1383db628d6e78c5b342	2026-05-04T06:28:58-04:00	agentdevan	Implement EB09 context recall memory
71d5119cdc360e30afaa14cfed5914c101cb293c	2026-05-04T06:42:57-04:00	agentdevan	Implement EB10 personal operating manual
70c1b5786ff3597bea667a11ffdd4acb5e066202	2026-05-04T06:51:15-04:00	agentdevan	Implement EB11 memory correction boundaries
a0fca0224ea6ee5d698b9284183f7425a89df92f	2026-05-04T06:58:33-04:00	agentdevan	Implement EB12 memory receipt evidence
a0ccd9ebf96a641a9e021ca2535361ff6ce20857	2026-05-04T08:37:26-04:00	agentdevan	Implement EB33 search recall metadata
e14038c319419f64461fbfa497ee1b2883bb632a	2026-05-04T08:45:09-04:00	agentdevan	Implement EB34 command surface contracts
9f86b3dcd884759d4968d67615bdcf934a373d32	2026-05-04T08:54:22-04:00	agentdevan	Implement EB35 external brain scenario fixtures
0860b761fba87e974514a93cd09348908fb86a8d	2026-05-04T09:02:47-04:00	agentdevan	Complete EB36 external brain risk register
1f6f5f6b9c84a2ac8109c00f3b81a02ef96b0b89	2026-05-04T09:06:38-04:00	agentdevan	Run EB37 external brain privacy threat model
1b4e522eae0a05f951e620d70746c7e15dbfdf33	2026-05-04T09:10:16-04:00	agentdevan	Run EB38 external brain accessibility closeout
9f4ab2b3d778559f4c32c4915956d11bfb079574	2026-05-04T09:13:22-04:00	agentdevan	Run EB39 external brain handoff
831637712d6dce8e7ec89649a067b654a4f81a10	2026-05-04T09:16:40-04:00	agentdevan	Run EB40 external brain closeout
73bb62e4121585f619d6c6c370812e98e83cb9c6	2026-05-04T09:24:46-04:00	agentdevan	Run CS10 compatibility retirement handoff
aa34d4a13b90af7eb3143046ac2682b5cac0d27d	2026-05-04T09:34:36-04:00	agentdevan	Run SI01 signature interface architecture
b74560f99de9d172ae8150bc3380c5fd8f02426d	2026-05-04T09:52:01-04:00	agentdevan	Run SI02 adaptive panel action module foundation
bb1057bec374fd7e4734ad14262bec73ce333de8	2026-05-04T10:05:41-04:00	agentdevan	Run SI03 app shell navigation foundation
e39ca52138e838a1b743fd359fc5177e41f7ee60	2026-05-04T10:27:12-04:00	agentdevan	Run SI04 DayTimelineRail 2.0
82b8e6903b2ee4fe91a0bdfe35c00c84e5fd79e5	2026-05-04T10:41:08-04:00	agentdevan	Run SI05 hero step panel system
bd3a52885c21f78e663dcc4b7981757930324487	2026-05-04T11:02:17-04:00	agentdevan	Run SI06 LifePath Visualization System
78571f56faa5378ae113b33fa0ea228b08fac6dc	2026-05-04T11:30:38-04:00	agentdevan	Integrate Living Dream Architecture train
00cdbc6666825ff3b542a394c13cfa8429282305	2026-05-04T12:07:37-04:00	agentdevan	Run SI07 Mission Control Lane Components
6dd37e297432251ce7c17a9b389c98de6b022cc8	2026-05-04T12:30:08-04:00	agentdevan	Run SI08 LifeShape Time Capacity Map
28cd8599df41d78a0816397957c162ca899b1fed	2026-05-04T12:59:58-04:00	agentdevan	Run SI09 Capture Atmosphere Composer
3384ca34d42eee86003d8fe6bc19750cce5afa9f	2026-05-04T13:18:49-04:00	agentdevan	Run SI10 Trust Receipt Layer
699fda5dae821a8bed53a51ea37a14116d3f1d64	2026-05-04T13:41:31-04:00	agentdevan	Run SI11 Personal System Center Components
a0a045aa5f808a3e37a296eca084c3e515cd83e3	2026-05-04T14:04:41-04:00	agentdevan	Run SI12 Interaction Motion Haptics System
d2a1b7f215323917865eba477b4686c4e2d3bcc8	2026-05-04T14:30:06-04:00	agentdevan	Run SI13 Loading Empty Degraded State Primitives
b54e68b17019c21e954e588cebd8f4bb9f1194f8	2026-05-04T14:52:16-04:00	agentdevan	Run SI14 Iconography Symbol And Status Grammar
22d034732ecfd6b2a2f0894a753e34af92ef23d3	2026-05-04T15:18:43-04:00	agentdevan	Run SI15 Accessibility Adaptive Interface Pass
64ed4cf7817412a39e9154cafa4286cce138ccad	2026-05-04T15:45:04-04:00	agentdevan	Run SI16 Preview Fixture And Visual QA Infrastructure
f460f5ae612731d20dca4d69d15ae68fe4e989ed	2026-05-04T16:00:41-04:00	agentdevan	Run SI17 Top-Level Surface Composition Implementation
10f8951e7fd8ed8147f9bd7b01e428b83cf7f592	2026-05-04T16:10:25-04:00	agentdevan	Run SI18 Signature Interface Handoff And Product Depth Readiness
0d1a61949f96c970a9d23c69cfe011f3d18b5d26	2026-05-04T18:51:07-04:00	agentdevan	Add Product Experience Pack repo handoff maps
65a37a1c27f066db34d89ce8a3891f70da540831	2026-05-04T19:01:38-04:00	agentdevan	Add Product Experience Pack copy boundary scan
5ff3fe9d289b53d82a9ccd01a2ff10e2d88d6b68	2026-05-04T19:10:48-04:00	agentdevan	Add Product Experience Pack source truth packet
7c7fcbb45def2a06e0dea15e99580382aff8c409	2026-05-04T19:23:54-04:00	agentdevan	Add Product Experience Pack final planning gate
d680e79756172ed0fbf2d7049ba61ef42638749e	2026-05-04T19:48:48-04:00	agentdevan	Run PD01 Product Depth canon inventory map
83c5157bc68dc4b3ca236376cbe3cb028ba71375	2026-05-04T20:05:56-04:00	agentdevan	Run PD02 Today Step Detail Depth
a662459bf39c5b85c93704cc9fdd93253b2b6d6c	2026-05-04T20:28:18-04:00	agentdevan	Run PD03 Today Step Session Depth
6c7f0b0b44fad45dfcb21fa487ec8661ca2c685a	2026-05-04T20:50:19-04:00	agentdevan	Run PD04 Today Recovery and Closure Depth
48374c6249f38c3bbb5e071a9a5e922cfc6c5007	2026-05-04T21:08:32-04:00	agentdevan	Run PD05 Goals Mission Control Detail Architecture
0f2edee178878518b2bcc45ffd1b03e24d17c6ae	2026-05-04T21:29:56-04:00	agentdevan	Run PD06 Goal Lifecycle and Path Visualization
b21d633b18985a8605beed5f648e26c7899176c8	2026-05-04T21:51:14-04:00	agentdevan	Run PD07 Goal Proof and Decision History Depth
8cd653ccc38e9d100f9ed81783db0a87ecd632d0	2026-05-04T22:10:10-04:00	agentdevan	Run PD08 Goal Alternate Path and Tradeoff Depth
b981a710123fad954217c09d109a2a3efd734a38	2026-05-04T22:34:09-04:00	agentdevan	Run PD09 Capture Placement Review
cfc072a9f24652849713d2e32885194a9e95a2fe	2026-05-04T22:48:55-04:00	agentdevan	Run PD10 Capture Correction Review
e862b9555f59b3f5bb4b3c2635d54d9ad1cca5fe	2026-05-04T23:12:13-04:00	agentdevan	Run PD11 Grow Into Goal Flow
e76d1418f7ca9d9739a5c96d2d19042b2621c72f	2026-05-04T23:25:42-04:00	agentdevan	Run PD12 Plan Reflow Decision Depth
63918ade9568c5b02b5835a47eb44c31d504f16b	2026-05-04T23:47:38-04:00	agentdevan	Run PD13 Plan Recovery and Pressure Review
92b78559e16b6630e07e3c00ab0d7b5b8f7e3da4	2026-05-05T00:09:41-04:00	agentdevan	Run PD14 Life Shape Drill-Downs
dc44216fdbb23a8982b4185e99c38367be60e5d5	2026-05-05T01:40:21-04:00	agentdevan	Add Ambitions 10/10 Flagship Completion Plan
6f4db22d7146be927965ce3bfab202214abc55b3	2026-05-05T01:41:33-04:00	agentdevan	Add FCP flagship completion train
ec6b22bdb98dedd1493b55e6420f154ea3ddbbe7	2026-05-05T01:42:35-04:00	agentdevan	Add flagship completion object scorecard
bb44caab597ec2168a4925e55ea0186e8b0b5452	2026-05-05T01:43:37-04:00	agentdevan	Add flagship completion gate matrix
97e214a2476c42a9933f02f7e0729424bf2feec8	2026-05-05T01:44:22-04:00	agentdevan	Add flagship completion file boundary map
c0348e5e3f0c41ebd7a1f5e248e4bcbffed00535	2026-05-05T01:45:15-04:00	agentdevan	Add FCP next eligible batch prompt
e09131180f51832acae9f99d68625c8d98d7ef2f	2026-05-05T01:46:17-04:00	agentdevan	Add flagship completion source truth report
3d1b16b30f10ce30a2c185c298c97d02d89bd159	2026-05-05T01:49:19-04:00	agentdevan	Add FCP registry context reconciliation prompt
8550bde9a6cb6bcd1175812831699bb5a1af3cd3	2026-05-05T06:47:27-04:00	agentdevan	Add global optimized implementation order
dd2f2971ea8f729cb8a6e0608e0c189f29a6404f	2026-05-05T06:48:52-04:00	agentdevan	Route global orchestrator through optimized implementation order
b9f92c0552d90c10b8c2cd1c96663706dbe9e45e	2026-05-05T06:51:07-04:00	agentdevan	Update dependency graph for optimized implementation overlay
ab1dc0425d209b72fd7a25330dfd5361ef799e44	2026-05-05T06:51:59-04:00	agentdevan	Add global optimized order update report
ce79123a8a022d952e6ee9992daca5775d30bc21	2026-05-05T07:02:42-04:00	agentdevan	Add platform legal framework completion plan
823497493faa09f457ce0cda8abe8eaae077ccaf	2026-05-05T07:03:55-04:00	agentdevan	Add PFC platform framework compliance train
2a9c4b591b577de360b922cf97e937775e0c21c6	2026-05-05T07:04:48-04:00	agentdevan	Add global full stack completion order
5fcb966463b4e9f55cf92ffecd363910a2ed9fff	2026-05-05T07:05:38-04:00	agentdevan	Route orchestrator through full-stack completion order
acdd154e2641ba21592147ec5b49f427a2b4db6a	2026-05-05T07:06:22-04:00	agentdevan	Add platform framework compliance order report
e31e9847e4579efbde8a77e951fdbec4c591153d	2026-05-05T07:23:32-04:00	agentdevan	PD15: Add You trust history receipts center
c4587935b46d78ef45be8146fc67c710a297b5be	2026-05-05T07:33:13-04:00	agentdevan	FCP-PFC-RECON: Reconcile global registry context
c2ef7a57a85b251764b89832d5fb900238e2c0a8	2026-05-05T07:37:28-04:00	agentdevan	FCP01: Lock flagship completion source truth
617f09919d6fef531466c69540d820d7fff08e78	2026-05-05T07:40:16-04:00	agentdevan	FCP02: Lock object vocabulary anatomy
df6e4450e266dcd0fbf39f5f56c2fb2137ab48dc	2026-05-05T07:45:43-04:00	agentdevan	FCP03: Map flagship object boundaries
52356b6b3fa78bf0483f79c5cd468d3beb151285	2026-05-05T07:50:23-04:00	agentdevan	FCP04: Expand preview QA matrix
ec4cf0e1255f43e19dd92ffed2de60c8e59a08bf	2026-05-05T08:13:16-04:00	agentdevan	PD16: Add schedule availability defaults depth
3297ff63b0de3e67799e859109d73c87103932bc	2026-05-05T08:46:12-04:00	agentdevan	PD17: Add cross-surface proof review integration
9e463573b4d501f2618a818e91802d659f59cbb8	2026-05-05T08:57:04-04:00	agentdevan	CQS: Add Codex Quality System gates
b32b04dca533bae5d7fdc28a32d509f34054d3eb	2026-05-05T09:09:55-04:00	agentdevan	PD18: Close Product Depth handoff
ca5d75bbbf8fceaa087887c2ed9b51f2ff478875	2026-05-05T09:14:27-04:00	agentdevan	PFC01: Inventory repo build system
712fcd97fe14d2a257432d585e6316e8776f0fb6	2026-05-05T09:17:52-04:00	agentdevan	PFC02: Map architecture boundaries
c040e1efcc2481bf4e366d51d7577a06124ec4ab	2026-05-05T09:26:55-04:00	agentdevan	PFC03: Audit prompt artifacts naming smells
7327ac6a3dd5652ec1402545d571e16eb6e95b51	2026-05-05T09:31:15-04:00	agentdevan	PFC04: Add dependency supply chain ledger
fc1f7e98d6a18fa795006fd15824b33bc9b60f1f	2026-05-05T09:36:02-04:00	agentdevan	PFC05: Add local CI parity wrapper
d5ad70329c0eb2102a1a61f9f46f61e57a2d719b	2026-05-05T09:47:20-04:00	agentdevan	PFC06: Document schema persistence source truth
82e6fa4c20c970b0fbc84489a2ad23425c5f73df	2026-05-05T09:54:03-04:00	agentdevan	PFC07: Prove persistence compatibility boundary
8fb35ecf03424a94c834a128d91f3939cd5c1a11	2026-05-05T09:58:07-04:00	agentdevan	PFC08: Document recovery backup restore plan
b398f5a1868bc2fe626a4a8b38bccc281061d5c1	2026-05-05T10:06:13-04:00	agentdevan	PFC09: Record local-only sync strategy
9c0b6506c3b80a94134b0a60fd3b706c51e5624e	2026-05-05T10:14:39-04:00	agentdevan	PFC12: Document app group storage boundary
f2519d39de784d1b4478ddabd070c4311a1a9721	2026-05-05T10:26:54-04:00	agentdevan	Add Found Life layer canon
3c677aa8a0672a81fc63bd2113218a2d71ee8e7d	2026-05-05T10:28:27-04:00	agentdevan	Add Found Life layer train
f9c7ba715b348bfc121283518cd58f7769d3ef64	2026-05-05T10:29:14-04:00	agentdevan	Add Found Life gate matrix
471ec5a6abf965a482df577176c494cac076277c	2026-05-05T10:29:59-04:00	agentdevan	Add Found Life next eligible batch prompt
7d0bebd5c635516e617b0054c0a8c0ea4c661b49	2026-05-05T10:28:29-04:00	agentdevan	FCP17: Add Availability Center
89d67da570fd998dcfe3b29ad58fe8dfc7b5828d	2026-05-05T10:32:32-04:00	agentdevan	Insert Found Life layer after completed FCP17
7c9dd9aa880fb371fb705006ad483c40165a14e7	2026-05-05T10:33:21-04:00	agentdevan	Add Found Life source truth and order report
ea5d6cfaa053167e6f3da0720d78a856b1ed3490	2026-05-05T10:43:25-04:00	agentdevan	FL01: Lock Found Life product soul
28aebe438c22da4c69a5de4c7f7f2b857a3c2798	2026-05-05T10:50:30-04:00	agentdevan	FL02: Define Life Inventory object model
cf4f3e3bea468da388e594cd5828d49f5462f751	2026-05-05T10:54:07-04:00	agentdevan	FL03: Define Commitment Memory registry
60417d72052ba64d4fe452dad69c39d6f551cfbb	2026-05-05T10:58:28-04:00	agentdevan	FL04: Define searchable life recall contract
99ca9700fbad9a400b427773a73306e12bc76221	2026-05-05T11:04:10-04:00	agentdevan	FL05: Define Option Value pivot model
bc0f31681566589a248659fe0fe94b5f436b0044	2026-05-05T11:11:50-04:00	agentdevan	FL06: Define Weekly Life Sweep ritual
153276fcb02d4444a3b3a877b9473503c9507d8d	2026-05-05T11:26:31-04:00	agentdevan	FCP06: Add Receipt Drawer trust layer
87a4f822b191a35cf7203a671340039bdfaa42aa	2026-05-05T12:03:13-04:00	agentdevan	FCP05: Add Start Here surface
6a5094c3973a536020d087fc4f37aaf660ae80be	2026-05-05T12:32:57-04:00	agentdevan	FCP07: Add Reality Rail continuity
6dda8dfca4614b2ab628489b3766b8d141af38c4	2026-05-05T12:45:38-04:00	agentdevan	FCP13A: Add Action Closure Diamond
4375c100d3c02012cf221dcc6f7f4a3208cc585b	2026-05-05T13:06:21-04:00	agentdevan	FCP08: Promote Ambition Meridian Shell
5080e01d26926341327284f4acc887d198df6616	2026-05-05T13:25:29-04:00	agentdevan	FCP09: Add object motion policy proof
3b6d8f1e81ae1154e9d955b1abae3dfcbbf73d1a	2026-05-05T13:27:29-04:00	agentdevan	Add FVQ rendered visual freshness flagship gate
ef5c23011a62091faac088c3361c8beba453df1c	2026-05-05T13:29:01-04:00	agentdevan	Add FVQ01 rendered visual proof prompt
30ac0a0a6328a608a1339c16cdd876364bd52b03	2026-05-05T13:32:27-04:00	agentdevan	Add FAANG rendered visual reviewer skill
58ae414d22c7be047eba50ff5e82ee4e58501d2b	2026-05-05T13:34:09-04:00	agentdevan	Insert FVQ rendered visual proof before remaining train
6e0729cc656396e34230cbe5e2e60f8b80913614	2026-05-05T13:35:05-04:00	agentdevan	Add FVQ visual quality gate insertion report
47fca04fec06c6c7cbafe9fe4f245a86e9aece60	2026-05-05T13:40:32-04:00	agentdevan	PFC13: Define WidgetKit object strategy
19515ddfe56a26c28d330de3addf87f4affd6416	2026-05-05T13:58:37-04:00	agentdevan	Add FVQ visual excellence train
89af177162d8fe42dc233c7dad1145a11ef7bfba	2026-05-05T13:59:31-04:00	agentdevan	Add FVQ02 top-level visual sweep
24969cc5d279a248ddd64009a1a3abb9390e5296	2026-05-05T14:00:49-04:00	agentdevan	Add FVQ03 drilldown external visual sweep
b8072545e11ad4999cf470c3bb9e780cacab025b	2026-05-05T14:01:39-04:00	agentdevan	Add FVQ04 recurring visual proof protocol
da310b3f90a12081d34940ed621d4c24ed7cc9a1	2026-05-05T14:02:35-04:00	agentdevan	Add advanced rendering eligibility gate
40284c7ece3b1b0ff82997ca6fa644e314d8316e	2026-05-05T14:03:26-04:00	agentdevan	Add FVQ visual excellence continuation prompt
42a606f71aad58cba2e57e21fe590dc9dd90e1e6	2026-05-05T14:04:26-04:00	agentdevan	Add global rendered visual excellence overlay
3f711d7f8f4cc4ac127af93b1ee46407e793d38a	2026-05-05T14:00:38-04:00	agentdevan	FVQ01: Add rendered visual freshness gate proof
27c6e8ad455c5fd57ab058239d710706698bd6cd	2026-05-05T14:05:42-04:00	agentdevan	Add FVQ visual excellence layer insertion report
e8a3075239cc8dc5938cf82c7620f8668d59e8ca	2026-05-05T14:26:04-04:00	agentdevan	Add AQOS autonomous quality operating system canon
908afdaff65d8f596361c67cceb9348062deda95	2026-05-05T14:28:46-04:00	agentdevan	Add AQOS quality train manifest
672ffb3b3b1c5a2a939dff806b58e3ad8c64c59b	2026-05-05T14:29:48-04:00	agentdevan	Add AQOS required evidence matrix
b67a13e3242895907d6982ecfcf9eed97f471e95	2026-05-05T14:30:58-04:00	agentdevan	Add AQOS batch impact classifier
608144da2443fd2a99dc7bb1f69066109ff91e46	2026-05-05T14:32:00-04:00	agentdevan	Add AQOS repair batch generator protocol
4568e0908c003665d23ca73bf2fcb679d5a86b31	2026-05-05T14:32:51-04:00	agentdevan	Add AQOS evidence maturity ledger
3280432ac106000dd722b0354d4d2bcdb4215031	2026-05-05T14:34:11-04:00	agentdevan	Add AQOS domain quality gates
c83236d421f2c52f37d62807221c40ca51cd4df1	2026-05-05T14:35:22-04:00	agentdevan	Add AQOS golden scenario coverage
b5cba6b1cd3b3e9fe98f7f3c7c82f11e992f32fa	2026-05-05T14:36:21-04:00	agentdevan	Add AQOS autonomous quality council
9f669d20de73a6fb424da3f972126ee8438f04cd	2026-05-05T14:37:53-04:00	agentdevan	Add global autonomous quality overlay
ffb270f180e1f23ae3892d38c46ebf67a312cc1b	2026-05-05T14:39:05-04:00	agentdevan	Add AQOS continuation prompt
8d9c9dc72a2580a56f04f667008a9a6f19ce674b	2026-05-05T14:40:41-04:00	agentdevan	Add AQOS reviewer skill
2e71414865ffb78318eb7a505cf4d59a6954f0d9	2026-05-05T14:41:49-04:00	agentdevan	Add AQOS source truth insertion report
21db2ba0435e01be1e2cbc2b5526f8fac048d996	2026-05-05T15:16:50-04:00	agentdevan	Add AQOS script and tool map
28fef080bdecb49ff52a8f722daacf81b3c69bdd	2026-05-05T15:16:11-04:00	agentdevan	FVQ02: Add top-level rendered visual sweep
7f3e657c7ffb72b750de25b0cd5ea21774264e95	2026-05-05T15:18:00-04:00	agentdevan	Add AQOS report template
de10d6ea4ad1574781f481bab89a0b4caa9838e4	2026-05-05T15:19:14-04:00	agentdevan	Add AQOS tool dependencies
b4061cdf27c2a1cdf4334a6571ca5fdd93c58c32	2026-05-05T15:20:28-04:00	agentdevan	Add evidence gated quality reviewer skill
d75c3a6afaaae027e1b320ffd64d111fe13d3e1c	2026-05-05T15:21:38-04:00	agentdevan	Add accessibility privacy performance reviewer skill
4e9f33c901b3ab8c11f7b466a01011cfd4de81db	2026-05-05T15:22:52-04:00	agentdevan	Add founder vision handoff reviewer skill
08af4f5229912c6d0a87407c1afc73dc6d7f7265	2026-05-05T15:24:13-04:00	agentdevan	Add AQOS tools skills scripts prompt
db44e66825fe43492309fde0b34e3ebf9c8b7d91	2026-05-05T15:26:45-04:00	agentdevan	Add AQOS tools and skills insertion report
09e9bc61fa50ba138d0fb436f9c573cf8d3396b9	2026-05-05T15:44:51-04:00	agentdevan	FVQ03: Add drill-down rendered visual sweep
70f099d6173d962be80ab6c1f9b876ee03e60b17	2026-05-05T15:53:27-04:00	agentdevan	FVQ04: Add recurring rendered proof protocol
9b0bf2e094658e5e14e038a3835fa92dfdfebac3	2026-05-05T15:58:36-04:00	agentdevan	MEG01: Add advanced rendering eligibility gate
d9c31b27f410a70d2136850a9485ddcbb07ba4b8	2026-05-05T16:04:28-04:00	agentdevan	FVQ05: Add final visual proof packet hook
e23e38bc0ed04cf00512e1527916a3e76faa7bc1	2026-05-05T19:20:45-04:00	agentdevan	PFC15: Define Live Activities strategy
55062f34e7356ed660f07057e9a68ddfd77eaf5d	2026-05-05T19:24:25-04:00	agentdevan	PFC17: Define App Intents strategy
be561fbcd31413eded5b67e30c9ab8a1437925ea	2026-05-05T19:28:36-04:00	agentdevan	PFC19: Define integration strategy
8cb2a59389ff4d048bc93783d7f6ed99860452fc	2026-05-05T19:37:32-04:00	agentdevan	PFC21: Define monetization strategy
32b779b6492c24370d1c48fbb31d7fe0d14aea6e	2026-05-05T19:45:36-04:00	agentdevan	PFC24: Add privacy data map
dd24491134c6270ccc8dfd932aa8a81f8bf00a12	2026-05-05T19:49:26-04:00	agentdevan	PFC25: Audit privacy manifest APIs
8a04695577e9de297e35f443606da4828208ffad	2026-05-06T07:59:34-04:00	agentdevan	noop
1462fed74c277d03e00944eda6f118727fe871bc	2026-05-06T08:00:40-04:00	agentdevan	Remove accidental placeholder file
acb9ce5bd625d5594dfad11408a049803f15c5df	2026-05-06T08:02:38-04:00	agentdevan	Add HPS human progress systems canon
04233284afddd47263e86f2d8ade5cd6af3c35f7	2026-05-06T08:03:39-04:00	agentdevan	Add HPS train manifest
40c3039ebfeb82fac918b95bf3cac8483a9e9815	2026-05-06T08:04:42-04:00	agentdevan	Add HPS gate matrix
ccd024c52c14d7f9cdcbae134eaff10d1e43406a	2026-05-06T08:05:49-04:00	agentdevan	Add HPS cross-train integration map
e297da756fa17bdcb84fc3f5fa0e42528e9e2f78	2026-05-06T08:06:39-04:00	agentdevan	Add HPS Codex OS upgrade map
2d982aab806c2e02f8e7c2f2ed402a9ad184cc47	2026-05-06T08:09:29-04:00	agentdevan	Add HPS moat acquisition readiness map
bc42b89db0e5209c4c89072e5828f7c7c2443082	2026-05-06T08:11:07-04:00	agentdevan	Add HPS global order overlay
71281a799fb5ddd5b2c98f4f603479d68e093c56	2026-05-06T08:12:59-04:00	agentdevan	Gate AOS behind HPS inheritance
702ae0733dc75cc598b034a2172be460b11ae0b6	2026-05-06T08:14:43-04:00	agentdevan	Gate LDI behind HPS inheritance
17a936bdb1a7668683b0e18e6e1e521f84fb3cf0	2026-05-06T08:16:09-04:00	agentdevan	Add HPS next eligible batch prompt
a2debec536cd473da323de3f672bd9d8bac7fd8f	2026-05-06T08:17:20-04:00	agentdevan	Add HPS integration report
5c6575c4be47e46332dda034de89aa80ff183a50	2026-05-05T20:12:23-04:00	agentdevan	PFC26: Add legal privacy review packet
3eefd17b7fced2638b1821d333d847760d55a45d	2026-05-05T20:23:29-04:00	agentdevan	PFC27: Add safety boundary policy
ce012d49ee2d00aa9be5d2e503cdf57f5b2d6bad	2026-05-05T20:34:00-04:00	agentdevan	PFC28: Add security threat model
24bd0436e9ea7f5afcb2a59c5bd1d5c92cf86369	2026-05-05T20:44:16-04:00	agentdevan	PFC29: Add observability policy
65fdc4a120493d18f25c60fad2b6b6422cbe1d44	2026-05-05T20:52:07-04:00	agentdevan	PFC30: Add performance budget plan
92b864a20d05d23c318f231a62b638a48447ef0a	2026-05-05T23:26:47-04:00	agentdevan	FCP22: Refactor Personal System Center
a398a997980b884122d00d7aef7f9a5d5433aebf	2026-05-05T23:51:10-04:00	agentdevan	FCP23: Add Memory Lens visual layer
93b1067179c62f758e78453b0841fe5e2811e4fe	2026-05-06T00:02:49-04:00	agentdevan	FCP24: Add Appearance Studio object previews
e61f497f23f3287f56c152f1c9310bccc7226794	2026-05-06T00:17:35-04:00	agentdevan	FCP18: Add Capture Placement Shelf
7b27e125b089e92e0d09b90f3728ce2f5d0bb956	2026-05-06T00:32:45-04:00	agentdevan	FCP19: Add Placement Resolver Correction Fold
6da62c2af182e6668d545f8d231018995c407f10	2026-05-06T00:46:46-04:00	agentdevan	FCP20: Add Grow Into Goal Seed Incubator
afdbc32cde8eedcd9b17c0ae8cd1b16cd8043be4	2026-05-06T00:56:41-04:00	agentdevan	FCP21: Add Voice Motor Capture Accessibility
19adcc3e2ef73450251e35913a52073d085b1c6e	2026-05-06T01:08:28-04:00	agentdevan	FCP14: Add LifeShape Contour Map
bbe587bcded8b02d07950e6d60a8f5e834769956	2026-05-06T07:25:50-04:00	agentdevan	FCP15: Add Reflow Decision Fold
716658e03d27bd40545282cfd417022102b059b3	2026-05-06T07:42:25-04:00	agentdevan	FCP16: Add Pressure Field Recovery Loop
598118ca28254c465e4a5e9ec003c3f95e8543db	2026-05-06T07:51:59-04:00	agentdevan	FCP10: Add MissionControlTimeSpine
d6f2ce445852c3f8927ac500d7d50540b78a809a	2026-05-06T08:20:43-04:00	agentdevan	FCP11: Add LifePath Thread
c14be09b07c58dc4417a5be7990869a9fffbe65d	2026-05-06T08:58:35-04:00	agentdevan	FCP12: Add Proof Spine
9dcae8a95e63f2bf6dbd8f38561ffc2b71249879	2026-05-06T09:17:59-04:00	agentdevan	FCP13B: Add Goal Detail Decision Spine
c2324ad2fad790ffc1e34c5231604676c51f7a59	2026-05-06T09:37:15-04:00	agentdevan	FCP25: Add flagship object state matrix
9d57893de96395e0c8e8d75846ffebf0841597f9	2026-05-06T09:52:59-04:00	agentdevan	FCP26: Harden status grammar
33988b8727f21eca22840330ca82414959365105	2026-05-06T10:01:36-04:00	agentdevan	PFC10: Add CloudKit conflict contract
c6a065d1da62fb2420b2b0afbbbda1fa8c0111fe	2026-05-06T10:06:33-04:00	agentdevan	PFC11: Defer sync implementation safely
3cf83e2dc2df17dbaabfd4173e7c471a82054f7e	2026-05-06T11:00:16-04:00	agentdevan	PFC14: Harden WidgetKit projection
7dbd08d0d0274d6c39609049e222be433ca3243e	2026-05-06T11:08:19-04:00	agentdevan	PFC16: Harden Live Activity state
69b4b2e42cf12cb2a489592c15e4b038087db051	2026-05-06T11:20:04-04:00	agentdevan	PFC18: Harden App Intents proof
3f44c67ec514f4b6ca2301420a4c1da47fbd362e	2026-05-06T11:31:09-04:00	agentdevan	Add Source Atlas canon
62fe522f65deb447f4629ada781475da687f8b04	2026-05-06T11:31:11-04:00	agentdevan	PFC20: Harden notification integration proof
1141a042de2c58ba6913e5f0686709811e91a584	2026-05-06T11:34:08-04:00	agentdevan	Repair Source Atlas canon
763e2f93b51d5e68e1f08b5567316a91bbc9f204	2026-05-06T11:36:37-04:00	agentdevan	Add Source Atlas gate matrix
4718610e156e69e364c710c275f9184aeb08d01f	2026-05-06T11:37:54-04:00	agentdevan	Add Universal Source Binder coverage map
7fd5d37e1ae620c5bbcb6fbd3d779cab8b65030b	2026-05-06T11:39:05-04:00	agentdevan	Add Source Atlas UI object language
301f67d4b7c22e6ac85cd3d3f2311fc565730a25	2026-05-06T11:40:04-04:00	agentdevan	PFC22: Defer StoreKit implementation safely
6c0116e97408a86c2ebc5e09b6dd40fe66222890	2026-05-06T11:41:03-04:00	agentdevan	Add Source Atlas Codex OS upgrade map
3ac23d2fa103f44b4ff7a59a699cdac14ce0d2e6	2026-05-06T11:46:13-04:00	agentdevan	PFC23: Defer paywall compliance safely
2fccb7ad020b573d192c793406cf299f455632b4	2026-05-06T11:46:29-04:00	agentdevan	Add Source Atlas full maturity train
3142713c37ed2d25c5790f37e777dab639bfda0c	2026-05-06T11:47:52-04:00	agentdevan	Add Source Atlas integration map
aaec40e9b86bcea1e46b9b13943fb3f29a8ea87a	2026-05-06T11:49:40-04:00	agentdevan	Add Source Atlas global order overlay
1a6ed29546a9c4d025a28d97897a1945acd68caa	2026-05-06T11:51:06-04:00	agentdevan	Add Source Atlas next eligible prompt
f1032b34750a6e3b04b0f45e4a2622ef09bd0b4d	2026-05-06T11:53:02-04:00	agentdevan	Gate AOS behind Source Atlas
5e839c21763695f4a09e2accc72beab94553280e	2026-05-06T11:53:07-04:00	agentdevan	HPS01: Lock verified progress category
91712cadf55a97f3ccce9a26761d32c4486250f4	2026-05-06T11:54:50-04:00	agentdevan	Gate LDI behind Source Atlas
25cd40c0ed37f94ab97b8ff0c7e3031d05dc83d7	2026-05-06T11:56:40-04:00	agentdevan	Add Source Atlas integration report
aabf7573685ed9e8a58f182f25e2c0ce23cbd87e	2026-05-06T12:01:00-04:00	agentdevan	HPS02: Add human progress graph architecture
d394d89673d6bc1d1b5621a16731311a2b2ccb3c	2026-05-06T12:07:49-04:00	agentdevan	HPS03: Add verified proof ledger architecture
1f8db2411dd130ff726d153574e0e477f2f4f84c	2026-05-06T12:12:58-04:00	agentdevan	HPS04: Add source truth requirement graph architecture
894a674ae87e0c25d324a6a7e47c492609c41473	2026-05-06T12:17:40-04:00	agentdevan	HPS05: Add commitment memory recall architecture
cef3700833faa6e6d3c6c55b7dfe51718eaf2ef7	2026-05-06T12:52:52-04:00	agentdevan	SA: Add composition goal projection model
fc17e283579292ce1be0b6497e7fbc5ba527f939	2026-05-06T12:54:08-04:00	agentdevan	SAP: Add composition and goal projection model
4d492e771ed64db21cc4b69590d7f1ae80b39f63	2026-05-06T12:56:04-04:00	agentdevan	SAP: Add Source Atlas composition projection gates
d5650defc439636126ce78ff55f195fac22a3ffa	2026-05-06T12:57:09-04:00	agentdevan	SAP: Integrate composition projection lock into Source Atlas train
28a8f65694ace1efeeb5bb84575e54d2fcf9fb13	2026-05-06T12:57:54-04:00	agentdevan	SAP: Add composition projection Codex OS upgrades
9958b68cc98bed5642670ea5689a3907df672ee1	2026-05-06T12:59:03-04:00	agentdevan	SAP: Add composition architect skill
6f93d13f23577658fac14dbc53c722a30cda1830	2026-05-06T12:59:50-04:00	agentdevan	SAP: Add goal projection reviewer skill
ff96068fb22a78ace13dcbbe283df8d16d165d95	2026-05-06T13:00:37-04:00	agentdevan	SAP: Add pack duplication reviewer skill
ca450c72782e5b2cc1152c3f84dd5defa76fcf6d	2026-05-06T13:01:26-04:00	agentdevan	SAP: Add generated step boundary reviewer skill
3087fc1a56e77c1f1ff9e30b096232533b45ba0d	2026-05-06T13:02:15-04:00	agentdevan	SAP: Add capability graph reviewer skill
481aa51d2091fd968ba5be95133f9283e5625c69	2026-05-06T13:03:05-04:00	agentdevan	SAP: Add projection recipe reviewer skill
7bb1a900f5f015daeaf087079539d3e9ef512d7b	2026-05-06T13:03:55-04:00	agentdevan	SAP: Add alternative path option value reviewer skill
2cf224753d1132314644b67bfa9601e82a5c5a19	2026-05-06T13:04:47-04:00	agentdevan	SAP: Add composition projection scan
bbd2e9eaef787d2c816ed8c24a493aa4ead1e186	2026-05-06T13:05:41-04:00	agentdevan	SAP: Add pack duplication scan
0ca9a4c76653e6a8bfc8101006d03b1c857bb556	2026-05-06T13:06:31-04:00	agentdevan	SAP: Add generated step boundary scan
f2f851bafb099744f1155ff63d79ae09fa7ebe8c	2026-05-06T13:07:28-04:00	agentdevan	SAP: Add projection fixture coverage scan
7a8dcca7d23d717f0e5892fe8f98f1ec2621cb1f	2026-05-06T13:27:07-04:00	agentdevan	HPS06: Add recommendation quality architecture
dd2f7863b96f3d9c9c1342d1a6196aad409fe7d3	2026-05-06T13:36:10-04:00	agentdevan	HPS07: Add option value architecture
551a8b9ed4a0cdfc4fa8f14dcce2d9c32c14263f	2026-05-06T13:43:48-04:00	agentdevan	HPS08: Add living dream compiler architecture
c12e5dc1b141003078bdd5ec34f3962fb7cc0c56	2026-05-06T13:49:42-04:00	agentdevan	HPS09: Add privacy local intelligence architecture
3c8a4661a5ae154bc869a5df5336e0a606a32e5d	2026-05-06T14:06:28-04:00	agentdevan	HPS10: Add evaluation assurance architecture
7423118c5adb33f17fbeb9dcd80a0640007afddb	2026-05-06T14:16:18-04:00	agentdevan	HPS11: Add vertical revenue architecture
b185490c3288a77aef8cd7aded2e2acfb62a7b6f	2026-05-06T14:22:52-04:00	agentdevan	HPS12: Add singular experience lock
77a68994f10d908d189d3ef69c005c83acc9d176	2026-05-06T14:36:36-04:00	agentdevan	AOS01: Add runtime contract lock
a4ed5d7f7dcda7a144cc26d699e305f164f9864d	2026-05-06T14:50:13-04:00	agentdevan	AOS02: Add life graph event foundation
c46f33c0736c080c38d28c72415d9a391197d4e1	2026-05-06T15:07:00-04:00	agentdevan	AOS03: Add graph delta review store
58d41106c3c58c0098898f11774b4933ff7c5ab1	2026-05-06T15:58:58-04:00	agentdevan	SA Research Seeds: Add v1 import report
2611953fdc0c9e568c11af43b78cab0ecf46747b	2026-05-06T16:00:27-04:00	agentdevan	SA Research Seeds: Add v1 limitations
348082e49d17726baf172254d0f2553f63c3bbac	2026-05-06T16:02:02-04:00	agentdevan	SA Research Seeds: Add research import README
9788a9f9fb8f4f7e800281ce8476e11badacff0a	2026-05-06T16:03:16-04:00	agentdevan	SA Research Seeds: Add local seed importer
f549b68a4a4b511bec351384828853b3fe579b94	2026-05-06T16:04:46-04:00	agentdevan	SA Research Seeds: Add integrity scan
d7bfdf7404c8c85d2112483cc1a99bb75cc6dced	2026-05-06T16:06:36-04:00	agentdevan	SA Research Seeds: Add Codex import prompt
4d57c63fc40f758145c20dad0c89b4164770f935	2026-05-06T16:28:18-04:00	agentdevan	AOS04: Add control plane classifier
1c583d75894085cd7a3a27bb8652e054cb3ff392	2026-05-06T16:46:35-04:00	agentdevan	SA01: Reconcile Source Atlas canon lock
c65442c04e0b280b34488dc6cfb0e8fe84bb3eb2	2026-05-06T16:52:39-04:00	agentdevan	SA02: Reconcile Source Atlas gate matrix
dfaabb53f292377e16c6923f8d1f71572da4b1f1	2026-05-06T16:56:48-04:00	agentdevan	CQS: Add gate system hardening implementation plan
5a7be245c5cca6347e25421fb7a63a7ba27137a4	2026-05-06T16:58:23-04:00	agentdevan	CQS: Add gate result manifest schema
2226c11a765008370bd9f2608f89fefea63569e1	2026-05-06T17:00:32-04:00	agentdevan	CQS: Add example gate result manifest
a242fa7a38e585a6b4d694b45ad22fce99b6d6a8	2026-05-06T17:01:59-04:00	agentdevan	CQS: Add gate result manifest validator
9f03942a5325e53247a825909d9dd758f440a064	2026-05-06T16:58:38-04:00	agentdevan	SA03: Reconcile source binder coverage
bdb1067a4f9e2c9c6e9ec65604012400334996dc	2026-05-06T17:04:05-04:00	agentdevan	CQS: Add advisory gate workflow
1580c56c1f34ec82258a9a8dd3aaba205209a8e5	2026-05-06T17:05:20-04:00	agentdevan	CQS: Add gate manifest and provenance sections to batch report template
898928e6ca44d24601ceb83e6214cd4f8d73fcd4	2026-05-06T17:06:50-04:00	agentdevan	CQS: Add gate system hardening Codex prompt
411a17c1627e3faacf8688c8880bad1c78e4599c	2026-05-06T17:11:26-04:00	agentdevan	CQS: Add gate system hardening implementation report
3e0f396ebc8329080616536367ab86865d973f72	2026-05-06T17:23:32-04:00	agentdevan	SA04: Add Source Atlas Codex OS tools
bfe33e25acdc2b81f153d81439b152c8f58d469e	2026-05-06T17:33:13-04:00	agentdevan	SA05: Lock Source Atlas global order
47d3401a2d40b9c95dfa5cbbe728ea50fa3e3606	2026-05-06T17:39:24-04:00	agentdevan	SAP01: Lock composable pack architecture
6ab83d7627a4f293376669be0e7674d14888625b	2026-05-06T17:45:44-04:00	agentdevan	SAP02: Lock goal projection objects
a215b88ffda5ad1e6b0668a906876965c4427eb8	2026-05-06T17:51:49-04:00	agentdevan	SAP03: Lock Pack Factory composition rules
4aa68b436d4fc98a7e20039102c7c30c8a7cbb9c	2026-05-06T18:01:18-04:00	agentdevan	SAP04: Add projection QA fixture families
d1af3dfd46de1cae2179f96ea3ba59d55c8c7a50	2026-05-06T18:09:35-04:00	agentdevan	SAP05: Lock no-sprawl pack gates
f8ec87dcf33cd1e86194f11a95561791dc47c8b4	2026-05-06T18:43:46-04:00	agentdevan	SA06: add compact source atlas pack schema
d8e10f3f2f325f210e1bd700eafd8864986d8817	2026-05-06T19:03:27-04:00	agentdevan	AOS12: add proof trust closure receipt contract
2707009c7c7c3fb74b921268d2705123f93bb71e	2026-05-06T19:15:28-04:00	agentdevan	AOS13: add source truth claim state contract
be1ccd7e5d6b626ac226f41f45654bf31a85f49e	2026-05-06T19:32:28-04:00	agentdevan	AOS10: add commitment time capacity contract
f33ca64e0f5e7beb8b2429556af8c95d84e457c5	2026-05-06T19:43:58-04:00	agentdevan	AOS05: add starting position kernel contract
12d7f07f9dcb5ba37f2a044b5f2e612b44f80dfb	2026-05-06T19:57:27-04:00	agentdevan	AOS06: add goal path compiler contract
1d8775e8a52f6f3b2a50a686a33e219b86cd4ccd	2026-05-06T20:09:00-04:00	agentdevan	AOS07: add local goal pack slot contract
9aa25d48f302c912e94132b91542900012a72999	2026-05-06T20:19:32-04:00	agentdevan	AOS08: add alternate path portfolio contract
f4350325a8256f77517627bf0cdedf3668085607	2026-05-06T20:49:19-04:00	agentdevan	AOS09: add option value north star contract
02da5e5992c982b1655f7e1a20c79d282763dced	2026-05-06T20:56:59-04:00	agentdevan	AOS11: add bounded reality drift reflow contract
7390c421991e18297819fdd84343fb45bcde19ea	2026-05-06T21:12:12-04:00	agentdevan	AOS14: add start here recommendation contract
f3b1a98a3f73920a92555b291085a2ea5137e101	2026-05-06T21:25:40-04:00	agentdevan	AOS15: add local language planning contract
0764175bfd0d2ec8ee84a66537a63890a30998f9	2026-05-06T21:35:26-04:00	agentdevan	AOS16: add performance energy budget contract
27f1c3134dcc7eb1adf51e7974eab33ea780b810	2026-05-06T22:31:22-04:00	agentdevan	Add flagship overlay terminal device gate and remove hosted workflows
7a60e2d54d4ac6a1d109eea55055216e78d91941	2026-05-06T22:32:19-04:00	agentdevan	Add flagship overlay terminal device gate and remove hosted workflows
75157b35a99f6a81b5795048166cc52ea3768a8a	2026-05-06T22:33:14-04:00	agentdevan	Add flagship overlay terminal device gate and remove hosted workflows
a8ed211354c5666f46a0e6687972594e7e70dea0	2026-05-06T22:34:48-04:00	agentdevan	Add flagship overlay terminal device gate and remove hosted workflows
479b028f4e430d7d0c652e9d93d7dcf110092172	2026-05-06T22:36:14-04:00	agentdevan	Add flagship overlay terminal device gate and remove hosted workflows
5d7e358776aeed7a400eb126be7344cf32bc53ed	2026-05-06T22:36:53-04:00	agentdevan	Add flagship overlay terminal device gate and remove hosted workflows
050187c1223f53ca9138098767785492a1a527ae	2026-05-06T22:39:35-04:00	agentdevan	Add flagship overlay terminal device gate and remove hosted workflows
c2a739ae2024769f68b48b52fa886386c51dbf8c	2026-05-06T22:40:57-04:00	agentdevan	Add flagship overlay terminal device gate and remove hosted workflows
ed01a55f6d8ca40fc8c562344a1eb04576475fa9	2026-05-06T22:44:28-04:00	agentdevan	Add flagship overlay terminal device gate and remove hosted workflows
7c2d06aedd60fdfc26e26e398dbd0a6c637966d2	2026-05-06T22:45:00-04:00	agentdevan	Add flagship overlay terminal device gate and remove hosted workflows
74c355f92a2e174840f8170103d23b523136d5cd	2026-05-06T22:46:29-04:00	agentdevan	Add flagship overlay terminal device gate and remove hosted workflows
acd79ce1870875b7b8ffc863efb871f8876f5cea	2026-05-06T22:48:20-04:00	agentdevan	Add flagship overlay terminal device gate and remove hosted workflows
89bbc54b80aa534a4ef65dc2d275b826e20b41c2	2026-05-06T23:02:31-04:00	agentdevan	Add resume global batch train alias
dfae68c7872af1ac76ba95cb0bd71f083bfc2261	2026-05-06T23:03:16-04:00	agentdevan	Add resume global batch train alias
19dd7d6e556cb21f252895999f29b86ed79d2b2e	2026-05-06T23:08:30-04:00	agentdevan	Add resume global batch train alias report
96d463d424067a5371e4126fad9e485f00451e81	2026-05-06T23:52:00-04:00	agentdevan	Run AOS17 privacy safety kernel
a7e96d338af98ac9e09333fdad3cb5545090e098	2026-05-07T00:31:36-04:00	agentdevan	Run AOS18 Evaluation Golden Scenarios
1daebdbaca309f4d22d886bd17a835eb0dd1a7e7	2026-05-07T00:46:28-04:00	agentdevan	Run AOS19 Experience Kernel Celestial Cognitive Load
236647e1f691616e049b04de71e684a824be1bcc	2026-05-07T01:44:54-04:00	agentdevan	Run AOS20 Adaptation Kernel Local Personalization
bf8c61c260c65d4f3344e86e43715408286fe8fc	2026-05-07T02:14:55-04:00	agentdevan	Run AOS21 Interoperability Kernel Planning
dd08b9436f5c6de122b9ca1f58c3bd99ef9802db	2026-05-07T02:50:57-04:00	agentdevan	Run AOS22 Longevity Kernel Archive Aging
09af4cf35a8db14249da594b9bffaad2cd5c78c1	2026-05-07T07:35:09-04:00	agentdevan	Run AOS23 Governance Kernel Registry
e64a825c88d50ccda10359df929063a4d8cc4524	2026-05-07T07:55:12-04:00	agentdevan	Run LDI01 Living Dream Architecture Source Truth
c1d35e115c6317295a72dfed0bedd3762f85d104	2026-05-07T08:26:20-04:00	agentdevan	Run LDI02 Capture Handling Ladder
fafcf2df7a8d7de9b6124e5d13980df3c4325b34	2026-05-07T11:14:51-04:00	agentdevan	Run LDI03 Dream Safety Triage
17d095634679589c70fe0d8f3720577a33b0a748	2026-05-07T11:34:59-04:00	agentdevan	Run LDI04 North Star Extraction
6ad313b5740cc22f68e44d3aef5597dcb3795694	2026-05-07T11:44:40-04:00	agentdevan	Queue repo hygiene closeout train
ba0d7ee761d40614e921f44db74a3d76895bdb66	2026-05-07T11:45:43-04:00	agentdevan	Add RHC01 repo hygiene triage prompt
8511deb15a07dce9f2a40a0f20e5b0d9139ca265	2026-05-07T11:47:08-04:00	agentdevan	Add RHC02 large-file extraction prompt
d32d2cabe421f43f55d200f0a2aa07728419111c	2026-05-07T11:47:42-04:00	agentdevan	Add RHC03 placeholder seam cleanup prompt
77ca69c1430f07273c1581db9f0792e44a66f3b7	2026-05-07T11:48:18-04:00	agentdevan	Add RHC04 stale-copy docs hygiene prompt
f12a3d558f6d0bc4147ef43d7cbf2f91d3a8f72a	2026-05-07T11:49:13-04:00	agentdevan	Add RHC05 validation script hardening prompt
096d16be659d39512d7bb77a074d58af43fc6830	2026-05-07T11:50:44-04:00	agentdevan	Add RHC06 repo hygiene closeout prompt
f9fe37601701f30aaabf2175a17ef849581cc478	2026-05-07T11:51:36-04:00	agentdevan	Update global next-batch logic for live full-stack and queued RHC
2cbdc15c4c5300411a302152a7d6c5639eaf9a5c	2026-05-07T11:52:27-04:00	agentdevan	Update global status summary for live full-stack and queued RHC
88eb7c7c1f8de1825618f4c6b397de7c0a62f456	2026-05-07T11:54:00-04:00	agentdevan	Queue repo hygiene closeout in resume alias
3f41f8fc2fca1189da7856761c0cc0a08d660aea	2026-05-07T12:01:14-04:00	agentdevan	Run LDI05 Source Claim Graph
ab13824405b0fa1ddb9ad17f5bbcf5d774b37102	2026-05-07T12:27:29-04:00	agentdevan	Run LDI06 Pack Registry And Pack Compiler
fc7a3aa93b0da7722d9f80c1c754e7757ff67942	2026-05-07T12:39:38-04:00	agentdevan	Run LDI07 Pack Supply Chain Security
a8ca1a1975550a093ce1639a1f0617b10081d2cb	2026-05-07T13:41:36-04:00	agentdevan	Run LDI08 Requirement Graph Runtime
3ca4f498c9fc6f2f3f24fc47063545060dbbc438	2026-05-07T14:01:11-04:00	agentdevan	Run LDI09 Eligibility And Deadline Runtime
1f6895346549b9458a945321d63103a0b471689f	2026-05-07T14:35:02-04:00	agentdevan	Run LDI10 Starting Position And Privacy Intake
f2a07959dcf3302def77db49040cbce1abe3157e	2026-05-07T15:05:01-04:00	agentdevan	Run LDI11 Path Portfolio Runtime
ed7bd2c92bf9de682848a5830eaa00a83c9eb7cb	2026-05-07T15:56:08-04:00	agentdevan	Run LDI12 Capacity And Commitment-Time Bridge
0281c666c2fae0443558bb7c4e82e31e017c0315	2026-05-07T17:19:09-04:00	agentdevan	Add Ambitions canon source-truth README
f52f264fa1a030311661183e726b8ee1394d8b5e	2026-05-07T17:20:29-04:00	agentdevan	Add Ambitions design system canon
13b71accf633c72e515f6d5cccbbbd2fc4f163a1	2026-05-07T17:21:37-04:00	agentdevan	Add Ambitions canon index maturity gate
f59b40fddaaeadd4fead3748d945e67282c48060	2026-05-07T17:23:37-04:00	agentdevan	Add Ambitions product canon
999da9b2c78523057bced56c75d2f4f9f0d38900	2026-05-07T17:24:22-04:00	agentdevan	Add Ambitions continuity layer chrome canon
3ff55aad820b129035c88f7253cd07c2b9e4ee97	2026-05-07T17:26:06-04:00	agentdevan	Add Ambitions signature object specs
bee514232082b68ae5893a274e6cfae678144b09	2026-05-07T17:26:53-04:00	agentdevan	Add Ambitions trust privacy automation canon
0acd3abd72af8ed10d0e2325659aab0e1ecfa111	2026-05-07T17:27:40-04:00	agentdevan	Add Ambitions accessibility motion performance canon
becdae3ffae71dd08a53b8101141d57de1ad8b2e	2026-05-07T17:28:31-04:00	agentdevan	Add Ambitions QA preview visual drift canon
9c36715a1e9164b77e1153fab0369d32b11e9407	2026-05-07T17:29:38-04:00	agentdevan	Add Ambitions native shell tokens materials canon
bd983b9e552db0a4c1309bc692489d474479f92c	2026-05-07T17:30:27-04:00	agentdevan	Add Ambitions implementation Codex repo integration canon
8f5512ff4d3e87c3c536e4c949d74f57172c097e	2026-05-07T17:31:31-04:00	agentdevan	Add Ambitions canon archive conflict index
9a9530414d49eb065fdd52de4be8d7ef1f47323d	2026-05-07T22:39:25-04:00	agentdevan	Add non-executing ACX Codex OS extractor
e04e0104a1ff19f58bfd38b2b6aecb7062590511	2026-05-07T22:39:49-04:00	agentdevan	Add ACX launcher wrapper
d96624e33cc2e1808e6b09e5715aece9e0772bdd	2026-05-07T22:40:14-04:00	agentdevan	Add Codex OS efficiency index
e331ad96db2c8804132a7788a64bd0c8d7ea19ad	2026-05-07T22:40:42-04:00	agentdevan	Add Codex usage efficiency protocol
d1a2676e964d768407710dbd5a536d91b713fba5	2026-05-07T22:41:05-04:00	agentdevan	Add Codex agent protocol
1c2ad44d69bd7aff256b2420ebd882263deafcf7	2026-05-07T22:41:25-04:00	agentdevan	Add Codex evidence standard
2286615b68e0e211f91849df48002dd1a306a30f	2026-05-07T22:42:13-04:00	agentdevan	Add Codex batch train protocol
95c0cd82382602dd510e4e36c54bb5f2ec03bfff	2026-05-07T22:42:33-04:00	agentdevan	Add Codex route context protocol
e7e7662d3cd4b64a55da566e77d636c6935436d5	2026-05-07T22:42:52-04:00	agentdevan	Add Codex gate engine docs
ba9b97c04175272f372a99703726cb3cff555a9d	2026-05-07T22:43:16-04:00	agentdevan	Add Codex skills kit routing docs
2d260f7045e2e5fa59bf4d6740115b97b46ddde1	2026-05-07T22:43:51-04:00	agentdevan	Add Codex route catalog
e8d90838936805cfccb28bdd488312097899031c	2026-05-07T22:44:13-04:00	agentdevan	Add Ambitions known facts state snapshot
e23521476e8ceccae574bef75673af6d4710b2ef	2026-05-07T22:44:31-04:00	agentdevan	Add active batch efficiency mirror
29323e86c369c85249f60dacd2541a3ea6020d94	2026-05-07T22:44:55-04:00	agentdevan	Add accepted Yellow efficiency ledger
16948fa2daa155ad92ca9052f3707bb5017bb786	2026-05-07T22:45:13-04:00	agentdevan	Add hard Red efficiency ledger
7f287b8e766fd0849016d5b70b818e2748d8c2af	2026-05-07T22:45:51-04:00	agentdevan	Wire Codex OS efficiency layer into agents guidance
9f5c54b0b17abed76507f5d8aab8963168172ae3	2026-05-07T22:46:25-04:00	agentdevan	Update Codex OS README with efficiency layer
f479240d2366e4563ac12c5a80d930fba903b53e	2026-05-07T22:46:55-04:00	agentdevan	Add efficiency overlay to Codex OS peak protocol
ccef38965cce6c9f7366e85952130b716edcaf34	2026-05-07T22:47:30-04:00	agentdevan	Register ACX advisory scans in CQS script map
17f295dd02ab30eb24f342d12a78940a8b36bded	2026-05-07T22:48:07-04:00	agentdevan	Ignore local ACX Codex logs
56a8667d2124b4ac87b7d5b8fdec550a692fd068	2026-05-07T22:48:32-04:00	agentdevan	Add Codex OS efficiency manifest
800c6bd9dc79f18e4ded5f97b1349e97798b94fa	2026-05-07T22:49:05-04:00	agentdevan	Add Codex OS efficiency upgrade audit
a5f0ff8f551be54c3a79974408205e77908f708e	2026-05-07T23:12:16-04:00	agentdevan	Upgrade repo-local Codex OS
13239e21b26934cf999e133785a394b3fbbb24f7	2026-05-08T00:10:22-04:00	agentdevan	Run AmbitionsCanon orientation and LDI13 bridge
1544e6b38420562e034ca7481181264fbb65161e	2026-05-08T00:26:22-04:00	agentdevan	Run LDI14 trust receipts
f4093c5607f483fc230f6ccc5c5bb02f6aacb1a0	2026-05-08T00:37:23-04:00	agentdevan	Add AmbitionsCanon UI completion insertion overlay
dcd17d308f9aa4d73be2139c80e62d6379d4de12	2026-05-08T01:04:43-04:00	agentdevan	Add ACX speed bundles manifest
82c73ac9b9f86d1780fd5f70039a037ebb0484ec	2026-05-08T01:05:41-04:00	agentdevan	Add changed file impact map
7e8be98750ddb2030228e57577d45452e2974310	2026-05-08T01:06:43-04:00	agentdevan	Add ACX Local bundle execution and proof cache updates
eee968462d9e3e2a8280d8faf12d3d2a70e5d891	2026-05-08T01:07:51-04:00	agentdevan	Add ACX changed-file impact planner
626540adcb0f5f11da08870852ac2773bfc4d133	2026-05-08T01:08:30-04:00	agentdevan	Add repair profiles manifest
fcab06cfcc8399b1dcf4cf36c3d21f4309458a9d	2026-05-08T01:13:41-04:00	agentdevan	Add ACX repair diagnosis CLI
f1d03185efcba0afa44e4f461c79e3807eec8519	2026-05-08T01:14:05-04:00	agentdevan	Add ACX repair launcher
03cbb0dd32085936b19628f4018228b2722ae9a1	2026-05-08T01:16:01-04:00	agentdevan	Add ACX closeout packet generator
8c6b10cc840296f32c26a9ae2301a574e9b84215	2026-05-08T01:16:33-04:00	agentdevan	Add sanitized evidence packet generator
b3f9d96ebfe0bf36905c05683f850bd10f211670	2026-05-08T01:17:04-04:00	agentdevan	Add build command manifest
cc4d332c1b75ea3af24f4b83fa3bb5278fbfc89f	2026-05-08T01:18:45-04:00	agentdevan	Add test impact map
31e106c543bb0e49c0c6c7af9679d8ae5f898ef1	2026-05-08T01:19:17-04:00	agentdevan	Add visual proof map
7ec40d4429194fbd951f97f210aaa6c06d7db3b0	2026-05-08T01:19:44-04:00	agentdevan	Add accessibility proof map
33d4e1d899b271cb58436c0229c9c7dc55875802	2026-05-08T01:27:45-04:00	agentdevan	Add ACX build triage helper
2a0f2192fbed406d8d5a30e91b621ce958283ba5	2026-05-08T01:28:41-04:00	agentdevan	Add ACX visual proof packet helper
8a04960c9a15e8cf079fd870ca04889a857486b7	2026-05-08T01:29:21-04:00	agentdevan	Add ACX accessibility proof packet helper
e9c30a348029693f4912c07e0677fa306414fd8b	2026-05-08T01:30:17-04:00	agentdevan	Keep ACX proof cache local-only
6b9fd3906f3efb75b1289b832f3b444bfc467d58	2026-05-08T01:50:51-04:00	agentdevan	Add Codex speed engine protocol
60538e518be78c27add540807523224e2ca609f6	2026-05-08T01:52:24-04:00	agentdevan	Add Codex repair engine protocol
a09c01ab39d2e71d84ef224c72758d3d14bbaa9b	2026-05-08T01:53:02-04:00	agentdevan	Add proof cache protocol
bf3738f9d6d8136e83679eda0a1032b43320dc2d	2026-05-08T02:11:56-04:00	agentdevan	Add build sheriff protocol
3b9b0a9036c57bba8b0a51effa741b939d8c68ba	2026-05-08T02:17:03-04:00	agentdevan	Add visual QA protocol
3473ac9d725538e4248235f3a73db98bdc5c0b11	2026-05-08T02:17:47-04:00	agentdevan	Add accessibility proof protocol
b0eee15ca031779382371cccfe253c7a2f9dd312	2026-05-08T02:18:39-04:00	agentdevan	Add privacy security scan protocol
ea653aad7766402aa161f957befc993db6762b35	2026-05-08T02:32:16-04:00	agentdevan	Wire repair speed and proof engines into agents guidance
8696baad4f447b211c073df4ac3ce6e1e4c1807d	2026-05-08T02:38:39-04:00	agentdevan	Add Codex OS repair speed proof engine supplement
5f38ca05a591c713e5a0081fb33f6ed1a757f9cc	2026-05-08T02:39:33-04:00	agentdevan	Add iOS CI workflow
796eb135f8a3d0d367cfe39ee62d5abb99b3c8a4	2026-05-08T02:39:36-04:00	agentdevan	Add active repair state template
627d696ce481e85087d2ba72a85ec6d8a56ad8b7	2026-05-08T02:41:45-04:00	agentdevan	Add repair ledger template
c6878918c8fc8da6a23ddd7f1f65f11751b68e8d	2026-05-08T02:42:48-04:00	agentdevan	Add ACX impact launcher
c2a6bb7cc9fdf451b708031aba78a0e8cb226853	2026-05-08T02:50:43-04:00	agentdevan	Remove iOS CI workflow
8762a53b1052d5d2da96f85cbce166e2259b971e	2026-05-08T02:50:44-04:00	agentdevan	Add ACX closeout launcher
851b9e8f221bded94deea98fcd15b71521893d91	2026-05-08T02:55:47-04:00	agentdevan	Register ACX repair speed and proof helpers
c232e67c7b4bcc037e7a0a84a190f9caecbf5c41	2026-05-08T03:09:24-04:00	agentdevan	Wire Codex OS README to repair speed and proof engines
5c4ba8ec79fd5ed06aba998c5cf7571fefe800cc	2026-05-08T03:15:12-04:00	agentdevan	Replace README with local-validation repo landing page
9d8413f8af1a0902a52a67b93d898598d8cd2e00	2026-05-08T03:15:42-04:00	agentdevan	Add Codex OS repair speed proof upgrade audit
6896abee3c088ef43854c8c3b9a2f080882a45b8	2026-05-08T03:15:50-04:00	agentdevan	Add current implementation map
99b51bbc8cc14bc809dc7600d00cda089ac9d32d	2026-05-08T03:17:03-04:00	agentdevan	Add repo cleanup index
a819d2dd632d768c3f42de36ba7156f2d8e09125	2026-05-08T03:19:25-04:00	agentdevan	Add Flagship Interface preservation ledger
f94e1ebdf49b5e71bee2fd2477c43a8c7dbebad1	2026-05-08T03:20:07-04:00	agentdevan	Add Ambitions Flagship Interface canon
ac08ad7218fe999b3d6a507c800c93df22b2957a	2026-05-08T03:20:11-04:00	agentdevan	Add local release evidence packet
8ec1e89e4d9ad8aa1db50dcb4ef21762d5904a44	2026-05-08T03:21:03-04:00	agentdevan	Add canonical vocabulary and copy bible
3ddff6c85df2abfa7cb36d84b842b499abc41c97	2026-05-08T03:21:09-04:00	agentdevan	Simplify docs index around local validation status docs
f4d5c49859fbeb83464bb60b503e70ad2ea2d3df	2026-05-08T03:25:18-04:00	agentdevan	Add screen composition constitution
64be4fa8195fb3212b35fd92c9538c2a5858c83f	2026-05-08T03:26:33-04:00	agentdevan	Add flagship experience laws
f99411d6d960c977dd203b6c3dff8a22cd6af700	2026-05-08T03:28:39-04:00	agentdevan	Add flagship QA and award caliber bar
7cc7069b6d0fbad8fc540dc64a08b9cd32c0f4fa	2026-05-08T03:29:37-04:00	agentdevan	Add AFI implementation lane canon
b1dfe51ebe0503fb30a0c7e330c998237d09eb99	2026-05-08T03:31:39-04:00	agentdevan	Add surface identity and signature moments canon
6683f4a72b43c430c5a4d29cd5008be0a05c5794	2026-05-08T03:32:48-04:00	agentdevan	Add Ambitions product grammar canon
533dfa55954a9d70be0123aecfd68a04b45d2011	2026-05-08T03:35:22-04:00	agentdevan	Add trust receipts and closure language canon
01a6931f9fbbd8dbada4390d649374cbbf0fe635	2026-05-08T03:35:32-04:00	agentdevan	Align AGENTS with local validation and current source routing
8e02fb5e5a8ded2e4fe2858e62320df1a20f6c34	2026-05-08T03:36:33-04:00	agentdevan	Mark Ambitions 3.0 override as preserved baseline
2657c4ca418c668302e64e6661ea6a82dbee4f05	2026-05-08T03:36:46-04:00	agentdevan	Update AmbitionsCanon README for AFI source truth
7e99f6da073d3fc2aced93b2f6d873df7972264a	2026-05-08T03:37:41-04:00	agentdevan	Update insertion overlay to AFI lane
5e380ab87378e211074d861bf582c0ac8162a605	2026-05-08T03:46:07-04:00	agentdevan	Add repo-wide cleanup report
4e596923ff11318284509be78ae84378cbf423f8	2026-05-08T03:46:15-04:00	agentdevan	Add Product Canon flagship amendment
c0da084eea1ae7a6fba8598527464dc2d17785d6	2026-05-08T04:08:11-04:00	agentdevan	Add Product Canon amendment to source hierarchy
96b6a9da8a166b388c12ddb34a9fbe2eef92ecf0	2026-05-08T04:09:25-04:00	agentdevan	Add Flagship Interface canon expansion report
bf6bdea4185ac94c758e70d67674d8dcd534b5ec	2026-05-08T09:11:30-04:00	agentdevan	Harden ACX repair diagnosis defaults
ac168ade501f6fdeedf3015606f0216c5a667f0f	2026-05-08T09:37:28-04:00	agentdevan	Integrate platform kernel train and reconcile global batch scope
6062280ce89ad3f0f2941222acfea597ab7113b2	2026-05-08T09:50:46-04:00	agentdevan	PK00: Current Backend Proof Baseline
40bbd1bc2caf18804498fdc773cb62b994ce4c37	2026-05-08T10:26:02-04:00	agentdevan	Reconcile AFI source truth and stash routing
fdbeb2cd161c8c24a1760b1c2e7b5953d16938aa	2026-05-08T10:44:18-04:00	agentdevan	AFI01: Canon Language Purge
67cb469b1b89f84c1181246cea241b6bbf08ba06	2026-05-08T10:55:28-04:00	agentdevan	AFI02: IA Hierarchy Lock
a64e91620aeea5df71a16978bc89725fd07d2883	2026-05-08T11:04:32-04:00	agentdevan	AFI03: Flagship Object Silhouettes
f0739a0e2e77e5785fb9d7f3eee201ca3d5a74aa	2026-05-08T11:14:34-04:00	agentdevan	AFI04: Material System Proof
11b8f23f0215685bb7201bcfc32ca71f24af80d5	2026-05-08T11:44:18-04:00	agentdevan	AFI05: Shell And Continuity Chrome
80ced2073f4fa73dd4a3d0357ba1bf9b06ef58c5	2026-05-08T12:07:50-04:00	agentdevan	AFI06: Today Reality Meridian
1ff2f636f17d935342052fc9c515c8e21b57faff	2026-05-08T12:37:32-04:00	agentdevan	AFI07: Goals Constellation Atlas
10e952c40707bd47182ae089e9b8fd5ec11f6a5e	2026-05-08T12:56:11-04:00	agentdevan	AFI08: Capture Atmosphere Composer
f6597d7d4b94cb6ce5cea5699b2f03fb38a64fbe	2026-05-08T13:20:00-04:00	agentdevan	Repair README AFI Time front door
e7d32ee02f7867b4468d54c785aaa5e0c7242df7	2026-05-08T13:22:16-04:00	agentdevan	Repair AGENTS AFI Time guidance
3246765080b464db3abe01061cefe281aa2717ae	2026-05-08T13:22:49-04:00	agentdevan	Repair implementation map AFI Time status
f7901c1702d6f59f5eaee8bcccfbe5fa238a27b1	2026-05-08T13:27:29-04:00	agentdevan	Repair docs index AFI Time source truth
06881914cfda1f5c756a82b50270adde468ad7b1	2026-05-08T13:45:45-04:00	agentdevan	Add model tier execution policy for Codex OS
e1736c0139796a436f8e9145bdbaf5f82cac65ab	2026-05-08T13:46:11-04:00	agentdevan	Add model tier deferral ledger
acc19f0fd2d3cbc100a0b69803f6f2c4980befd1	2026-05-08T13:46:51-04:00	agentdevan	Add Mini global batch train alias
16abde14799e9ecdabe0950ab11401f8bf7e133b	2026-05-08T13:47:41-04:00	agentdevan	Add Senior global batch train alias
0a6b0b6b042d675f7331c88c76760094bdf41a7c	2026-05-08T13:48:46-04:00	agentdevan	Wire model tier policy into AGENTS guidance
714d07057a21c6c42573bfd1adcdbb498c020f97	2026-05-08T13:46:27-04:00	agentdevan	AFI09: Time LifeShape Field
21c1b7f8d2dca1f428bc1a8a4f07f10d591a149b	2026-05-08T13:49:29-04:00	agentdevan	Add model tier subsystem to Codex OS index
8581ec0048da3e7768763e41ca8d48412064e3a0	2026-05-08T13:49:59-04:00	agentdevan	Add model tier rules to batch train protocol
9a98f88f82eccd233eff148350456e838576a98b	2026-05-08T13:51:06-04:00	agentdevan	Refresh global resume alias for model-tier trains
eed7629f6eb381eb02a3eb478eeb950fbad23d71	2026-05-08T13:51:52-04:00	agentdevan	Add model tier gates to peak operating protocol
13fd35d47c56d202f9b2273e5f83e2c42da27103	2026-05-08T13:55:48-04:00	agentdevan	Add model tier batch matrix
aae7b566ab5ccc4f499e1c6ded3b8219bb21c01d	2026-05-08T13:57:14-04:00	agentdevan	Wire batch matrix into Codex OS index
affabd63d7f541ec17487fccd929847dd4439d76	2026-05-08T13:58:50-04:00	agentdevan	Add model tier Codex OS upgrade report
3762ecbe758cd2013b80c8c1a6499b2f831cbbc3	2026-05-08T13:59:41-04:00	agentdevan	Wire model tier matrix into AGENTS guidance
45577fa8bf6884ead7c357314736fad4069f77d3	2026-05-08T14:15:06-04:00	agentdevan	AFI10: You User System Profile
29d7ee34ef741492e72cb8b9522734f966ca92d8	2026-05-08T14:31:56-04:00	agentdevan	AFI11: Trust Seam And Receipts
eb342a9d6ac49d491761fd3c4bb87876a112f36e	2026-05-08T14:37:32-04:00	agentdevan	Add EFC flagship proof operating layer
463d6a71f57d478f6ee98b53184b8513d695feba	2026-05-08T14:47:07-04:00	agentdevan	AFI12: Accessibility And State Proof
d4335cd827837ae5fefdda03e85e3471c993be29	2026-05-08T14:48:37-04:00	agentdevan	Add EFC batch registry overlay
a5eeb5fa8f4260edeaa426dbddeca8bc3172499e	2026-05-08T14:51:05-04:00	agentdevan	Add EFC peak global sequencing overlay
8b2fcac476616ff0412eff06fa5ed331d1eb6a08	2026-05-08T14:53:41-04:00	agentdevan	Add EFC proof closure overlay train
ee8700253a6573f373bc9730678472ba52aa4ea1	2026-05-08T14:56:35-04:00	agentdevan	Wire EFC overlay into active batch mirror
579fc49598963ca14c9b2d69081b478a84fe12df	2026-05-08T14:57:36-04:00	agentdevan	Index EFC peak proof controls
df0f8e84b15bdb8baa5adc15c4d6f94a5e72ab34	2026-05-08T14:58:33-04:00	agentdevan	Index EFC overlay in docs README
df7de26fee538591b6b99af4a20e8582a5254e4d	2026-05-08T15:03:38-04:00	agentdevan	Add EFC overlay rules to AGENTS
208523ddf360fe4c766f0ebe5e256756ebd33641	2026-05-08T15:04:34-04:00	agentdevan	Add EFC00 integration prompt
445c278e00d0558ed15df417f4f75049eda503d0	2026-05-08T15:07:01-04:00	agentdevan	AFI13: Visual QA And Drift Gallery
8f2aa74749e7ee7decb9bd247011a039d8203017	2026-05-08T15:09:12-04:00	agentdevan	Add EFC00 integration audit report
cffc628bc8e527f8d9ec951662e7406d0c64e49f	2026-05-08T15:22:24-04:00	agentdevan	Add MCP local production OS plan
677e06dcba46346c61c2915415afd1030cb0104a	2026-05-08T15:23:15-04:00	agentdevan	Add MCP Codex setup guide
84379c5dadb919b657dc3265c4771991860d5602	2026-05-08T15:23:39-04:00	agentdevan	Add ambitions repo MCP README
e34c7d8f06667cb68462796221af75f95eaf14c3	2026-05-08T15:23:55-04:00	agentdevan	AFI14: Cross-Surface Coherence Review
ea88936acccf3c35136e76b991281cd30cd7ac06	2026-05-08T15:28:23-04:00	agentdevan	Add read-only Ambitions repo MCP server
949ae55e705f6e31463b99fbc3d9441b9e0bf18d	2026-05-08T15:28:48-04:00	agentdevan	Add ambitions repo MCP pyproject
ef79dbbfa49d0535628d236a2f92bff4c6ce0364	2026-05-08T15:29:15-04:00	agentdevan	Add ambitions repo MCP tests
73fad1d76104e9610080da5c5f398b8274358c12	2026-05-08T15:29:45-04:00	agentdevan	Add Ambitions repo MCP setup script
fedfb087ce742816eb0f4fe99d05992cc6a1155b	2026-05-08T15:30:24-04:00	agentdevan	AFI15: Founder Acceptance Review
94c7f2b711cb35a95d1e4fab568cfd06053c07b6	2026-05-08T15:31:58-04:00	agentdevan	Index local MCP production OS
226487ff74092d433c659d9b82a9a9ecc7d985b5	2026-05-08T15:32:54-04:00	agentdevan	Add MCP01 read-only repo MCP prompt
60491067e847bb4e904f1ae252426992d5b09e87	2026-05-08T15:34:40-04:00	agentdevan	Add local MCP production rules to AGENTS
47506c981dab42ef7a9fa2ef83a8e924f660f353	2026-05-08T15:35:37-04:00	agentdevan	AFI16: Release-Claim Safety Review
a21c75d3663770ba94b1381ec17da3db3c29c9ca	2026-05-08T15:36:45-04:00	agentdevan	Harden MCP tests import behavior
e8d2536d4846f9c7f00a2455e9c0fdb3001c7894	2026-05-08T15:39:01-04:00	agentdevan	Add MCP01 audit report
100af94fd53ecf522e79ed63f9973cfeec849bbc	2026-05-08T15:40:56-04:00	agentdevan	PK01: Package/Module Boundary Scaffold
7d01ff2eeba1386fe7456cc220b0578f8eca21f2	2026-05-08T15:46:10-04:00	agentdevan	PK02: Architecture Boundary Scanner
a71a42f571eddeebd31a5e0bc796956bbf384e66	2026-05-08T16:18:55-04:00	agentdevan	Add post-PK03 dirty worktree reconciliation script
0adb312e490046028b5bc4282e9f4513516d2bfb	2026-05-08T16:19:25-04:00	agentdevan	Add post-PK03 dirty worktree gate prompt
8cb990ccd1988bb0c3c2d45cbc4910bfb05da13f	2026-05-08T16:20:01-04:00	agentdevan	Add post-batch gate registry
197e46a27553e66f77e9e4ebdb39fa1c617a53e8	2026-05-08T16:23:15-04:00	agentdevan	Wire post-PK03 dirty gate into AGENTS
83e087f931117e835d5618325664333c55693d39	2026-05-08T16:24:03-04:00	agentdevan	Add post-PK03 dirty gate installation report
1275f571c31427662010fbdea37537c7236ef6e9	2026-05-08T17:00:28-04:00	agentdevan	PK03: add AppUnitOfWork foundation
241b95234d9911d538afe32ce9f6fd95f1b512af	2026-05-08T17:02:43-04:00	agentdevan	GQ01: resolve dirty worktree before queue maturity
f2ba4044186a6da9662eea291efb2e4cbd91a9bd	2026-05-08T17:13:55-04:00	agentdevan	GQ01: mature global queue readiness
bbc2b84e04441266107701d96e12b0c33c8f9242	2026-05-08T17:46:39-04:00	agentdevan	PK04: make goal creation atomic
bbfc52e9f6d0cf11d5d5fbab62c649bf326dbc97	2026-05-08T19:44:10-04:00	agentdevan	PK05: make clarification materialization atomic
d43a5aa148d496257a003efc7c2a223735c57f0d	2026-05-08T21:35:59-04:00	agentdevan	PK08: close capture and storage safety gates
46a036f69aaa1611c6737cba188703a670c3ce17	2026-05-08T21:59:40-04:00	agentdevan	PK09: add persisted value degradation
f3b551a444309880e43539af4aef490967cad535	2026-05-08T22:16:23-04:00	agentdevan	PK10: add storage invariant checker
0fa136e21d1aab3657cd2226f0667d77193d8cb6	2026-05-08T22:32:20-04:00	agentdevan	PK11: add pre-migration backup gate
434bde627592244c1c9122d8abe97d8abaa280cc	2026-05-08T22:48:59-04:00	agentdevan	PK12: add portable import dry run
0c94bdfa1d5d3b96254268566b39b31ba2b480fe	2026-05-08T23:01:04-04:00	agentdevan	PK13: add restore rollback wrapper
0acd88a48ba2bb39f967166fce53621f8a27545a	2026-05-08T23:37:42-04:00	agentdevan	Add FAANG frontend implementation team operating system
9ce9385becd0425a86b8286a0e62c57462fb989a	2026-05-08T23:38:30-04:00	agentdevan	Add FAANG frontend implementation Codex skill
2914492a7d914e881af56f1dd9a2adefcc594c45	2026-05-08T23:39:43-04:00	agentdevan	Add IR01 FAANG frontend interface recovery prompt
381d07f9450e4728b75c1202e48263c47c10e2c6	2026-05-09T08:13:59-04:00	agentdevan	Upgrade Codex OS with FAANG frontend gates
d21f9dfc1eac2a2f907c15359e5cae14055696d0	2026-05-09T08:37:17-04:00	agentdevan	Run FET01-FET12 FAANG frontend excellence train
b2b21137a22d51382ccb57e469aa9268cd84380a	2026-05-09T19:30:24-04:00	agentdevan	Add final product design truth source
a611e05c7984fcc05f9225a02b48229f2e834cbe	2026-05-09T20:03:53-04:00	agentdevan	Add implementation truth document
49543dc5ca8068ebca1525a8cb5faa4201750b72	2026-05-09T20:05:18-04:00	agentdevan	Add release truth document
3f358ecdaa01fd6e192e026fdcdd6bea668f1cc2	2026-05-09T20:08:20-04:00	agentdevan	Add Codex process truth document
db45b3a36b13c3efa0ff359d2bc0acaa4cf3b2f1	2026-05-09T20:09:47-04:00	agentdevan	Add historical policy document
93fe73eb9246d73dbcc68740b22d53c211178be0	2026-05-09T20:54:59-04:00	agentdevan	Add truth file authority index
7b7f90cf5bb21fb4a76a8608559d9e0b286668d8	2026-05-09T21:05:20-04:00	agentdevan	Add truth wiring audit
2809b1b543f67f8f9979fb27477b7759b4dc7e83	2026-05-09T21:08:31-04:00	agentdevan	Wire AGENTS to docs/truth authority
912e1e0419cb2230641e24202a6f4ffbb2024e98	2026-05-09T21:09:27-04:00	agentdevan	Wire README to docs/truth authority
85044772708524ba558708bcd670f5658cfa3997	2026-05-09T21:11:28-04:00	agentdevan	Wire docs index to truth authority
77a52b30093b135344b84a85b8b0d132552e8608	2026-05-09T21:12:37-04:00	agentdevan	Wire codex README to truth authority
792780ca3a3633a82b625eaf7835fa2a59201937	2026-05-09T21:17:14-04:00	agentdevan	Wire Codex OS index to truth authority
f86cb52320bddb6b602b14e36e816d8e9c80b0e7	2026-05-09T21:18:43-04:00	agentdevan	Update truth wiring audit after T01b
91ff32336d8577592a7ef6620d92277531ae2b16	2026-05-09T21:21:25-04:00	agentdevan	Add T02 codex agents skill inventory
f1ba6694fd1e962a7b0b013d6e0aa0d50dc045f4	2026-05-09T21:29:51-04:00	agentdevan	Reconcile codex skills README with truth authority
26cee3e95385f36116f4c4d2acca793edb7dfc13	2026-05-09T21:32:12-04:00	agentdevan	Reconcile skills routing map with tracked skills
e3604931781d05854a26dc7b075373a3aababe99	2026-05-09T21:35:15-04:00	agentdevan	Add T03 codex routing reconciliation audit
30e7169587d7d65868b888b3f913fc3aa94bec70	2026-05-09T21:44:28-04:00	agentdevan	Add T04 cleanup decision register
9969b9c0fdda321c3118596a5ef52be585c32d8d	2026-05-09T21:47:10-04:00	agentdevan	Add quarantine header to Supabase skill
594e01a65aec6756cf0e00cf11e7284b1ff00385	2026-05-09T21:48:01-04:00	agentdevan	Add quarantine header to Supabase Postgres skill
6d4a6c569f7819b03d165c815bbd432f090d666f	2026-05-09T21:48:52-04:00	agentdevan	Add historical header to Ambitions 3.0 baseline policy
13161f6be7ce96cd6700ba13b6d8a11b61741da6	2026-05-09T21:51:06-04:00	agentdevan	Add historical header to master 3.0 Codex prompt
cb8eecd4a864f31e5a60ec46a7eb7e3159465651	2026-05-09T21:53:20-04:00	agentdevan	Add T05 historical header pass audit
a3f179569fdfb8f334476c1feac1ddc7aaabc639	2026-05-09T21:55:04-04:00	agentdevan	Add T05b header to 3.0 source-truth override
493e7a20b9a7dd60afb7629b3b7b621aba38ed8d	2026-05-09T21:56:20-04:00	agentdevan	Add T05b header to 3.0 front-end redesign index
7f2347772f365aa0ff0e235ac3c3d6ff2bc794c2	2026-05-09T21:57:38-04:00	agentdevan	Add T05b header to cleanup index
72cd053a78f63df5402638c8da91a02e92da559e	2026-05-09T21:59:18-04:00	agentdevan	Add T05b header to batch train orchestrator
8b4cca2e8275e41735b2c2d771080209b28b8025	2026-05-09T22:30:20-04:00	agentdevan	Add T05c large doc classification overrides
56a0616df969a708e2af14faed12197f26c5dff0	2026-05-09T23:07:48-04:00	agentdevan	Add T06 reference dependency scan cleanup plan
bb187bd82a7797bf78c88cb145b96816f5eb0e6a	2026-05-09T23:10:29-04:00	agentdevan	Add T07b quarantine archive folder plan
95e019d6e1297af955711ee0091478b09493c91c	2026-05-09T23:14:15-04:00	agentdevan	Add T07c provider skill quarantine move script
cacb92ad2b0a3a017da627647acfd2be2e28ea74	2026-05-09T23:28:50-04:00	agentdevan	Delete quarantined Supabase skill file
2fc59987aa27cb42448e5222354fd07fc4fe9ae1	2026-05-09T23:29:53-04:00	agentdevan	Remove provider skill asset
4382a0153897c1799fdf10018fe1937fe86a1c27	2026-05-09T23:32:32-04:00	agentdevan	Delete .agents/skills/supabase/references directory
a97be86edebd275587a4497adf361f475d48893e	2026-05-09T23:32:39-04:00	agentdevan	Delete .agents/skills/supabase-postgres-best-practices directory
ff965a5631b416ee1e4a23ef349ac27271d127c6	2026-05-09T23:36:17-04:00	agentdevan	Update skill inventory after provider deletion
aaea5abee857b4fcdc2f28371e8f908a966091c7	2026-05-09T23:37:07-04:00	agentdevan	Update cleanup register after provider deletion
3b8fdc3d38a5cdce3001c8d6f1af9f2b5b317128	2026-05-09T23:41:27-04:00	agentdevan	Delete t07c-provider-skill-quarantine-move.sh
eb5ed199c54d02ab4ea9868062c9f036648734d4	2026-05-10T00:26:09-04:00	agentdevan	Add repo control-plane cleanup phase 0 baseline
20081bb35c6e36a9d9d993c56ffbc952d903f8cf	2026-05-10T00:31:03-04:00	agentdevan	Classify control-plane components for phase 0B
e419d2b0e953e9a7dd1d82e1a5fd3f888fc84bc9	2026-05-10T00:32:55-04:00	agentdevan	Add Codex operating system router
45bdd30060df25a2fd32d47093f20d83028fd78d	2026-05-10T00:34:45-04:00	agentdevan	Add Codex department registry
20c56b5d8f69baa9ad4918c7508d2602df9c1596	2026-05-10T00:36:17-04:00	agentdevan	Add Codex skill governance
ed3fc75900b8e78dc9026a58837880af625d360e	2026-05-10T00:45:49-04:00	agentdevan	Add Codex batch train registry
121f5088277712cb4fef01f293ca4e9a7b106c38	2026-05-10T00:49:47-04:00	agentdevan	Add Codex global batch train
10107d152a2da46f7c13c3e6f6eb7b3933ee341b	2026-05-10T00:51:19-04:00	agentdevan	Add Codex tooling validation map
661206bddbb5ef8c41e608cdaf9047ef2fb5ab43	2026-05-10T00:52:29-04:00	agentdevan	Add Codex session bootstrap
641cae23a59fd2bb83bfc081638bd4b9e694c700	2026-05-10T00:54:27-04:00	agentdevan	Add Codex repo inventory
93ede220114276a7a82cd15ea531b63fd9400a83	2026-05-10T00:55:29-04:00	agentdevan	Add archive stale material ledger
421da8e1745e1e80975b1c89015f6712016d7c7e	2026-05-10T00:56:05-04:00	agentdevan	Record safe prune archive no-op
6869064fe3a65720925433011681ecadd001f425	2026-05-10T00:56:57-04:00	agentdevan	Consolidate cleanup status routing
5642a59dafad442bd19adfd6229c58059482f62d	2026-05-10T00:59:18-04:00	agentdevan	Harden Codex release evidence firewall
de9c5283be86907648704a9e8ee4518dc593031c	2026-05-10T01:01:27-04:00	agentdevan	Add final control-plane cleanup audit
597410f3cee657930bd892fd2d78e477d26947f0	2026-05-10T01:20:45-04:00	agentdevan	Resolve control-plane yellow items
ad65cadead09b5c76e78fdb991cea719039c7aa3	2026-05-10T01:31:56-04:00	agentdevan	Add Codex validation harness
e8fc75645058c1c463f2244abd6c6b4d9e177b1b	2026-05-10T01:33:09-04:00	agentdevan	Add Codex forbidden claim scanner
b531aa3dd5707a4f4d5a4a8f09c4bd6a904b0c35	2026-05-10T01:33:50-04:00	agentdevan	Add golden path contracts
745bfb27994b6eebdf69695080c468e785a97f27	2026-05-10T01:34:33-04:00	agentdevan	Add SwiftUI primitive contracts
53b428fe27c25419a5b6a9f7cc95de08b581eab0	2026-05-10T01:35:13-04:00	agentdevan	Add visual proof ledger
993a830cc3905df24571dab9e2ac5bc37c95402f	2026-05-10T01:35:48-04:00	agentdevan	Add accessibility motion validation gates
e0522c8b8a6c25475a3393c09f58bf2e17b040cd	2026-05-10T01:36:26-04:00	agentdevan	Add performance budget contracts
88daeb1a5a6be28cdb0d5dd2dd70844606a47aae	2026-05-10T01:37:12-04:00	agentdevan	Add Codex PR protocol
7f1d6dfc477d11582c7e167fe2a1e95b3753a1f7	2026-05-10T01:38:23-04:00	agentdevan	Add Codex review board
85e64768828fdde280aafd1327c3bd6f079bc6cf	2026-05-10T01:38:59-04:00	agentdevan	Add Codex execution scorecard
7008afef9de330f7a9bc1feaa3beb2800de49d57	2026-05-10T01:39:36-04:00	agentdevan	Add defect regression ledger
8e9ff6982f363885f292d46281848bf16bfba5d4	2026-05-10T01:40:33-04:00	agentdevan	Add design to code bridge
49e3ed7e6ee895773c571a1af20e7f2eaec6d2c9	2026-05-10T01:43:42-04:00	agentdevan	Add execution excellence final report
754223d90a8e187293c037e10fba54cfa185ed46	2026-05-10T02:02:02-04:00	agentdevan	Clarify Ambitions repo guidance and truth sources
4bcce7252fdf5e9c8bb75110c7a4c0ab8107b88c	2026-05-10T02:32:17-04:00	agentdevan	Harden Ambitions Codex runner defaults
9b314db7884f4194b863a09127b4a835f03876fb	2026-05-10T02:45:23-04:00	agentdevan	Add global sequence autonomy governance prompts
814bba98ce0860dc7b63e2a77b5a321890bae71f	2026-05-10T02:59:57-04:00	agentdevan	AUTO-HARDEN-01: complete hybrid Codex batch
3b957d35154dd011572a92e1915617b13a4db299	2026-05-10T03:11:13-04:00	agentdevan	Finalize global sequence autonomy review
76fd6500f0ec4d0bce4cf4495936355dc88e6cc7	2026-05-10T03:16:59-04:00	agentdevan	Repair global sequence autonomy prerequisite ledger
29ab54a92acfc71f3ee4cd4d11c5be7c3dd9d130	2026-05-10T03:20:10-04:00	agentdevan	GLOBAL-SEQUENCE-AUTONOMY-01: complete hybrid Codex batch
539c3df181df9b0e1958ebe4ffc419856e03002a	2026-05-10T09:41:10-04:00	agentdevan	Repair PK14 conductor retry guard
952730d76ec0d705763e32801ab6a98336d222ed	2026-05-10T09:43:58-04:00	agentdevan	PK14-CONDUCTOR-REPAIR-01: complete hybrid Codex batch
e923189db05914ee69d7f4ddc3aa493689daa565	2026-05-10T10:16:22-04:00	agentdevan	Add durable command execution ledger
fd96f7c06dbc16ee05c0dd268ab09d0802d9dc9a	2026-05-10T10:23:35-04:00	agentdevan	Repair runner phase-created commit bookkeeping
6caea289b2140c9bf0ebc8975d19aaa39b71254a	2026-05-10T10:39:18-04:00	agentdevan	Reconcile PK14 completion state
b5183bf8ad1ac54c8618a4aea4cd0594ea045ce6	2026-05-10T10:54:29-04:00	agentdevan	RUN-GLOBAL-BATCH-TRAIN-TO-COMPLETION: complete hybrid Codex batch
e9a0f1c2fc49f14f63bbf409c36755e025b90d59	2026-05-10T11:11:58-04:00	agentdevan	Block nested batch runner loops
a8c4163f5c0687858993f4d4d78d03a34e5f51c9	2026-05-10T12:30:29-04:00	agentdevan	GLOBAL-RUNNER-LOOP-PROOF-01: harden global train supervisor
526a421fd0ed42c0747450cf1165c3de3049eb6f	2026-05-10T13:04:16-04:00	agentdevan	RUNNER-REPAIR-AUTOPILOT-01: fix process preflight and repair flow
67a7d48b72e658bd9b2942caf729b9d4769ae522	2026-05-10T13:34:42-04:00	agentdevan	AUTONOMOUS-GLOBAL-TRAIN-RECOVERY-01: add autonomous train path
2e812f55f46a5d7f5cf0e2d01d52958f75180c28	2026-05-10T13:53:21-04:00	agentdevan	PK15: add receipt backend
4dd90b0264956d3c9ac855d25e96293ad17e6e57	2026-05-10T13:57:08-04:00	agentdevan	AUTONOMOUS-GLOBAL-TRAIN-RECOVERY-01: add missing runner prompts
3c20ce4b533915a3e3b84c705e9f8ce2c8426280	2026-05-10T17:00:58-04:00	agentdevan	Add files via upload
1fe8a1f97e35c72a54634098a1f7876edd3ff4f5	2026-05-10T14:33:21-04:00	agentdevan	Add trust history query repository
95ac7f79e406cce235f6a1ee159068940422ad31	2026-05-10T16:54:33-04:00	agentdevan	GREEN-REPO-STANDARDS-01: align repo standards and proof posture
784842c87e9b39caca28541cf00838e66ae216cb	2026-05-10T16:57:25-04:00	agentdevan	GREEN-REPO-STANDARDS-01: finalize proof packet commit evidence
9f81462551d4e890f91fee2def3c5cf3b8da71b3	2026-05-10T16:58:23-04:00	agentdevan	GREEN-REPO-STANDARDS-01: complete hybrid Codex batch
2296c9c4f61ed3f6dddaf67457980d80f8ce0025	2026-05-10T17:31:39-04:00	agentdevan	THROUGHPUT-ACCELERATION-01: complete hybrid Codex batch
22e135eff36f268b36f694dd91e5537490f41e90	2026-05-10T17:52:07-04:00	agentdevan	Add remaining batch queue reference
8cd51bdfb14fa960e4cb10001ec28ee217623c9a	2026-05-10T17:58:44-04:00	agentdevan	Repair active batch queue mirror
eceb7e5a3579259433da8b3f8a8f4fb0bbf1df5d	2026-05-10T17:59:36-04:00	agentdevan	Update queue intel final gate evidence
cbcc942ee276df8f5cd993d9f177d829d375a704	2026-05-10T18:52:05-04:00	agentdevan	Add Ambitions queue snapshot checker
df2cd822c44bb52007b228d86d82f182b6872898	2026-05-10T18:54:23-04:00	agentdevan	Add Source Atlas title checker
f7f9c469874f0813a384bd7709be08c0d05ec12e	2026-05-10T18:55:02-04:00	agentdevan	Add Ambitions final report gate
2f90d976f3159366eaf719e5a9dbefcfa35bfbe4	2026-05-10T18:56:00-04:00	agentdevan	Add Ambitions control-plane aggregate gate
6281b014adef21c334c9ed5d8ce02689dc48502a	2026-05-10T18:57:50-04:00	agentdevan	Add direct control-plane runbook
c0d0c6f6f54564650b7d370cf56267086bcc27ac	2026-05-10T18:58:34-04:00	agentdevan	Add Ambitions batch scope guard
e795041516fc2e28eae2021191cecef6e72c7b6e	2026-05-10T18:59:10-04:00	agentdevan	Add Ambitions control-plane gate index
d3371802f7fc46a0b048516ad9345873ce91bfc0	2026-05-10T19:00:04-04:00	agentdevan	Add direct Pro control-plane upgrade audit
1bc1164f8daa8a1efcd0615c0f8737d8d2b0c5ef	2026-05-10T21:19:51-04:00	agentdevan	Add global remaining prompt rebuild batch
462337029bfb8119e3b302ba6fb596aa76b9ce04	2026-05-10T21:28:25-04:00	agentdevan	Add remaining batch execution standard
9dc660b9c160aac720f63097f0125482ffe3ff28	2026-05-10T21:30:02-04:00	agentdevan	Materialize PK17 prompt
d0ad9948ff310a5478128c92e900a353d0522106	2026-05-10T21:33:03-04:00	agentdevan	Materialize PK18 prompt
cef8e6dfcd445816d5cc3fefa3b938e6f054c529	2026-05-10T21:33:57-04:00	agentdevan	Materialize PK19 prompt
9d99ac20312e0b702f554215bbe798aefe4ac2cd	2026-05-10T21:34:36-04:00	agentdevan	Materialize PK20 prompt
2ca5228da8ca5bbf154b00ee5007d3db65f8db7c	2026-05-10T21:35:17-04:00	agentdevan	Materialize PK21 prompt
4c1cf1a4f867929165552709898b40d71e016314	2026-05-10T21:36:02-04:00	agentdevan	Materialize PK22 prompt
c1575a02e6eec055d4d3aa0ad8f2d1ff62505cdb	2026-05-10T21:39:00-04:00	agentdevan	Materialize PK23 prompt
3e69d494f7328021a59520eddee1ec20c639ebf7	2026-05-10T21:39:52-04:00	agentdevan	Materialize PK24 prompt
3c2e03dc94bd3baba4e77008f0539bdd31520d4a	2026-05-10T21:41:58-04:00	agentdevan	Materialize PK25 prompt
8163ba53bfe6816d617a68b594a35a2c494a31d3	2026-05-10T21:42:46-04:00	agentdevan	Materialize PK26 prompt
f23742f321d65164bbc5fdbf17ba0921a738c30c	2026-05-10T21:46:29-04:00	agentdevan	Materialize PK27 prompt
65603c00b2d3c9fd2958b8179cd0c752a590b411	2026-05-10T21:52:26-04:00	agentdevan	Materialize PK28 prompt
870f06b35e62fef46166de6ec66d3aada7e81434	2026-05-10T21:53:27-04:00	agentdevan	Materialize PK29 prompt
1b52d2d00e273ddd7f5b6758200254a9d138dd34	2026-05-10T21:54:17-04:00	agentdevan	Materialize PK30 prompt
d6a06f18d3b7b4daad85203436b302552074209c	2026-05-10T21:55:46-04:00	agentdevan	Materialize PK31 prompt
b3fb1a7152c223d857a189a0e2b506086d95de19	2026-05-10T21:57:16-04:00	agentdevan	Materialize PK32 prompt
df3690224cc59d5646792d98cca31f2f806892e1	2026-05-10T21:58:10-04:00	agentdevan	Materialize PK33 prompt
877622e5bc61a6ab1b8c89ff2de606bb5d6d438c	2026-05-10T21:59:10-04:00	agentdevan	Materialize PK34 prompt
4d921b2386a519d12b99813e946c528967afc8e6	2026-05-10T22:00:09-04:00	agentdevan	Materialize PK35 prompt
6ae165796102672df1f081fb0f6ad00fd19a3f01	2026-05-10T22:01:17-04:00	agentdevan	Materialize PK36 prompt
2df44a8f570ceaaf2e11bbf33cac12bc657ba036	2026-05-10T22:05:54-04:00	agentdevan	Materialize PK37 prompt
ef03144e124e0ddd82387aca5d3b2fe3b5e4a78f	2026-05-10T22:06:36-04:00	agentdevan	Materialize PK38 prompt
802a64a9228e5bbfb181e0c31f09e6e382e1ab8e	2026-05-10T22:08:04-04:00	agentdevan	Materialize PK39 prompt
5992c15af25cb5951b724b4f6c8dea024b28b974	2026-05-10T22:10:43-04:00	agentdevan	Materialize PK40 prompt
37974084afc9a4f78645c36a90eff66444db9f55	2026-05-10T22:11:55-04:00	agentdevan	Materialize PK41 prompt
ca0185e6bce4740e18e8cea559b25bf2573c073b	2026-05-10T22:16:31-04:00	agentdevan	Add global prompt rebuild direct execution report
b5a62a35e14d0646eb646741aafe982e15ea7ee1	2026-05-11T09:07:51-04:00	agentdevan	GLOBAL-REMAINING-TRAIN-BLUEPRINT-01: rebuild remaining train blueprint
efc22a21bda3e71fdc110ec4cbda97530990b219	2026-05-11T10:10:28-04:00	agentdevan	PK17: complete Today read model extraction
3e3d1f7e92c62ba1a6599f596c6c5847d5e01696	2026-05-11T11:00:35-04:00	agentdevan	Add Ambitions Xcode Build Lab
94b224971d3ba48281216df7dd6676885fae92c1	2026-05-11T11:14:05-04:00	agentdevan	Repair Xcode validation artifact roots
3ead1df0251a923d9ee5e9548ceeefe2483094f0	2026-05-11T11:20:57-04:00	agentdevan	XCODE-BUILD-SYSTEM-MAX-01-REPAIR-01: complete hybrid Codex batch
16731f769f11fecca8f9ce5c59c0a6e0aaa391c8	2026-05-11T11:57:13-04:00	agentdevan	GLOBAL-TRAIN-AUTOPILOT-FROM-PK18-TO-COMPLETE-01: complete hybrid Codex batch
8a911d8d8e8b99358933cc56575915409b3d6661	2026-05-11T12:58:43-04:00	agentdevan	PK18 extract today command handling
313ada51e30fefa9a7887d3d6475dadfbfaffb69	2026-05-11T14:09:25-04:00	agentdevan	AMB-CODEX-OS-NO-COST-HARDENING-001: harden local Codex OS
b00bb519ce1fa56de47695804da7c66185c96440	2026-05-11T15:11:14-04:00	agentdevan	AMB-CODEX-OS-NO-COST-HARDENING-002: dry run structured output
f171088ab985421888f3fcc728209542e1884736	2026-05-11T18:01:01-04:00	agentdevan	Install Ambitions moat realignment
14c0f93136d124df6a6f510a6e26cf5d3b75a775	2026-05-11T18:43:36-04:00	agentdevan	Harden Codex OS no-cost scratch policy
36bbd97f4934a7bda19145494028e54587a1fa7e	2026-05-11T18:46:41-04:00	agentdevan	Add visual canon moat batch prompt
e71a9ffb77bc86ba7115e54baa24a332a48266b2	2026-05-11T19:25:16-04:00	agentdevan	Install visual canon moat authority and train overlay
88b612a4112167ffb6489b65cf86feb7c3bf6a82	2026-05-11T19:29:21-04:00	agentdevan	GLOBAL-VISUAL-CANON-MOAT-INSTALL-TRAIN-01: queue visual moat prompts
68dd36aa43cbf7257e0fc47e90b4f06b4d9ab33d	2026-05-11T21:10:31-04:00	agentdevan	PK18: Extract Today command action handler
fe49b95d6376dde47b0cec698d223785c35afecd	2026-05-11T21:51:47-04:00	agentdevan	PK19: Extract Goals overview projector
dbab8614d4a8580f3249b2747b7d519263a3831a	2026-05-11T21:56:46-04:00	agentdevan	Add local global train supervisor
ec826f7a8f4e0ac870fb0e19798e0f01763cbea5	2026-05-11T22:23:06-04:00	agentdevan	PK20: Extract Capture draft route service
cbc4fbbacf1fc89ea560922e368ef1fceb144099	2026-05-11T22:29:03-04:00	agentdevan	PK21: supervisor checkpoint 1
e89a5eda72a2b972bde96a3b6ec81ef216221489	2026-05-11T22:49:08-04:00	agentdevan	PK21: supervisor checkpoint 1
0820bdf4859b064d235db299aa266b235ce0c17a	2026-05-12T00:11:49-04:00	agentdevan	PK21: complete hybrid Codex batch
0a106cd782cfe9b35273cc3a7c0a8836f4c31ae3	2026-05-12T00:16:51-04:00	agentdevan	PK21: advance train state to PK22
aa9074976e17f83ce68322a52fa1b9df5b8f8ccf	2026-05-12T00:29:48-04:00	agentdevan	PK22: tighten SideEffectLedger foundation prompt
591895d67466d0a4ef88b99cb5b2a4e472cada3a	2026-05-12T00:33:37-04:00	agentdevan	Add Capture route command mapping helper
978eec6095a4f14478426c7702e17111cf3ade1b	2026-05-12T00:34:06-04:00	agentdevan	Add Capture route command mapping tests
808461494a24c64a946e416eec6379250c65dfa4	2026-05-12T00:35:29-04:00	agentdevan	Add SideEffectLedger foundation models
287cacb3d0a7b96c03de84f63b8d83f3801d3760	2026-05-12T00:36:06-04:00	agentdevan	Add SideEffectLedger foundation tests
4dc4e7636dd1470e68c15bc01e172430972dd89f	2026-05-12T00:37:06-04:00	agentdevan	Add policy guarded command executor seam
b981938ea27d4d3261280346c57cbe2c00b23257	2026-05-12T00:37:48-04:00	agentdevan	Add policy guarded command executor tests
9675e0270fec9a6d1ec2c128d567b7a9346c529c	2026-05-12T00:38:47-04:00	agentdevan	Add stale batch state checker
9409bc717f07b3ed3bef80bde6336d015daaf35d	2026-05-12T00:40:00-04:00	agentdevan	Add unsupported claim scanner
ca5af6f2f987cf9396b6e931035b9058b22df568	2026-05-12T00:41:54-04:00	agentdevan	Add shell route marker guard
72dc7cf5ea2576151bdcf86c4749e6618bca60db	2026-05-12T00:43:27-04:00	agentdevan	Add shell route marker tests
a1b77d14945c7a37ccd17a9a1e092b5a1ae5ebfb	2026-05-12T00:44:43-04:00	agentdevan	Add direct GitHub hardening report
93d54afecb8a173dce0bc81b8d3514eb397b900e	2026-05-12T00:53:22-04:00	agentdevan	Add Speed Train operating model
bbd0c97a298343beda89c1593b077fd4331af846	2026-05-12T00:53:47-04:00	agentdevan	Add autonomous speed train script
9f1cc4835d4ce46ceef7c28d9373ae1da1d7110a	2026-05-12T00:54:32-04:00	agentdevan	Wire Speed Train make targets
ffdbf08857be435fbc738398541498f02452521b	2026-05-12T00:54:59-04:00	agentdevan	Add Speed Train lane policy
6588b1a3460dab657d99887c643a7a5a873af40e	2026-05-12T00:55:19-04:00	agentdevan	Add Speed Train queue guard
2878bdc8351f16c6cbe04c01565ec3b8e85641cf	2026-05-12T00:56:13-04:00	agentdevan	Integrate Speed Train queue guard
492af1708bf3ae54367759d19b4f9c24bd416e71	2026-05-12T00:56:46-04:00	agentdevan	Add Speed Train lane policy helper
2a1119acb6722070af714a044253fc49fc6e319b	2026-05-12T00:57:04-04:00	agentdevan	Add Speed Train quickstart
a0cc56f7257ab23cce498ee9e0e0113a150b68c0	2026-05-12T00:57:40-04:00	agentdevan	Document Speed Train runner mode
c21f6bca9cf79e5bd3faa06837e3e6c30964d08b	2026-05-12T00:58:09-04:00	agentdevan	Add Speed Train autonomy preservation prompt
a2dbba2d4547067ff0ed3db5289087acf1a9234f	2026-05-12T00:58:39-04:00	agentdevan	Index Speed Train operating docs
0263531d5f2a7e826cbb9c2020c96701c5623504	2026-05-12T00:59:37-04:00	agentdevan	Add Speed Train autonomy report
b70a8268aee20f248683daf53d3e63d78383c620	2026-05-12T01:19:40-04:00	agentdevan	PK22: complete hybrid Codex batch
61413857dbdfc27467923da78add6bdfd1e33cf7	2026-05-12T01:26:02-04:00	agentdevan	PK22: advance train state to PK23
be833e25d0c66e7faf7d1f2d63bf455e19f35bce	2026-05-12T01:58:24-04:00	agentdevan	PK23: complete hybrid Codex batch
ceb692c4f922e097482d8b2a58c44a6a9541a93c	2026-05-12T02:01:50-04:00	agentdevan	PK23: advance train state to PK24
95ecc8f39299593be5e80bddafd052b55d03c664	2026-05-12T02:46:18-04:00	agentdevan	PK24: complete hybrid Codex batch
2fab5472aba6e82623983b562fdfd74bdb1d7413	2026-05-12T02:49:38-04:00	agentdevan	PK24: advance train state to PK25
2f27ef1a5fc921db6d00f999797972f5b6cea3eb	2026-05-12T03:18:36-04:00	agentdevan	PK25: complete hybrid Codex batch
b8e367086139b0bb4e66b0d7a479718504138da1	2026-05-12T07:28:49-04:00	agentdevan	PK25: advance train state to PK26
461f3c60dcbdbf0f1409c50b6119203a7ac99a31	2026-05-12T07:57:50-04:00	agentdevan	PK26: complete hybrid Codex batch
96b4503a88e17b9a0482eabec58bc0bb1e1b7026	2026-05-12T08:04:53-04:00	agentdevan	PK26: advance train state to PK27
b918efcff560c614f66c90c787d5338650650e17	2026-05-12T08:39:29-04:00	agentdevan	PK27: complete hybrid Codex batch
8ecf89da1e85432e9e81989b0f336ca3bc2c7156	2026-05-12T08:44:26-04:00	agentdevan	PK27: advance train state to PK28
e61a590c269a2a936d6a12e19a8935af4cb27a6c	2026-05-12T09:05:54-04:00	agentdevan	Add runner full-access approval guard
6e238c3d2796cc01b998ae69a0cc3e574ed08edc	2026-05-12T09:08:07-04:00	agentdevan	Enforce full-access no-approval guard in Speed Train
e53f25a9b0eab3cd7eca4b606a16193b1eb946e5	2026-05-12T09:08:58-04:00	agentdevan	Add runner access check target
1702ba62ee41cf823858314f7acc01b415e82bcb	2026-05-12T09:07:01-04:00	agentdevan	Add OpenAI build suite install prompt
a4c659658cb5a7ed5f1c37956eb52ca42508ea07	2026-05-12T09:11:06-04:00	agentdevan	Add OBS00 OpenAI build suite prompt
89dfd217f9f028829b3d143e59698fe850be8799	2026-05-12T10:30:47-04:00	agentdevan	Install OBS00 OpenAI build suite
1a5b758db2f08fcd06b59f3637ea38cd92b08854	2026-05-12T11:28:41-04:00	agentdevan	PK28: complete hybrid Codex batch
b20ff9d7e7c60e2a2a77a502ecad73c59dba930e	2026-05-12T11:33:50-04:00	agentdevan	PK28: advance train state to PK29
cd5388c65ccceeeb3f8149e1ac792c60c0d63eb6	2026-05-12T12:26:06-04:00	agentdevan	PK29: install entity revision tombstones
8d17de8d66f30d5c6afcce4831e786cb4d86a2f7	2026-05-12T12:29:40-04:00	agentdevan	PK29: advance train state to PK30
3316296c5930341f4e9f1937e277826a419eaea7	2026-05-12T12:41:12-04:00	agentdevan	PK30: install conflict policy engine
10f7933633133e7fe998bb7c9f5890a08b84c1ed	2026-05-12T12:44:26-04:00	agentdevan	PK30: advance train state to PK31
c3d2b246ab84caf031b2a48188eabbdc13c267cc	2026-05-12T12:48:43-04:00	agentdevan	PK31: install manual portable merge plan
5e3d7f6f8949cc199fe3186fd98e8d92b046acc3	2026-05-12T12:51:36-04:00	agentdevan	PK31: advance train state to PK32
b618afe6f56980f7781d46f352455c92b809fc02	2026-05-12T12:56:53-04:00	agentdevan	PK32: install knowledge claim boundary hardening
a692bd76b7d2b2a2c87616553f085a96ebb5950a	2026-05-12T13:02:23-04:00	agentdevan	PK32: advance train state to PK33
35eb85b748916e338d84d74377126a8dbc1e98a4	2026-05-12T13:15:51-04:00	agentdevan	PK33: install recommendation evidence model
eb94057b68df944250439511a2deb977af862c16	2026-05-12T13:25:44-04:00	agentdevan	PK34: install intelligence quarantine
a62f1d5fadc8552ebef8c3ff19a08c4b92b2082c	2026-05-12T13:35:25-04:00	agentdevan	PK35: install large-store fixture generator
92f5c7f4af82a2b47003427ee062215ed4f730e9	2026-05-12T13:42:35-04:00	agentdevan	PK36: install performance budget assessment
ae0612ff1768329c51efd67e799ddca78fa6bb07	2026-05-12T13:45:51-04:00	agentdevan	Add post-PK speed router
9d77afd8d1ca01e6035d5ea43da58d4441bb824a	2026-05-12T13:46:58-04:00	agentdevan	Add deterministic batch state advancer
8c2500bd465de8c8047a0b7ca7a1bb27adfb621d	2026-05-12T13:47:30-04:00	agentdevan	Add state advancement validator
f0737f1b30b32a89e2c2ae379493265c9ac03c23	2026-05-12T13:48:03-04:00	agentdevan	Add post-PK repair classifier
0617275fb6104af55acd7e44527b5eb6c5f1a6b5	2026-05-12T13:48:45-04:00	agentdevan	Add closeout coalescer helper
fb40e979fa905dbb975b6143a65d7f4a103d170e	2026-05-12T13:49:14-04:00	agentdevan	Add post-PK batch bundle planner
b60d477a6358e35372f097f24dd8b889a5917d4e	2026-05-12T13:49:55-04:00	agentdevan	Add post-PK speed train wrapper
4bea67a3484c045bb25934608f7af78b35c501eb	2026-05-12T13:50:53-04:00	agentdevan	Add post-PK speed operating model
5c93fbe1902079c4be46997217169f1e84c3c3cf	2026-05-12T13:51:38-04:00	agentdevan	Add post-PK proof-light policy
442cf1463559451c36e04cb3216930fd4a2d7c9e	2026-05-12T13:52:06-04:00	agentdevan	Add post-PK closeout contract
5c04725083d55badf740a66a1d6bb199cc6f8561	2026-05-12T13:52:57-04:00	agentdevan	Add post-PK batch bundle map
b7324a991dd4ad345ae690f04adea22ea84e1ed3	2026-05-12T13:53:25-04:00	agentdevan	Add post-PK repair decision tree
8924acc0db3c6803b02d856a0654d052561be703	2026-05-12T13:53:57-04:00	agentdevan	Add post-PK speed Makefile
c1836dfa81a48d06c46b38e303bf991e5e614501	2026-05-12T13:54:24-04:00	agentdevan	Add post-PK fast train desktop prompt
c7df6381430b3b1eec958085aa754c707d329267	2026-05-12T13:54:46-04:00	agentdevan	Add post-PK repair desktop prompt
375e999d8474144f762db79d14d3d651a0c22167	2026-05-12T13:55:13-04:00	agentdevan	Add post-PK bundle desktop prompt
e1e4ee684cc67ddb7240abb3bebb6fc80158a1f6	2026-05-12T13:55:55-04:00	agentdevan	Add post-PK speed upgrade report
b18caff43282a113ff652b84e4d18a51dc5bf0ad	2026-05-12T13:56:42-04:00	agentdevan	PK37: install derived read-model cache
dff12e943d20dafbc9463dcac04841672a646428	2026-05-12T14:16:31-04:00	agentdevan	PK38: install domain package boundary
0c7ee445084966c6ccad9e191baab325270f9478	2026-05-12T14:24:14-04:00	agentdevan	PK39: install storage package boundary
ac78d0896cf84a421cf1ea342d0fedfd18f8e36a	2026-05-12T14:31:09-04:00	agentdevan	PK40: install runtime package boundary
177f5737a6b178d8158f961bcf7fb6b94a4e1b02	2026-05-12T14:39:18-04:00	agentdevan	PK41: install feature engine package boundary
2896ab611f985e58281603890004c2d9b76a9d6a	2026-05-12T14:40:46-04:00	agentdevan	State: align post-PK next mirror
30d5edb67342e2613db37481cce39140f97ef226	2026-05-12T15:24:19-04:00	agentdevan	SA07: complete hybrid Codex batch
7533a4e7fb5940a90cbaa0bdc3475c4db6531f31	2026-05-12T15:26:03-04:00	agentdevan	State: advance SA07 to SA08
47f6c4cb6189f7e6be1b1ccaf15c63f17fbc0e12	2026-05-12T16:08:40-04:00	agentdevan	SA08: complete hybrid Codex batch
938b8423a5830f4a04950d359980bbcfdd17dfa0	2026-05-12T16:09:54-04:00	agentdevan	State: advance SA08 to SA09
b508dfcaaeebc831483366c9093f176e4c9f0225	2026-05-12T16:39:05-04:00	agentdevan	MRI00: add moat runtime master plan
44c1694bba87ac9cefa88cabbcfd0e43cc20ac54	2026-05-12T16:39:45-04:00	agentdevan	MRI00: add moat runtime loop matrix
07941f74c04b7494690865e9de3cabfeb4e36e9d	2026-05-12T16:40:12-04:00	agentdevan	MRI00: add moat runtime acceptance criteria
dbaed6d1c436cfe2ee29f24411ec6f0cd36effb7	2026-05-12T16:40:44-04:00	agentdevan	MRI00: add moat runtime golden scenarios
520f45049c71b060646a6d1ebb62253d93f18a9c	2026-05-12T16:43:09-04:00	agentdevan	MRI00: add moat runtime batch overlay
a2d3e6c74fdb40ea2da584bf3a6f92f04c6b151a	2026-05-12T16:42:59-04:00	agentdevan	SA09: complete hybrid Codex batch
ffcaddea27de73e1d20cae7624621803d2dfde7f	2026-05-12T16:44:46-04:00	agentdevan	MRI00: add MRI prompt materializer
5fb9f158136c3d54088cae2083efe4542425b298	2026-05-12T16:44:48-04:00	agentdevan	State: advance SA09 to SA10
ac9f457d2f2e424e7677ae48e85d47b92f48db98	2026-05-12T16:46:20-04:00	agentdevan	MRI00: add MRI Makefile helpers
1a70fe26235c13b377fbb3f4f89cd3d50c30fe52	2026-05-12T16:47:01-04:00	agentdevan	MRI00: add runner prompt
e9faec1b0c53cdf7fe9cb3e998632172ef48d0e3	2026-05-12T16:47:26-04:00	agentdevan	MRI00: add closeout report
8fc0b0f298d463c8fa16f873e0c6f92de922ec5c	2026-05-12T16:55:40-04:00	agentdevan	MRI: add autonomous routing policy
cfc8e7d1f4e2ab960c98f4f1c55d045c466fe29c	2026-05-12T16:56:15-04:00	agentdevan	MRI: add autonomous train wrapper
ee7e1482189738441276d96072bbc377b0161820	2026-05-12T16:57:31-04:00	agentdevan	MRI: add autonomous Makefile targets
8f5de9717a4edb705ceb1f76b87bf28636539912	2026-05-12T16:58:23-04:00	agentdevan	MRI: add autonomous routing policy doc
294b261d0ccb2367c20923fd32e90b665568c4cd	2026-05-12T16:58:54-04:00	agentdevan	MRI: add autonomous routing install report
1d67d633a03b8a65a74cf3cdb93274b86790a30f	2026-05-12T17:24:53-04:00	agentdevan	Run SA10 freshness risk model
0824729d9260deb6ed654efdda7b6901b43933af	2026-05-12T17:25:48-04:00	agentdevan	SA10: complete hybrid Codex batch
7f9a27a80321825ff6bfd1c0e7f52a9043a26e62	2026-05-12T17:31:02-04:00	agentdevan	State: advance SA10 to SA10A
bb54d9a5630e075396607f14903c048edf612ea0	2026-05-12T18:01:51-04:00	agentdevan	SA10A: complete hybrid Codex batch
e8056b2d56caee59978eec91443ebefebc8a6ece	2026-05-12T18:04:09-04:00	agentdevan	State: advance SA10A to SA10B
75ebb83deb9dd69c64c73a6b3bb363e66f281792	2026-05-12T18:05:24-04:00	agentdevan	Fix queue consistency parser for slash titles
4b2770dcc761931d89da50ebe133d0925ecb2b08	2026-05-12T18:35:04-04:00	agentdevan	SA10B: complete hybrid Codex batch
a3bdc2a48fbde9acf3f690e3062fa01874cbe3f2	2026-05-12T18:36:12-04:00	agentdevan	State: advance SA10B to SA10C
e71836f251bfa1422045c2b6e598bc3777996668	2026-05-12T19:03:08-04:00	agentdevan	SA10C: complete hybrid Codex batch
8a7fc17113977f52d18772635347e00e9517eb43	2026-05-12T19:04:46-04:00	agentdevan	State: advance SA10C to SA11
3d62d8556b75777a9a535a44fbe2facac066d22c	2026-05-12T19:31:47-04:00	agentdevan	MRI: materialize autonomous prompts
32c044113a1ff5d001dcc1b38463886eeb472500	2026-05-12T19:32:24-04:00	agentdevan	MRI01: add ambition graph runtime objects
7bd035852f917cbeaeeb7ea27ad1cb7b0b8b0c42	2026-05-12T19:59:00-04:00	agentdevan	MRI02-AMBITION-GRAPH-PROJECTION-STORE: complete hybrid Codex batch
807fd8334b0cf33bf9465cb5ec2ed82522c4defd	2026-05-12T19:59:04-04:00	agentdevan	MRI: mark MRI02-AMBITION-GRAPH-PROJECTION-STORE complete
d29b21c9f770a2337af9519e0ff6dcb0ee7b0d0a	2026-05-12T20:22:53-04:00	agentdevan	MRI03-COMMITMENT-LIFECYCLE: complete hybrid Codex batch
0ca4839b227097f8a8ff92a50d4b572914414973	2026-05-12T20:22:56-04:00	agentdevan	MRI: mark MRI03-COMMITMENT-LIFECYCLE complete
29d058d4bfcb992ae6f7bc8822f8a17662d05cf5	2026-05-12T20:52:51-04:00	agentdevan	MRI04-PROOF-CAPITAL-MODEL: complete hybrid Codex batch
be185929b9a4db53fab65f7b81bf6314dce4621d	2026-05-12T20:52:55-04:00	agentdevan	MRI: mark MRI04-PROOF-CAPITAL-MODEL complete
b60d5445eae810671dcd9e1c701726e55a32decc	2026-05-12T21:23:44-04:00	agentdevan	MRI05-RECOVERY-THREAD-RUNTIME: complete hybrid Codex batch
cdc96ac94bfa0861d27eb56ad8c68374c1a4709c	2026-05-12T21:23:47-04:00	agentdevan	MRI: mark MRI05-RECOVERY-THREAD-RUNTIME complete
7a538d3e246041613028bb34f088b5f5c456ba37	2026-05-12T21:52:13-04:00	agentdevan	MRI06-REFLECTION-ADAPTATION-RUNTIME: complete hybrid Codex batch
6d5b41d4432e89373fa5d8675de3025782929566	2026-05-12T21:52:16-04:00	agentdevan	MRI: mark MRI06-REFLECTION-ADAPTATION-RUNTIME complete
6fbca116e76168366983bfeabf708a67c62d5276	2026-05-12T22:22:15-04:00	agentdevan	MRI07-AMBITION-GRAPH-CROSS-SURFACE-WIRING: complete hybrid Codex batch
448ea44f6f5c2ef5c0d38a86ae39e41d1ebba894	2026-05-12T22:22:18-04:00	agentdevan	MRI: mark MRI07-AMBITION-GRAPH-CROSS-SURFACE-WIRING complete
1d757cd6faa8e94c0dcdc197c4e8a45fb9ffd20d	2026-05-12T22:49:43-04:00	agentdevan	MRI08-AMBITION-LIFECYCLE-GOLDEN-TESTS: complete hybrid Codex batch
c8e4c1290c93203d3ef88c61606cac182c708282	2026-05-12T22:49:46-04:00	agentdevan	MRI: mark MRI08-AMBITION-LIFECYCLE-GOLDEN-TESTS complete
6faac9cc298f095d69dc4bc2d743ac09552d60b0	2026-05-12T23:25:54-04:00	agentdevan	SA11: complete hybrid Codex batch
4e8e3e363e07c51213343729564d0f9eff2a0c73	2026-05-12T23:28:36-04:00	agentdevan	SA11: advance train state to SA12
a504c8ca5544596694cc78f84ce2c01df7267c33	2026-05-12T23:35:54-04:00	agentdevan	OBJECT-OS-CANON-01: add Ambitions Object OS canon
1129a2f38b3cc98454c80e3727a7d86f90965daa	2026-05-12T23:36:42-04:00	agentdevan	OBJECT-OS-CANON-01: add Object OS surface map
cb44753962b313923816e980fbabbf735bc6efab	2026-05-12T23:38:18-04:00	agentdevan	OBJECT-OS-CANON-01: add Object OS primitives
6105af71780e1c6082be7818e7bb9041a08a7f01	2026-05-12T23:38:58-04:00	agentdevan	OBJECT-OS-CANON-01: add Object OS motion grammar
d0695a73656dfb16b3a1186b7c301037f55421c4	2026-05-12T23:39:38-04:00	agentdevan	OBJECT-OS-CANON-01: add native object surface canon
e29df26253584ec952f51ee89c0b2a67603e2c88	2026-05-12T23:40:31-04:00	agentdevan	OBJECT-OS-CANON-01: add MRI25-MRI34 Object OS overlay
f235a4da0a37b77d14b1e434ad6a9ddc265e2d4d	2026-05-12T23:41:37-04:00	agentdevan	OBJECT-OS-CANON-01: add Object OS acceptance gates
4c8ece0ccf2fa7f2699095338df7947a89d9c01d	2026-05-12T23:42:09-04:00	agentdevan	OBJECT-OS-CANON-01: add Object OS index
d1318baca89bd421cd1376109085281a2ef64131	2026-05-12T23:42:37-04:00	agentdevan	OBJECT-OS-CANON-01: add runner prompt
2a7968ffd7cb2122ed84c32ae70d5a4b24f0843f	2026-05-12T23:43:19-04:00	agentdevan	OBJECT-OS-CANON-01: add closeout report
b22b9761976d78522b9cb69fa9693b0f11583069	2026-05-13T00:18:03-04:00	agentdevan	SA12: complete hybrid Codex batch
09d341fc26371f67c0a4ea5dbbb5a74feaba28ad	2026-05-13T00:21:42-04:00	agentdevan	SA12: advance train state to SA13
756e681b2877f05ecf9a80bc2519a16cbc4810af	2026-05-13T00:43:23-04:00	agentdevan	SA13: complete hybrid Codex batch
0799d0212282954105d6328433266a3014b9b9e1	2026-05-13T00:44:25-04:00	agentdevan	SA13: advance train state to SA14
441a09f9d0f54eb02beec603fceef95b30e777ff	2026-05-13T01:14:50-04:00	agentdevan	SA14 local impact matcher
a7581b6c4fe50f77ee02ef732d382720807da48d	2026-05-13T01:16:17-04:00	agentdevan	SA14: advance train state to SA15
d4a1029a4cd5403ab78e10ded863de4abbbc20a3	2026-05-13T01:52:02-04:00	agentdevan	SA15: complete hybrid Codex batch
d207b7775c2d125d1fd988f5cfa925fb19c223c5	2026-05-13T01:52:36-04:00	agentdevan	SA15: advance train state to SA16
8a9237e40aaba9add82d09e70d9272aa79117bfe	2026-05-13T02:25:48-04:00	agentdevan	SA16: complete hybrid Codex batch
59d78c3478a32734fa285a3d798393740a0455bc	2026-05-13T02:26:57-04:00	agentdevan	SA16: advance train state to SA17
f92413066af5ed88eec25d29c3d076cc3ba235cf	2026-05-13T02:58:44-04:00	agentdevan	MRI09-SOURCE-TO-RECOMMENDATION-BRIDGE: complete hybrid Codex batch
4328344143a101020a526f688cab460581c475d0	2026-05-13T02:58:48-04:00	agentdevan	MRI: mark MRI09-SOURCE-TO-RECOMMENDATION-BRIDGE complete
c4c1ddf5ab7c7f3128e0c02ec0dfb7a1eeb35271	2026-05-13T03:38:26-04:00	agentdevan	MRI10-RECOMMENDATION-TRACE-RUNTIME: complete hybrid Codex batch
a69f71dca5cb448b7804d1cc369b4bdf91948c6c	2026-05-13T03:38:31-04:00	agentdevan	MRI: mark MRI10-RECOMMENDATION-TRACE-RUNTIME complete
7d156e22ad685d18450803f9faeafba787fc2f44	2026-05-13T04:00:06-04:00	agentdevan	MRI11-WHY-THIS-TRUST-SEAM-RUNTIME: complete hybrid Codex batch
9b45024fecaa469fa92ce8aa96527591a04b4da7	2026-05-13T04:00:18-04:00	agentdevan	MRI: mark MRI11-WHY-THIS-TRUST-SEAM-RUNTIME complete
5ff9876a22a39dfd92e4ddab2ef21ca1abc7b181	2026-05-13T05:06:09-04:00	agentdevan	MRI12-PERSONAL-RUNTIME-INSPECTION: complete runtime inspection
c019c4fbe1c02e0b1bd1a591e9162ff53fe702a6	2026-05-13T05:54:46-04:00	agentdevan	MRI13-LOCAL-LEARNING-CONTROLS: complete hybrid Codex batch
2af4b675bb1982d666811deedb9df12e92871a86	2026-05-13T05:54:49-04:00	agentdevan	MRI: mark MRI13-LOCAL-LEARNING-CONTROLS complete
852f4ce4dc9047e16373c6052f84a087d5b904cf	2026-05-13T06:30:37-04:00	agentdevan	MRI14-GLOBAL-CORRECTION-FOLD: complete hybrid Codex batch
6a767fea1ce7b59088d49945c282e29ce61b4a5b	2026-05-13T06:30:41-04:00	agentdevan	MRI: mark MRI14-GLOBAL-CORRECTION-FOLD complete
db8a17db5facbde227b4e7868ff0b85860db8e39	2026-05-13T07:12:53-04:00	agentdevan	Install HBI active global train insert
c504211e44aa787356eb5f48f9e9fe7d55900847	2026-05-13T07:17:20-04:00	agentdevan	Install HBI00 runner prompt
ecab14b268230beef658da3930fdbd23378acefa	2026-05-13T07:31:19-04:00	agentdevan	MRI15-RECOMMENDATION-REJECTION-LEARNING: complete hybrid Codex batch
5e4979a074e46914327aa7d64c66352e63236d0a	2026-05-13T07:35:09-04:00	agentdevan	MRI: mark MRI15-RECOMMENDATION-REJECTION-LEARNING complete
de0d9dc8d1e466d4ce6235b9dfdabafb9574a558	2026-05-13T07:44:42-04:00	agentdevan	Install Historical Baseline global train overlay
fb0a2de3e9acad4e4bf675e2d80bc3bd9aecfe39	2026-05-13T07:49:41-04:00	agentdevan	Install Historical Baseline train manifest
7179c4b12f231f36a5af60622ca40ed9fe64d6ff	2026-05-13T07:52:40-04:00	agentdevan	Install Historical Baseline global train manifest
f430445d6bf6c9d5d533e2fe8d2ba05869f6eb21	2026-05-13T07:56:28-04:00	agentdevan	Install HBI-00 runner prompt
8cc8c93d4d5cc72d462b45a4f3f5301ad7a63f40	2026-05-13T07:58:09-04:00	agentdevan	Install HBI-01 runner prompt
4c73f8bb92ba81618af39cffe08bc31ceba0360d	2026-05-13T08:00:00-04:00	agentdevan	Install HBI-02 runner prompt
a6a679858128a957dbccadcd0f0291c2bcf53da4	2026-05-13T08:01:24-04:00	agentdevan	Install HBI-03 runner prompt
cc9e4454c50b7de8b214efb1c22d3c55c22c6d66	2026-05-13T08:04:07-04:00	agentdevan	Install HBI-04 runner prompt
4640337e6d9cbf81daf5f1d42c38f86c8bd61b03	2026-05-13T08:04:00-04:00	agentdevan	MRI16-INSPECTABLE-INTELLIGENCE-GOLDEN-TESTS: complete hybrid Codex batch
d5ee49324260e8916bd4be074cecddaab3f4df86	2026-05-13T08:05:13-04:00	agentdevan	MRI: mark MRI16-INSPECTABLE-INTELLIGENCE-GOLDEN-TESTS complete
f605787907afa119bf2a1196ac6b04f99c90ab2c	2026-05-13T08:06:36-04:00	agentdevan	Install HBI-05 runner prompt
15f00139762eb3f401879e953025b1cec35ef510	2026-05-13T08:09:57-04:00	agentdevan	Install HBI-06 runner prompt
997fe750a0f1c7cce4b914331cbd41ef6a159665	2026-05-13T08:11:44-04:00	agentdevan	Install HBI-07 runner prompt
8d2970ec7eb7233da914ce3de28351b8ed200747	2026-05-13T08:13:04-04:00	agentdevan	Install HBI-08 runner prompt
6149e51553c406757d15145a5766796bb6f646da	2026-05-13T08:15:59-04:00	agentdevan	Install SCI-01 runner prompt
02e1b9e5991db90098eef701b3b1fad866de95c1	2026-05-13T08:18:49-04:00	agentdevan	Install SCI-02 runner prompt
27ab58cbfe21e30e43e45a3c9670bbb3a328c210	2026-05-13T08:22:25-04:00	agentdevan	Install SCI-03 runner prompt
526651af71c7c5e55dae7b31eadbada2b75e0567	2026-05-13T08:24:32-04:00	agentdevan	Install IRQ-01 runner prompt
17001d6c65fe2e76b433887be74f83f76b7fb56d	2026-05-13T08:26:55-04:00	agentdevan	Install IRQ-02 runner prompt
52bb0eeaec788318afa72fe18b60732d68417585	2026-05-13T08:27:42-04:00	agentdevan	SA17 URL source importer
d1320eb18186ca61f9d32a864c972ebd4f5c5f5c	2026-05-13T08:28:41-04:00	agentdevan	Install HBI-09 runner prompt
85dc72cbf13109f08cc800ded5dafd07a4549bb1	2026-05-13T08:34:07-04:00	agentdevan	Merge branch 'main' of https://github.com/agentdevan/ambitions
0a05f9d7fbab954156ac47d1365d88491a67c8af	2026-05-13T08:35:16-04:00	agentdevan	Install HBI-10 runner prompt
a6676724f7dbe212ddaa5fc893b08ebbed0ea9cb	2026-05-13T08:39:30-04:00	agentdevan	Install PRI-01 runner prompt
7ec4489f34c9877eee37eabb38c4e7082975ec63	2026-05-13T08:42:50-04:00	agentdevan	Install RHE-01 runner prompt
ac6659641b0932c2d7f05acab4917ce3f3a5febe	2026-05-13T08:45:59-04:00	agentdevan	Install PPL-01 runner prompt
47adf7f2506a92f2435e323d0fcf06107fc6b0c7	2026-05-13T08:47:47-04:00	agentdevan	Install PPL-02 runner prompt
b9472d2de69d8ad4fdfab601d909719060e46a61	2026-05-13T08:56:28-04:00	agentdevan	Install LSF-01 runner prompt
06b55822a7e41c2ee47ad8fc81fa3689486bd34e	2026-05-13T08:58:58-04:00	agentdevan	Install MGP-01 runner prompt
9dbb0cb6619cd65e3b8d23ea918029ef7c03ece5	2026-05-13T09:01:47-04:00	agentdevan	Install RRE-01 runner prompt
33b6bf20372f725d6c611c3e2fe1fd43137ec069	2026-05-13T09:04:58-04:00	agentdevan	Install Historical Baseline train guard
a6966e4d9dfd7bc6f105a2e80ef8da1f34a2d0be	2026-05-13T09:06:52-04:00	agentdevan	Install Historical Baseline global train handoff prompt
38524f235762f521d47411dd7bcdc218ed4512b7	2026-05-13T09:09:30-04:00	agentdevan	Install Historical Baseline global train install report
c246aabc6767b67c494dff6148b92fec666a595a	2026-05-13T09:17:19-04:00	agentdevan	Harden global autopilot conductor for HBI and MRI
ba1983b70311d786b4208078c545848e7ef6a62d	2026-05-13T09:18:53-04:00	agentdevan	No Cost cleanup
6d901a20c1eb16b105c26bcbb89ac4af22fc7015	2026-05-13T09:29:54-04:00	agentdevan	Install autonomous next-batch router
2d6be7790003c4699ef99bd6778050332c7bfa31	2026-05-13T09:31:31-04:00	agentdevan	Install owned-files detector
74898e63f2b97e1d5f481e6bc50618df7d417e0c	2026-05-13T09:32:41-04:00	agentdevan	Install batch closeout accelerator
a0476192823341056f08a14f8283f1187a5d8f7a	2026-05-13T09:33:47-04:00	agentdevan	Install Red repair router
4afe760402a08582de9e1fb09ddc585a05fbef2a	2026-05-13T09:36:06-04:00	agentdevan	Install autonomous train fastpath wrapper
532997664b4c86020c4d8e0d33811561408695e1	2026-05-13T09:38:21-04:00	agentdevan	Install autonomous train fastpath docs
0d68c29599f2aec4870fbc22003b9d9b4be122d0	2026-05-13T09:41:28-04:00	agentdevan	Install autonomous train fastpath runner prompt
8a9d4a9fec1252ae7cb03849755b882bedfbbe43	2026-05-13T09:43:52-04:00	agentdevan	Install autonomous train conductor skill
257d3f9c2440a88944d5d22ed784ed0fda92e536	2026-05-13T09:46:06-04:00	agentdevan	Install HBI MRI overlay reviewer skill
b3ececce2786bd85f7d0354ce31f83997001237a	2026-05-13T09:48:23-04:00	agentdevan	Install owned file stager skill
64843c0551716871a9320a7d9558f86cda27c6d2	2026-05-13T09:52:01-04:00	agentdevan	Install Accepted Yellow classifier skill
1e67a99175b4cc39f380acfe1410438fe1bdf7db	2026-05-13T09:58:30-04:00	agentdevan	Install batch closeout editor skill
cc86ef89776a6beb1916773f1d37272f132d0e38	2026-05-13T10:40:08-04:00	agentdevan	Delegate autonomous train entrypoint to fastpath
9011c3d8f96f937cf97ef8355551261ab6a3323e	2026-05-13T10:44:59-04:00	agentdevan	Install autonomous train fastpath install report
923ae500ab670fd5818b7b67ecc5292b179e1e7f	2026-05-13T11:18:02-04:00	agentdevan	Repair autonomous train SA18 routing
23dae46663b720fe4f082acdec481ceb0555c562	2026-05-13T12:16:27-04:00	agentdevan	SA18: complete hybrid Codex batch
cb15fd8e0b96e65f0bbd15ea797a9fda7a17a045	2026-05-13T14:41:11-04:00	agentdevan	Migrate Ambitions foundation to Swift 6
334696428a372f97b288915f328ecae2638ca916	2026-05-13T14:44:41-04:00	agentdevan	Remove automatic Swift 6 GitHub Actions workflow
29a555207ab9e0381cbe832cdaf21cbd2e94c7e0	2026-05-13T14:45:44-04:00	agentdevan	Document local-only Swift 6 validation after removing Actions workflow
8df686000a11593cc2bdda6270b2ac122d2a5c10	2026-05-13T15:03:20-04:00	agentdevan	Add frontend visual canon encyclopedia
024eaea95078933c46a885987b99575dbb354ad1	2026-05-13T16:31:01-04:00	agentdevan	Document frontend recipe train extraction atlas
5d1beaab290f4aaae0f27c30717b0541d2e0a156	2026-05-13T16:55:10-04:00	agentdevan	Keep app session domain model UI-free
fae7feae9e50ab984ed5e64f7c646ab84c779598	2026-05-13T16:55:50-04:00	agentdevan	Move appearance presentation helpers out of domain
dadcb6eb5335afd86b726e2997cb8b0f0850a5a8	2026-05-13T17:00:33-04:00	agentdevan	Document Today cache Sendable allowlist in Swift 6 scanner
9d90bca32e74780c8cea78e9aa14a8088a16548b	2026-05-13T17:02:08-04:00	agentdevan	Cover explicit Sendable allowlist in Swift 6 scanner tests
2da5ba886ced894dd8efbe08a59758a2917e9903	2026-05-13T17:02:54-04:00	agentdevan	Front End Completeness Review
486edb500fd44a734b89a760803e49ba447b9544	2026-05-13T17:19:14-04:00	agentdevan	Make widget view models Sendable under Swift 6
5127a341a792ecbd4a7c830f1f57c4088803e4e1	2026-05-13T18:52:22-04:00	agentdevan	Swift 6 fixes
6b3fe7f403f3cd01a0df5fa1f5dfc63921e943a3	2026-05-13T19:27:31-04:00	agentdevan	Visual Encyclopedia Final
44d43fa924e16e298c77dfb5cfbb2b3719e0ef94	2026-05-13T22:45:19-04:00	agentdevan	Add visual encyclopedia 100 perfection prompt
bf052f75aebaba3a1865b5ff54c3efa151695261	2026-05-13T23:54:25-04:00	agentdevan	visual perfection install
6c7a49d53d8131e314b1c28e3514b5ec58da0fa5	2026-05-14T00:11:38-04:00	agentdevan	Add visual encyclopedia 100 proof hardening v3 prompt
1263fc7f409f981577a48437504cc9cb33908645	2026-05-14T00:17:18-04:00	agentdevan	Add merged visual encyclopedia proof hardening prompt
e45f4b67cdfc52821d46a9b53217abf3fe67a718	2026-05-14T00:31:33-04:00	agentdevan	Add final visual encyclopedia proof authority prompt
6dd99ef33951b83985125ed2b7502dbef0b484d8	2026-05-14T07:23:50-04:00	agentdevan	Add design system 15 systems install prompt
174b036519e2bf5918884e1b4c9c705a05a51f2e	2026-05-14T08:01:29-04:00	agentdevan	Install final visual encyclopedia proof authority
87cda59f2cdb7f594d189d222922750cc7864e79	2026-05-14T08:15:54-04:00	agentdevan	Merge branch 'main' of https://github.com/agentdevan/ambitions
7ad0ed6200b1e041d35d4773778935342c97d962	2026-05-14T09:01:42-04:00	agentdevan	Install design system 15 systems foundation
53b9ad8b61ab62716c9198ed5cd491c7bab5497e	2026-05-14T09:12:46-04:00	agentdevan	Add FAANG visual design authority lock prep batch
33325a41231eebf366a18e688454e62e441513d0	2026-05-14T09:13:59-04:00	agentdevan	Document FAANG visual design authority lock prep
9f9e55b87e9802fbb6d5d68b78efb482326e48f4	2026-05-14T09:14:51-04:00	agentdevan	Add visual design authority lock prep runner wrapper
30a8e1438e49c67bba798ebc64fb889b951baa70	2026-05-14T09:15:34-04:00	agentdevan	Report visual design authority lock prep installation
1f6067efe7de7c343a2715235596e7b6dd85ce8e	2026-05-14T09:25:25-04:00	agentdevan	Add final form visual design authority batch
495d56fd3287f04e8dea77d60943c29863014e29	2026-05-14T10:22:33-04:00	agentdevan	Install final visual encyclopedia proof authority
ac1056a14c3af9cf05d765b144020139892de4b8	2026-05-14T10:24:06-04:00	agentdevan	Merge branch 'main' of https://github.com/agentdevan/ambitions
cce4d6b62358075fd31bbd2dac0afa74c6b1eee6	2026-05-14T10:28:22-04:00	agentdevan	Install backend final-form local-first human batch
5beec326c13f7ff1bb5299048b0dd2ee28b42611	2026-05-14T12:10:28-04:00	agentdevan	Install visual design final form authority
1e0788da1110af46ea0bfe80c00e8b942d2b9ae8	2026-05-14T12:31:10-04:00	agentdevan	Complete backend final-form local-first batch
a2c64d5e7d16fc08e0024e81bfa061a392c86d9a	2026-05-14T12:37:23-04:00	agentdevan	Merge pull request #2 from agentdevan/codex/visual-design-final-form-04
abf3372bd0fbea3396ead7ee339deef045850321	2026-05-14T13:39:52-04:00	agentdevan	Add visual design final form lock repair batch
dd3bf5b69e80c081e7c57a752e9057dce63b80f2	2026-05-14T13:41:32-04:00	agentdevan	Document visual design final form lock repair batch
eee57d88910949acc2bdb75e464e4df49412d622	2026-05-14T13:57:03-04:00	agentdevan	Install backend final-form green repair batch
b8a06e5f403ef80c17f768d5a24eefa244643a95	2026-05-14T13:59:51-04:00	agentdevan	Add visual design final form lock repair runner wrapper
4bc7a47a9084deebab64c56cea8a955d8dbd3d12	2026-05-14T14:00:56-04:00	agentdevan	Report visual design final form lock repair installation
f8868ae55e8c0e2773a0dcaa7d40fdaed27c0732	2026-05-14T15:42:51-04:00	agentdevan	Visual final form lock repair 05
367b03361f872fc3cdfdc5b4ce2b91d6fa1cbba9	2026-05-14T15:48:18-04:00	agentdevan	Repair backend final form gate
7fa18d75fcccf39a376b548640ddaf669c648f3a	2026-05-14T17:23:06-04:00	agentdevan	Update config.toml
02aed48f83df84da49b75d9272deafaa8dc6b234	2026-05-14T17:32:52-04:00	agentdevan	Install repo authority cleanup train
a0b236f1e5dbae256f8201d45fec2898dec34916	2026-05-14T17:34:17-04:00	agentdevan	Install repo authority cleanup conductor
6e48f69d7086a05cdf55ab5c0fd22081c7f92ece	2026-05-14T17:36:25-04:00	agentdevan	Install repo authority safety snapshot prompt
6219d17f75759395b9543def819d981fa743ba25	2026-05-14T17:37:36-04:00	agentdevan	Install repo authority front door prompt
81a56257802b6dae5f6fca4996f09de6ae66ce4b	2026-05-14T17:39:56-04:00	agentdevan	Install repo authority frontend visual encyclopedia prompt
0579719db93a407c790aac82ffe9ea8097b1472f	2026-05-14T17:44:23-04:00	agentdevan	Install repo authority backend honesty prompt
4c808cfd233de39eadc3ac3b368fb2de3392f115	2026-05-14T17:48:16-04:00	agentdevan	Install repo authority Codex OS consolidation prompt
21f8f956aa1fb09942483b26ddadc1ed2cddbc03	2026-05-14T17:51:59-04:00	agentdevan	Install repo authority historical archive prompt
d4f2eee91043c6a3e459d74be05b82c01da10b88	2026-05-14T17:56:10-04:00	agentdevan	Install repo authority active drift repair prompt
cb143d52d907c17ef265bcccc8b2c3d3ee2aced2	2026-05-14T18:01:05-04:00	agentdevan	Install repo authority final gates prompt
8a269cf690c4fd6906f45afcbc43944631dcf08e	2026-05-14T18:05:42-04:00	agentdevan	Install repo authority cleanup sequence doc
00fd7e11346d184c70f55c5e73ba8d4b4ac796e7	2026-05-14T18:07:07-04:00	agentdevan	Install repo authority green gate spec
1bd307f468c4c0010c3b3f4c61f73cd4b893bca7	2026-05-14T18:09:01-04:00	agentdevan	Install repo authority cleanup install report
9128580b620152d2e67c23372e081bb0260193c6	2026-05-14T19:42:48-04:00	agentdevan	Clean up repo authority portals
3dfd067ec2e3c040ad9503332ec469c2aa27d1bf	2026-05-14T20:47:15-04:00	agentdevan	Remove unchecked Sendable from Today cache
e9b430d450012ee7e856a58826d4d92d85657a69	2026-05-14T20:50:54-04:00	agentdevan	Document Sendable invariant for Today cache
0554d4521af19aab6c2031723a053e3ab655d1cc	2026-05-14T20:58:09-04:00	agentdevan	Add Swift 6 modernization scan CI
12eb88b2c5245cb2b2dac95ae2fa495b6f4113da	2026-05-14T21:02:07-04:00	agentdevan	Harden Swift 6 CI final gate
aead30278080f38873c5ba2aa4cad421e4c99c6f	2026-05-14T21:13:19-04:00	agentdevan	Fix share extension Swift 6 actor hop
db9fb554886b19672465c92d5ba2a552f70e4e12	2026-05-14T21:22:34-04:00	agentdevan	Install encyclopedia frontend authority OS
6922c5b1cace93449979a282df4c67de0b8a3dbb	2026-05-14T21:44:27-04:00	agentdevan	Add global train frontend authority hook
8580131e65148191ba84b55745f6b84413afa0d3	2026-05-14T21:56:19-04:00	agentdevan	Document frontend authority global train hook
5581490b0ac25d0ba398b58537bebd9316b7e825	2026-05-14T21:57:02-04:00	agentdevan	Enforce frontend authority in global train supervisor
c1be0a3de5fdf5d795741265e3d53ed948d8af80	2026-05-14T21:57:36-04:00	agentdevan	Report frontend authority global train hook installation
38794ef5ac0496abac232679eb62b32f599d61eb	2026-05-14T23:20:01-04:00	agentdevan	Install signature visual instruments encyclopedia doctrine
0bea1ac628b6974fa71b9d3ddc2ccbec06c8a82b	2026-05-14T23:20:44-04:00	agentdevan	Add signature visual instruments matrix
2fc8cda15fb147b32b7d73e88c5da7f4cf8adcb7	2026-05-14T23:22:42-04:00	agentdevan	Add signature visual instruments encyclopedia prompt
95458326a65da23bb398ccca41d3c45cb840663d	2026-05-14T23:24:14-04:00	agentdevan	Promote signature visual instruments in visual encyclopedia portal
f68f9a550dac2c8be5c89610e4245d81187dec53	2026-05-14T23:24:38-04:00	agentdevan	Report signature visual instruments encyclopedia installation
eec8a3640f4ecb368524e4b309442993c1459943	2026-05-14T23:28:34-04:00	agentdevan	Add signature visual instrument helpers
0cf3d9f4ad3a468042a146fcc5ed9fd821d3db09	2026-05-14T23:29:50-04:00	agentdevan	Integrate signature instruments into frontend packets
ec8aefe2e0aa84295e3a4e501577622e82b82193	2026-05-14T23:30:44-04:00	agentdevan	Require signature instruments in generated frontend prompts
5d4d655ae1b10f9828d13fec729f22f832b89c81	2026-05-14T23:34:42-04:00	agentdevan	Add signature instrument fields to source bindings
5246c7d90d7a90222ed1ca97cc8c504520412e97	2026-05-14T23:35:46-04:00	agentdevan	Add signature instrument status to frontend dashboard
2f8edbe1cadec2c16fa3e5f3a520757e0afd61c2	2026-05-14T23:36:38-04:00	agentdevan	Prioritize signature visual instruments in frontend queue
4c74287973d59d31e9df36f96133e33e8208544e	2026-05-14T23:37:59-04:00	agentdevan	Teach drift checker signature instrument rules
0ee330798ac01327d3e5181e42f11575a953c7ea	2026-05-14T23:38:58-04:00	agentdevan	Add signature visual instruments validator
22513dd02997162d7b337d2df9885fa94db672a7	2026-05-14T23:40:51-04:00	agentdevan	Report signature visual instruments API installation progress
a491ea4b90bcf7602abf93d343205c54f9cb90c0	2026-05-14T23:42:34-04:00	agentdevan	Add signature visual instruments API installer
800d69983cc4fc054cd4a798c348a5b1bd301454	2026-05-14T23:43:37-04:00	agentdevan	Add signature visual instruments validation workflow
8111be9223e7cbf60d8223c1e1a134c38df9d447	2026-05-14T23:45:05-04:00	agentdevan	Trigger signature visual instruments validation workflow
8868ee7fb8860a533eb151351d866c8482ddf3ff	2026-05-14T23:51:26-04:00	agentdevan	Expose signature visual instruments installer failures
076180c69bdf7a949d03ddb4b80a96665905b718	2026-05-15T00:37:15-04:00	agentdevan	Remove automatic Swift 6 workflow
d256c250bf84f155ec1c037c9e6b83a0394c618f	2026-05-15T00:39:17-04:00	agentdevan	Remove automatic signature visual instruments workflow
f1b5f696d8a9d10b1cfe234674eba2a58be62294	2026-05-15T00:42:36-04:00	agentdevan	Install Today Reality Meridian flagship visual canon
8e3f71f1f48a9885433c1c9048d9ba641ace81ef	2026-05-15T00:47:19-04:00	agentdevan	Link Today flagship surface in frontend authority index
d8f3224fd1a7be38e78d75dfe9570832916c88a6	2026-05-15T00:51:31-04:00	agentdevan	Add Today flagship visual lock to encyclopedia portal
fbe62fdf76941fa2b04ff7417e6b1617595f174d	2026-05-15T00:56:56-04:00	agentdevan	Add Today visual recipe portal
7561faf6db23eec385498f16c9b1f8e3e15088cb	2026-05-14T21:33:50-04:00	agentdevan	Remove reintroduced hosted workflow
6bcefd7684104b43e95bcb1ee170afbb64f9f6a2	2026-05-14T21:38:34-04:00	agentdevan	Align runner approval posture
b2936bfe44c5e8fd7680ac940ff64e7a056a4276	2026-05-14T21:58:53-04:00	agentdevan	SA19 PDF import boundary
8a478dcd6eeee6b4f445d4e00d7547195294d45e	2026-05-14T22:03:41-04:00	agentdevan	Repair frontend train hook classification
28f1ec92767029c568bba529f68f7b69ebaa5f84	2026-05-14T22:05:08-04:00	agentdevan	Allow supervisor lock during global train
6fb0b0df2aa12bf203dcb868bb74d5f5140f0397	2026-05-14T22:11:31-04:00	agentdevan	Advance train state from SA19 to SA20
bd951c84c3b9097f902dc9eafa0989f593b6c185	2026-05-14T22:46:38-04:00	agentdevan	SA20: complete hybrid Codex batch
710b6ef97fc28acf5505f5d168582ba76b18122d	2026-05-14T22:51:05-04:00	agentdevan	Advance train state from SA20 to SA21
a435835708ce6940f0de9276f39024c517af9fa4	2026-05-14T23:15:09-04:00	agentdevan	Add SA21 Vision OCR fallback
49507fc0f6c55ced856241b41e02b94eb2a8335a	2026-05-14T23:15:51-04:00	agentdevan	SA21: complete hybrid Codex batch
56c3f350d6f285b5555c29e3f58e5584ace3f82d	2026-05-14T23:20:40-04:00	agentdevan	Advance train state from SA21 to SA22
60f8c0edc419905970f88ed13576840c6e8bd818	2026-05-14T23:21:55-04:00	agentdevan	Narrow frontend hook screenshot classification
c6ca220cb13ac26c97ef76b95186f3ec6eff588e	2026-05-14T23:36:23-04:00	agentdevan	Add SA22 image screenshot importer
8bf22feab75b6b7fb09d3a79079c49fbf2d66e05	2026-05-14T23:39:18-04:00	agentdevan	Advance train state from SA22 to SA23
2989cc9699662b0ff21767f2452f430444ad6731	2026-05-14T23:48:27-04:00	agentdevan	Add SA23 document type classifier
f69572ea6b4b94610d78bd272fdd40fa492a9272	2026-05-14T23:50:29-04:00	agentdevan	Advance train state from SA23 to SA24
336d33061e723b50e989e3972a3fb5bdb193300e	2026-05-15T00:00:32-04:00	agentdevan	Add SA24 claim candidate extractor
a68313b93adf0e1920c8bd299ac95578ad18c19b	2026-05-15T00:02:21-04:00	agentdevan	Advance train state from SA24 to SA25
ded63a22e9541d229fbb40b730e8e892cba348a3	2026-05-15T00:19:33-04:00	agentdevan	Add SA25 source review models
57ebb50310508405468f9baa0b081512a8c4f393	2026-05-15T00:21:51-04:00	agentdevan	Advance train state from SA25 to SA26
01c86eda9731a082c6f289545788deb98a154608	2026-05-15T00:48:39-04:00	agentdevan	SA26: complete hybrid Codex batch
12e67c89328d7b0aba2f9a9337c71c33bdc2a55d	2026-05-15T00:53:30-04:00	agentdevan	Advance train state from SA26 to SA27
32360ce5e63f47600be4dda5f914c0c89cb7f129	2026-05-15T01:21:01-04:00	agentdevan	SA27 pack factory lite
2e6602e9d5d209020f1bab74147dbfa690e9da92	2026-05-15T01:24:45-04:00	agentdevan	Advance train state from SA27 to SA28
a8e492057e15b3cebe0c74048e52b15f555b219c	2026-05-15T07:22:12-04:00	agentdevan	Record no hosted auto-CI policy
30c1e6dfe145b2f8472a99704a78dfd76503a2d3	2026-05-15T07:52:58-04:00	agentdevan	Update hosted workflow removal report
148b486c17ef6f7d4515416e13dc8d35ebcfb75a	2026-05-15T07:59:00-04:00	agentdevan	Add Today flagship install report
dffdac59acefb7b210c8cce31674c121cb7c75fd	2026-05-15T08:32:22-04:00	agentdevan	Merge branch 'main' of https://github.com/agentdevan/ambitions
386185bd15d29151fa46262dfb9871af124b26c3	2026-05-15T15:08:18-04:00	agentdevan	Repair source truth map minimum authority drift
872b619a872cfe50fe38b8b0b6b5c43510de041c	2026-05-15T15:09:37-04:00	agentdevan	Record 2026-05-15 direct cleanup decision
3efb6e7fa2f430a5584c4853c24d4ddc80c8e251	2026-05-15T15:10:52-04:00	agentdevan	Demote AmbitionsCanon README to supporting canon
9620493ce4ce67e4acef497e6400fa32858a6385	2026-05-15T15:14:01-04:00	agentdevan	Replace Plan error copy with Time copy
a435032bc9d68316bf8f4260178310fad21caa0f	2026-05-15T15:18:24-04:00	agentdevan	Replace Plan-visible pressure copy with Time copy
7aac76481c9ef6ad816a8c6113d31a8eaca4ba18	2026-05-15T15:39:56-04:00	agentdevan	Convert Plan believability canon to Time compatibility canon
e469a85d9da80fb0898ca9376fbfedf2661866d1	2026-05-15T16:03:37-04:00	agentdevan	Add Codex-free GitHub API audit receipt
10c8ec753c6b5f3e95429d1ba62f8873d17b547d	2026-05-15T16:13:51-04:00	agentdevan	Add compact Private Life Runtime proof spec
be23e80d55705b6100aefb33273d358bae0cc7d0	2026-05-15T16:16:49-04:00	agentdevan	Update Codex-free audit receipt after runtime proof spec install
897d6de31545f83bd67427b77e4e1d3c29791af2	2026-05-15T16:36:04-04:00	agentdevan	Create repo governance master cleanup tracker
b24f3173740ad5c6cd96330b244b4051158a0571	2026-05-15T16:36:34-04:00	agentdevan	Add status ledger index
279eeac43ba7445f792eb2989841f7e6d9a312dc	2026-05-15T17:27:50-04:00	agentdevan	Link runtime proof and cleanup status from root README
bcef69553cda72fa92cbdbebaf2d2064eb192141	2026-05-15T17:29:27-04:00	agentdevan	Link runtime and governance status from docs README
2813226b3489a4c584f408d7f790736a21fd3234	2026-05-15T17:30:24-04:00	agentdevan	Add Private Life Runtime proof target to moat truth
d09d2a7257c6155a1882c09b536188e5d84eb850	2026-05-15T17:31:50-04:00	agentdevan	Link runtime proof spec from implementation map
bc1f21df7cf031602481f2a20e412ef56e21beb1	2026-05-15T17:33:28-04:00	agentdevan	Create old canon classification index
2e1f8454c1630bb959333d6509b3f10c2475c327	2026-05-15T17:33:55-04:00	agentdevan	Link old canon classification index from canon README
f2cf08e40cf88148411f0c777dc2cb1c0244f63b	2026-05-15T17:34:29-04:00	agentdevan	Link old canon classification index from history portal
733d703528c29dbccff4cf8cb647fdad291ab117	2026-05-15T17:37:07-04:00	agentdevan	Close out Train A in governance tracker
29b4530f64363a252da23d24410ee6c627746f2a	2026-05-15T18:07:00-04:00	agentdevan	Add historical header to Ambitions 2.0 terminology reference
810acef24974fc6d3bca2d5232fdbd9d195679a2	2026-05-15T18:10:54-04:00	agentdevan	Add supporting header to Ambitions 2.0 accessibility reference
1b425b55e3d2a690009a3b23be4d36afb2ac93bd	2026-05-15T18:43:11-04:00	agentdevan	SA28 Pack Diff / Changed Claim Tooling
1a745c72bddd6ce2532ae855b248d44051457bdd	2026-05-15T18:49:29-04:00	agentdevan	Update ledger for SA28 completion
83b370918aacae065218b88a7bc52145eb67f915	2026-05-15T18:49:46-04:00	agentdevan	Update runner state files
8f2acb1f5c449aec3fee8bd2941f6e06f2c7c2fd	2026-05-15T18:50:57-04:00	agentdevan	SA29 Hash / Signature / Revocation Tooling
83237708416235f0f979901030e9567dcfcc92c7	2026-05-15T18:50:59-04:00	agentdevan	Update ledger for SA29 completion
477827fc1174b5809b509ec43dffed2646ed7506	2026-05-15T18:52:10-04:00	agentdevan	SA30 Freshness Broker Manifest Contract
99ebb5b383a012a65186d3aafd6a3951107b25bc	2026-05-15T18:52:11-04:00	agentdevan	Update ledger for SA30 completion
45019ac78fb1efa7e93299c0b20e3dabc8178256	2026-05-15T18:53:12-04:00	agentdevan	SA31 Official Source Adapter Contracts
b8e428e9e6a372a398ad810de553bac3c9fadda3	2026-05-15T18:53:14-04:00	agentdevan	Update ledger for SA31 completion
dd7265bca8152ae7cd457d94f5e99f159bb5228b	2026-05-15T18:54:22-04:00	agentdevan	SA32 Source Atlas UI Primitives / QA / Handoff
aaede2ce772a9715c69ae6b93dc2551a35d5b9e9	2026-05-15T18:54:23-04:00	agentdevan	Update ledger for SA32 completion
199d208c3113321f08447bcca4d31b36f03e7a14	2026-05-15T18:55:52-04:00	agentdevan	LDI15 Living Plan Recompiler
77f66d1841da706b9fd3ab4e713bfe288385c60a	2026-05-15T18:55:54-04:00	agentdevan	Update ledger for LDI15 completion
c8598b6aa467d1709d432e37376f7339d4c55e5f	2026-05-15T18:56:40-04:00	agentdevan	LDI16 Mutation Permissions And Impact Levels
bf5f8b4c5b917e9f0e5410bedec6aa1d7f6ae589	2026-05-15T18:56:42-04:00	agentdevan	Update ledger for LDI16 completion
bd8108ef8697c39fcf76a091e7783e3a63918841	2026-05-15T18:57:29-04:00	agentdevan	LDI17 Continuity Sync
52fec832e67de5e29d89e14c0a23f1cf77bf77e2	2026-05-15T18:57:30-04:00	agentdevan	Update ledger for LDI17 completion
80aa869304ca2c9dd3c9119db6fbb86a99d1f599	2026-05-15T18:58:19-04:00	agentdevan	LDI18 Archive And Schema Migration
2ca3d4051deac530d0e93317a30acfddbca21c8e	2026-05-15T18:58:20-04:00	agentdevan	Update ledger for LDI18 completion
f91575a8e9debf98ead1c2da2f41761a472a39cf	2026-05-15T18:59:33-04:00	agentdevan	LDI19 Multi-Device Merge Ledger
116c8dbe7132c180a2293ed4e43ae421fdb45cf9	2026-05-15T18:59:34-04:00	agentdevan	Update ledger for LDI19 completion
87eae41f9f934964ccdcb62c4bea6192a7011767	2026-05-15T19:00:25-04:00	agentdevan	LDI20 Freshness Broker
6ef02b0f25390b11348fc969effdfd3051740483	2026-05-15T19:00:27-04:00	agentdevan	Update ledger for LDI20 completion
12a5fabeda711f579baef38f1aae5a38c85849ee	2026-05-15T19:01:17-04:00	agentdevan	LDI21 Red-Team Evaluation Suite
e02738e5c650b9d1daa557fe2ecea428c198730e	2026-05-15T19:01:19-04:00	agentdevan	Update ledger for LDI21 completion
dc9fe9c25d88fcc4f33e9ca4d497da6c540532bb	2026-05-15T19:02:08-04:00	agentdevan	LDI22 Governance And Maintenance Console
15734a1a3cf81bcace7ce3eeca184729b8416ea0	2026-05-15T19:02:10-04:00	agentdevan	Update ledger for LDI22 completion
08084e046c79770067a5a160ad62bc4e1dac81b6	2026-05-15T19:12:57-04:00	agentdevan	AOS24 AmbitionsOS Runtime Tail Gate
b5fe2eeae039ccaaba020863ebca8119129bad9c	2026-05-15T19:12:58-04:00	agentdevan	Update ledger for AOS24 completion
708ecc252737ff8c936ad613c6076b2b4b7f35c4	2026-05-15T19:13:58-04:00	agentdevan	AOS25 AmbitionsOS Integration Tail Gate
c6bc4b8394a9392627ac6cb013702f35ecc417ce	2026-05-15T19:13:59-04:00	agentdevan	Update ledger for AOS25 completion
859f0b019a9e81ec767b5162844197c7ad88835b	2026-05-15T19:14:57-04:00	agentdevan	AOS26 AmbitionsOS Evaluation Tail Gate
135aa11df34e85307a7ae9852a979f4f013f605c	2026-05-15T19:14:58-04:00	agentdevan	Update ledger for AOS26 completion
2d02235f81c59531e24b74f68161c4637c5b1ec8	2026-05-15T19:15:55-04:00	agentdevan	AOS27 AmbitionsOS Privacy Safety Tail Gate
d351a9b945559ab87db941f15104a25b5f5c3c37	2026-05-15T19:15:56-04:00	agentdevan	Update ledger for AOS27 completion
2ccf7a1e55e5843b8252b89bf085ee23c4245069	2026-05-15T19:16:57-04:00	agentdevan	AOS28 AmbitionsOS Experience Tail Gate
3d5c07b73ba6f202a4c07150470fb413da365362	2026-05-15T19:16:58-04:00	agentdevan	Update ledger for AOS28 completion
ef1326d56ccde4ef551aef0a981a2c34584b6939	2026-05-15T19:17:48-04:00	agentdevan	AOS29 AmbitionsOS Handoff Tail Gate
0b155bc2d283eef25d756c6a2c0834f55216c159	2026-05-15T19:17:49-04:00	agentdevan	Update ledger for AOS29 completion
3f129bb558511995b1591563bc5d6bf977a918a5	2026-05-15T19:19:09-04:00	agentdevan	AOS30 AmbitionsOS Closeout
563e76441c0e707a2ca0e5aebad99cbc4f06f01e	2026-05-15T19:19:10-04:00	agentdevan	Update ledger for AOS30 completion
37060585e6c0fd255a441126f154dd8fe233484c	2026-05-15T19:33:25-04:00	agentdevan	Install SA28 LDI15 AOS24 rerun directive
e244c9d071138b5ece7d9220e714a1038162ad90	2026-05-15T19:34:06-04:00	agentdevan	Point active batch state to manifest rerun directive
034ae2047f9d76c4c7578a3dd15038d16efd87ba	2026-05-15T19:34:32-04:00	agentdevan	Block FCP27 in current batch train state
18d57a4f49124753c60782c3086cd22287409405	2026-05-15T19:35:42-04:00	agentdevan	Mirror manifest rerun directive in current run state
e93c9341e211599fd3da4ad68d73fc22c7c769f1	2026-05-15T19:37:04-04:00	agentdevan	Add Antigravity manifest rerun start file
2a0a0d72853571ed83d6f27cc451accbe1009987	2026-05-15T22:36:40-04:00	agentdevan	antigravity
ac12e4cdccda0d35a4d7cd78c8b284bdfb38f67e	2026-05-15T23:30:31-04:00	agentdevan	Quarantine Ambitions 2.0 Codex guide header
ed810cb7e94faddd559b7d2971045ca32ef2fed7	2026-05-15T23:35:43-04:00	agentdevan	Quarantine Ambitions 2.0 master plan header
a70f4ca79eca29e843bdfe4f062177a6ea6bbef5	2026-05-15T23:43:29-04:00	agentdevan	Quarantine Ambitions 2.0 product architecture header
d588a87b6588bcca3ef787bde62a073a71978948	2026-05-15T23:47:11-04:00	agentdevan	Quarantine Ambitions 3.0 copy QA protocol
123551135e7467bb0fbc39673cca3c66b99b412b	2026-05-15T23:48:36-04:00	agentdevan	Quarantine Ambitions 3.0 privacy threat model
ac132c0c20c077e93eec4e4d9a92f43355850015	2026-05-15T23:55:38-04:00	agentdevan	Install frontend UI decision documentation
734765ed327a79ff4c0f00f91505a42c670c72b7	2026-05-15T23:55:48-04:00	agentdevan	Quarantine Ambitions 3.0 flake protocol
83d6dd5c57f37db2b18546960e50304d6eeba0d4	2026-05-16T07:26:34-04:00	agentdevan	Quarantine PXOS degraded states header
eba27bc7653698d79f52a00f44564f73ba1bc850	2026-05-16T08:37:05-04:00	agentdevan	Record Train B historical header quarantine receipt
6211f044a378c7a622371ce1c624a045f5f66ab2	2026-05-16T08:39:15-04:00	agentdevan	Record Train B YELLOW closeout in governance tracker
e8bf91736250adbff0a6b52829d278df40730206	2026-05-16T08:42:07-04:00	agentdevan	Record Train B header status in old canon index
af77301a9b9b7e0fabbccc466fb15ce11ba2ed73	2026-05-16T08:43:59-04:00	agentdevan	Record Train B quarantine status in cleanup register
8360902d1d16f8fa28d5e5cbf8c0f4a024b7c677	2026-05-16T08:48:31-04:00	agentdevan	Classify generated report artifacts
476a2db2f1077edb3f0ebd21f3a4a7bfabb64b45	2026-05-16T08:49:40-04:00	agentdevan	Add visible copy drift scan
ce6af68e9e11fa5a8f506aa49b52dd540d35b1d1	2026-05-16T08:50:14-04:00	agentdevan	Add repo authority validation script
e1ece0b66da8529ac9e9da46de0f7a6c63a22339	2026-05-16T08:51:07-04:00	agentdevan	Add GitHub workflow policy validator
052b39bc965bc6b6a0a80cd4609f9179741ab428	2026-05-16T08:52:44-04:00	agentdevan	Add audit receipt routing README
db559eeddb97e07a277f21fe064f10899ce69cab	2026-05-16T08:53:54-04:00	agentdevan	Add prompt artifact routing README
8d06452d56ef4360e18ebee419f6b5957f509a4c	2026-05-16T08:54:39-04:00	agentdevan	Demote historical Codex batch prompt README
44679650cdb99d2c3c391ac9a2c0de2586b1e376	2026-05-16T08:57:10-04:00	agentdevan	Clarify batch train manifest authority
33fae0c509a2171853aa3759bdfbfbef9973408f	2026-05-16T08:58:53-04:00	agentdevan	Record Train C active surface hygiene receipt
348c536da6449bb467ac94795287cc822584a187	2026-05-16T09:00:18-04:00	agentdevan	Record Train C YELLOW closeout in governance tracker
c10faf76f6bd11ebaf70612ff4b1b39c39bc7dbf	2026-05-16T09:01:02-04:00	agentdevan	Add Train C ledgers to status index
c4d6627c649c53b85f18daf8081bd026ded6e915	2026-05-16T09:02:36-04:00	agentdevan	Record Train C cleanup decisions
a0f3973590b34b1d5e0346b8e79f8f9b3661cce0	2026-05-16T09:06:16-04:00	agentdevan	Add archive delete candidate register
5b05f40c0a59e3fa53bf447ebb4cab554b4830be	2026-05-16T09:07:48-04:00	agentdevan	Refresh reference dependency scan for Train D
84b273250d7653a2ef274e67597e4841f8e8e949	2026-05-16T09:08:32-04:00	agentdevan	Record Train D reference dependency scan receipt
afca67a4dccaaef0544588363cd909824bc83f26	2026-05-16T09:10:53-04:00	agentdevan	Record Train D Phase 11 closeout in governance tracker
85801a30635a4c5ba150fed995ce768fdf8c17f0	2026-05-16T09:12:26-04:00	agentdevan	Add Train D ledgers to status index
0ccd0fbcbfadb316ad566a2c574a694bb2a9f234	2026-05-16T09:14:10-04:00	agentdevan	Record Train D archive safety status
c4d7d06ce28656092ee8577dc4933a4d93743d27	2026-05-16T09:17:15-04:00	agentdevan	Record Train D cleanup decision
4ff8b1448607dfd82acb476eb2d6ed2e89f2de97	2026-05-16T11:10:08-04:00	agentdevan	Install frontend UI decision creation script
05986dfc03df9b69a5f8c6ec70f44afc510af762	2026-05-16T11:11:05-04:00	agentdevan	Install frontend UI decision check script
9cbcb2dd55896eb04d530a44a1683b5b0b320485	2026-05-16T11:19:41-04:00	agentdevan	Install frontend UI decision sync script
12846db407cffa6d8aa91a883a5bdcc20bce8799	2026-05-16T11:20:37-04:00	agentdevan	Install frontend UI decision implementation prompt script
687badd2c8e0d0670cf067a0f22cf25ba0034a48	2026-05-16T11:21:39-04:00	agentdevan	Seed Today Local Ambitions UI decision
283a1f63ea06723ea54e3f11afd19b92896af548	2026-05-16T11:26:05-04:00	agentdevan	Seed Today current-time cursor UI decision
44b99ee121f73dc52eac3b6dd420c0a65f3bbf34	2026-05-16T11:28:41-04:00	agentdevan	Seed bottom IA UI decision
9c9cbcde635a873182e357591373bf75aab7ded2	2026-05-16T11:29:21-04:00	agentdevan	Install UI decision ledger
91b76b39524984294d8d86059b90096c536a48eb	2026-05-16T11:29:49-04:00	agentdevan	Install UI decision surface trace matrix
880ba3ca7af3661375d8ca5e4ea2b3dc876095b8	2026-05-16T11:30:55-04:00	agentdevan	Install UI decision design-system trace matrix
52cbb9094bd914263155320c3472700444a55fc8	2026-05-16T11:32:24-04:00	agentdevan	Connect UI Decision OS to design-system bridge
46d430438ded18724217a8139906f7868f7bf849	2026-05-16T11:37:36-04:00	agentdevan	Add frontend decision OS install report
a844bb5885c328ab64927e47e759d635c241cf0f	2026-05-16T11:57:51-04:00	agentdevan	Install UI decision recipe linkage check
fda3787b668f30e2d28ad0e6adda7fae8ff8bc75	2026-05-16T12:01:39-04:00	agentdevan	Add generated summary for Today local lockup decision
60c60946547090bb50d6b8aae3d7fecf252f790a	2026-05-16T12:04:44-04:00	agentdevan	Add design-system gap report for Today local lockup decision
1b0fdb46ee8fb35276ef55d8893731937bf08e1c	2026-05-16T12:05:30-04:00	agentdevan	Add proof contract for Today local lockup decision
f7dc6aa638ae6a0ed25ad9f813ce4c1db8d25499	2026-05-16T12:06:38-04:00	agentdevan	Add UI decision make targets
615babdc401f1a218a2191b9983c3dc7990b7483	2026-05-16T12:07:26-04:00	agentdevan	Add generated implementation prompt for Today local lockup decision
d755d92775d09a91a90aeb6947cc253dea0ccc02	2026-05-16T12:14:57-04:00	agentdevan	Add generated summary for Today current-time cursor decision
b92e98a331c0dfc281f84760af86e2882630f241	2026-05-16T12:15:22-04:00	agentdevan	Add gap report for Today current-time cursor decision
6dc15b40851747899c06320e3fe56dc8ff4f5901	2026-05-16T12:17:30-04:00	agentdevan	Add proof contract for Today current-time cursor decision
adf96c51e74707fb1e49819fc47d01dc8fb33a56	2026-05-16T12:22:55-04:00	agentdevan	Add generated prompt for Today current-time cursor decision
2d18ace686740ca48e32342c2a1ddf2305266db4	2026-05-16T12:26:15-04:00	agentdevan	Add generated summary for bottom IA decision
c51a957c0bc795fe6369e75f819bde8fc450981c	2026-05-16T12:26:40-04:00	agentdevan	Add gap report for bottom IA decision
ae18d68053b28f2d110a252419f3449c66b4ae32	2026-05-16T12:28:41-04:00	agentdevan	Add proof contract for bottom IA decision
3def316c3e8b04762f9dc82eff20bcc5990e0b43	2026-05-16T12:30:06-04:00	agentdevan	Add generated prompt for bottom IA decision
a90bf977141592c449aef8341d5e69043e6e55b7	2026-05-16T12:32:25-04:00	agentdevan	Install UI decision final gate
dc171383755e29d4005539ec0bef3c1d921cd2ab	2026-05-16T12:33:01-04:00	agentdevan	Wire UI decision final gate into make targets
5bbdd30108e0bdadfc9c9cad46177dbcc5c11baa	2026-05-16T12:38:33-04:00	agentdevan	Add UI decision final gate JSON report
a7b4ff3cbc71e8cd0df2df8eb4562e725b3f2478	2026-05-16T12:38:52-04:00	agentdevan	Add UI decision final gate Markdown report
ec0bf9b9ce33e954a2dd7b907fd7f96ce1b9ae5e	2026-05-16T12:39:50-04:00	agentdevan	Update frontend decision OS install report
45f5cab8800284223fc6b93f2920d5f2942afd7f	2026-05-16T12:43:45-04:00	agentdevan	Add Local Ambitions shell chrome primitives
d35407675f70f06e509cda2d0ba52b55e8652f23	2026-05-16T12:44:58-04:00	agentdevan	Wire Local Ambitions lockup into Today screen
d1abee3b77969d6050430793626557d72aa83e79	2026-05-16T12:48:12-04:00	agentdevan	Mark Local Ambitions primitives as source-installed in UI decision
9c60a5755a989d0f4e714b36713909c614a1d239	2026-05-16T12:51:33-04:00	agentdevan	Update UI decision design-system matrix for Local Ambitions implementation
1d19e310e329ca45d29640b8ab792a61c58da40b	2026-05-16T12:53:27-04:00	agentdevan	Add Shell Chrome Trust preview fixture
b9770ae6426eee85a9be4ec5269fc7a8f71d044e	2026-05-16T12:56:44-04:00	agentdevan	Update Local Ambitions gap report after source install
c6fce1a97a9f3c4f53402775b8608a770ddf0bca	2026-05-16T12:57:31-04:00	agentdevan	Update proof contract for Local Ambitions source install
0a5a2e9b70f5ca76d058e63340e095059fdc4df4	2026-05-16T12:58:00-04:00	agentdevan	Add implementation receipt for Local Ambitions lockup decision
af838d1a5dab05611db6bf5949a31d8055ddb788	2026-05-16T13:01:26-04:00	agentdevan	Add Reality Meridian temporal primitives
772f11def2d8ea8936f04439a3efbf35b9949205	2026-05-16T13:02:30-04:00	agentdevan	Add Reality Meridian temporal preview fixture
f943b5359eaf3ccb6faeef581d2285fa80f5e9b2	2026-05-16T13:03:14-04:00	agentdevan	Mark Reality Meridian temporal primitives as source-installed in UI decision
9415f5b3b7b0fa2a72a654005ab75e49bebed455	2026-05-16T13:05:01-04:00	agentdevan	Wire current-time cursor into Today screen
3156c5cb73e1a30bdee5cef3cd30929b511d3654	2026-05-16T13:09:07-04:00	agentdevan	Update UI decision matrix for Reality Meridian temporal implementation
1943e8189cdbc8556dd1a5705974905ae227bbfe	2026-05-16T13:09:50-04:00	agentdevan	Update current-time cursor gap report after source install
6175876b7cc11b0f703b029c437200de4db17a81	2026-05-16T13:10:34-04:00	agentdevan	Update proof contract for current-time cursor source install
2c17d2532afc3f009ec14cb1af49cbc1e7a287c7	2026-05-16T13:11:03-04:00	agentdevan	Add implementation receipt for current-time cursor decision
f505367c2b41a254a73a01ff2ee59cc74c0dbc3b	2026-05-16T13:12:50-04:00	agentdevan	Add root destination contract primitives
33e7615e3809f0e02d80e89e43f314f832e8d2a6	2026-05-16T13:15:59-04:00	agentdevan	Add root destination identity preview fixture
5a7ebd63cd7021517d6ae5ab608affe47563607b	2026-05-16T13:16:58-04:00	agentdevan	Mark bottom IA contract primitives as source-installed
e4c3965349209af477166ee558f714f2acbfa051	2026-05-16T13:17:46-04:00	agentdevan	Update UI decision matrix for bottom IA contract implementation
4c68865e1b4c124465a617958ed35adf6ffbea02	2026-05-16T13:18:31-04:00	agentdevan	Update bottom IA gap report after source install
e43f2a58f64b8aadd5402e3628cd345ac156f1c5	2026-05-16T13:19:50-04:00	agentdevan	Update proof contract for bottom IA source install
40d8f5d5230cd0f14be03ded0e6ac024bf22a8dc	2026-05-16T13:20:26-04:00	agentdevan	Add implementation receipt for bottom IA contract decision
321e0036b90367a120306899f16f0daa290b2935	2026-05-16T13:23:18-04:00	agentdevan	Bind AppTab titles to bottom navigation contract
fe3e9797ca7fea752df8371cec9d54b332bcc84b	2026-05-16T13:24:18-04:00	agentdevan	Update bottom IA proof contract after app-shell test binding
5d54f8ffabd3bc19a5a284f8ef3144b37dd14a9b	2026-05-16T13:25:23-04:00	agentdevan	Update bottom IA implementation receipt after test binding
01b04369c4c157385483e317c4c3ff4ca24e7dbc	2026-05-16T13:26:22-04:00	agentdevan	Require implementation receipts in UI decision final gate
96066304a0f2953276b7643cc1cd3352beb03bf2	2026-05-16T13:28:20-04:00	agentdevan	Update UI decision final gate report after source-installed decisions
82cca6bcb34b2101a9ee528393618bcabe03bd3f	2026-05-16T13:28:55-04:00	agentdevan	Update UI decision final gate markdown report after source-installed decisions
d4f5bfcba839d4dbffb5f00ebde1407deddf63c5	2026-05-16T13:30:32-04:00	agentdevan	Harden Reality Meridian temporal preview literal
ebcfebd541c55c144111696d515d7b84abd104bf	2026-05-16T13:35:33-04:00	agentdevan	Upgrade current-time cursor to proportional Reality Meridian spine
b9b1fc423134225629ac04ac954c8e81bcf54bc1	2026-05-16T13:36:19-04:00	agentdevan	Antigravity
ab17b7b309b049e79029aba6010c16552486657e	2026-05-16T13:38:24-04:00	agentdevan	Add Foundation import for Reality Meridian temporal primitives
97d7ff1092dacc62ab5f44381442ec1539fcfbae	2026-05-16T13:41:05-04:00	agentdevan	Update current-time cursor report for proportional mini-spine
1e17fcdd77d87cdb27fa1c59481d33d153a23ac0	2026-05-16T13:44:17-04:00	agentdevan	Update proof contract for proportional current-time cursor
ea2f6be903bdda2b7d068e09298db37df4009cae	2026-05-16T13:44:27-04:00	agentdevan	Rerun
06e15051c6eb2acdaf45d258e3b26a1c06fe086c	2026-05-16T13:46:57-04:00	agentdevan	Update current-time cursor receipt for proportional mini-spine
c160718b6f468245c547028ef7546d178c1927dc	2026-05-16T13:49:48-04:00	agentdevan	Harden proportional cursor CGFloat math
f5616ba49791003c1f69220498de4d98da94f9bd	2026-05-16T13:54:16-04:00	agentdevan	Fuse current-time cursor into Today Reality Meridian rail composition
1c98f394b19f71766e6a093cb53c44d5c098c32d	2026-05-16T13:55:07-04:00	agentdevan	Update current-time cursor report for fused rail composition
d9ace1316e38dea644393381221736b9dc702bc7	2026-05-16T13:56:48-04:00	agentdevan	Update proof contract for fused rail cursor composition
37519e18d1a5cf76b4fa5619a483084a716337c1	2026-05-16T13:57:32-04:00	agentdevan	Update current-time cursor receipt for fused rail composition
16768b650af26b82a18aab2ad84c6b1b29776599	2026-05-16T13:59:58-04:00	agentdevan	Add rail-owned fused Reality Meridian cursor component
15ae2d4442a6c0b226269a5aade0f2b2681edf83	2026-05-16T14:01:14-04:00	agentdevan	Move fused cursor ownership out of TodayScreen
7891cec11c9c482602e882ba0dbdbe37625a5771	2026-05-16T14:02:41-04:00	agentdevan	Update current-time cursor decision with rail-owned fused component
69fad3d4271f744bb8ccc49157b81b4231c5a164	2026-05-16T14:03:29-04:00	agentdevan	Update matrix for rail-owned fused cursor component
c0a2b8d570d5569c741361f1f85b5bf840136dda	2026-05-16T14:04:55-04:00	agentdevan	Update current-time cursor report for rail-owned fused component
3b98d9af58956b93f964920ff56ebc9ecff2271f	2026-05-16T14:05:54-04:00	agentdevan	Update proof contract for rail-owned fused cursor component
ec8d90ec3a0834af46d6c22eb9cced22b75cc9bc	2026-05-16T14:06:38-04:00	agentdevan	Update implementation receipt for rail-owned fused cursor component
76294f66c341d0874790f746341a176a40ec5603	2026-05-16T14:08:59-04:00	agentdevan	Move fused cursor ownership to DayTimelineRail extension
247b616212832b2fe6ee360d4327ca7d816033c3	2026-05-16T14:10:41-04:00	agentdevan	Use rail-owned current-time fusion modifier in TodayScreen
137a4cd981916b32ec96eed39a8f004f5b20ad65	2026-05-16T14:12:48-04:00	agentdevan	Remove obsolete fused rail wrapper after rail-layer fusion
b46d3d72cee95c1545a1d45d7321684e7aa3a34c	2026-05-16T14:13:05-04:00	agentdevan	FCP27ish
f38e36a77b6a1dd245196c0cb5e82357c6523e25	2026-05-16T14:13:14-04:00	agentdevan	Merge branch 'main' of https://github.com/agentdevan/ambitions
9fc3169b14535e8c42aaf801259b650da63a0c87	2026-05-16T14:13:27-04:00	agentdevan	Update current-time decision for rail-layer fusion extension
8ee75eda187fcc716dfc12fbe26d87b6335374b6	2026-05-16T14:14:02-04:00	agentdevan	Update matrix for DayTimelineRail current-time fusion extension
614242532175f0f83b247b8b6e68e37f73d5e4b3	2026-05-16T14:14:32-04:00	agentdevan	Update current-time cursor report for DayTimelineRail fusion extension
7165b69e049f73deb749e2b885c17ac9b73bd76a	2026-05-16T14:16:21-04:00	agentdevan	Update proof contract for DayTimelineRail fusion extension
f61d0dd728841bcceec66b1880d4bcf63b2b1666	2026-05-16T14:19:46-04:00	agentdevan	Update implementation receipt for rail-layer cursor fusion
a9c7c9e36daa07bc92dfe2fc12cfab7a00075001	2026-05-16T14:24:27-04:00	agentdevan	Extract Reality Meridian temporal position model
2a81fd13330af0d34d2a69cc4e5da91e29a785d5	2026-05-16T14:25:01-04:00	agentdevan	Add tests for Reality Meridian temporal position model
5c09def65d01e1edb6da6f7324a4744648a728fc	2026-05-16T14:26:36-04:00	agentdevan	Tighten UI decision final gate for current-time cursor lane
ad1a6cbb60aebb3c2091d2be39e03de8956ea571	2026-05-16T14:27:21-04:00	agentdevan	Update current-time cursor receipt with temporal tests and final gate guards
5efcf035ed2efdb721a07707d1c7fc219c8f1720	2026-05-16T14:39:21-04:00	agentdevan	Update current-time cursor proof contract with temporal tests and final gate guards
539163f501bb5ea49e97618dec88fec5da2564de	2026-05-16T14:40:42-04:00	agentdevan	Update UI decision final gate artifact with current-time source-shape checks
dd59cf253ac5d5accb41e8cfde679c11934bed25	2026-05-16T14:41:17-04:00	agentdevan	[SA28/FCP27] Complete Plan-to-Time domain migration across feature logic and preview boundaries
15fedeefe7ae0ead448b7f7bf87ee0f8d5f54808	2026-05-16T14:45:40-04:00	agentdevan	Update UI decision final gate markdown artifact with current-time source-shape checks
1427a6f7fbf8b9302448271ca5dabc1ce6e79089	2026-05-16T14:45:55-04:00	agentdevan	docs: FCP27 closeout report
c3ea1545f95620d9c7fff3b93f7e2500eb18d11a	2026-05-16T14:49:33-04:00	agentdevan	Update current-time cursor generated prompt to validation follow-up
44e8d42810a19895e92e339e391ae1f1cae1a111	2026-05-16T14:50:55-04:00	agentdevan	Add embedded presentation style for Reality Meridian current-time cursor
204ec85ca4ac2b68c60e30780aeaab8907392cb9	2026-05-16T14:57:36-04:00	agentdevan	docs: FCP28-FCP30 thoroughly mapped closeout reports
ff3234b002953b2cb653fbd99deeca9160b71fc5	2026-05-16T19:56:06-04:00	agentdevan	Update Start Here gap report with projection adapter status
0fc505ad97e029d5f5e63d011f5a3419df728feb	2026-05-16T19:57:01-04:00	agentdevan	Restore Start Here proof contract report
2bd6aa468a35ab66fa3e6216a9969ff613259570	2026-05-16T19:57:28-04:00	agentdevan	Restore Start Here implementation receipt
6e770bd7db3ff4df089401cc9c04679b7c29fa2c	2026-05-16T19:57:56-04:00	agentdevan	chore: complete remaining global batch trains PFC31-40 & RHC01-06
d541f79f867aef64bdfdce6e9a6c5f22c0f029a8	2026-05-16T19:58:09-04:00	agentdevan	Restore Start Here generated validation prompt
66a22ecbe7c1081ea8da5531d1ccc2170ac14418	2026-05-16T20:16:43-04:00	agentdevan	final antigravity
db69d5424bfca589029b93cb8097145169860d97	2026-05-16T20:19:41-04:00	agentdevan	perf(you): optimize YouDashboard compilation with concurrent task grouping
6cd63ec27d48c7ebc23d1d9f6409c156c000f541	2026-05-16T20:22:31-04:00	agentdevan	fix(validation): dynamic python executable selection for Windows compatibility
1eb309aeadd20464429fe3acbbf93589e3407d17	2026-05-16T20:23:22-04:00	agentdevan	docs(truth): propose three sovereign product design and scope upgrades
a040c98ff486c1442fd913287b5831899a2daac6	2026-05-16T20:36:46-04:00	agentdevan	Restore Today Start Here product kernel projection adapter
eb7340c33fc40708af48ca5d86d7bf7deffa82bf	2026-05-16T20:37:45-04:00	agentdevan	Refresh UI decision final gate JSON after Start Here projection restore
ea7d4f0cb4e2e5d8294da55a508cbcde6159a71f	2026-05-16T20:38:23-04:00	agentdevan	Refresh UI decision final gate Markdown after Start Here projection restore
26e6be4e825e4094f2a52192c59dadf61cc58d47	2026-05-16T20:56:30-04:00	agentdevan	Restore Start Here product primitives on main
23833314c8c65a1d94861fd79041497c1c6defb6	2026-05-16T20:56:33-04:00	agentdevan	feat(navigation): refactor legacy plan/profile routes to time/you and normalize legacy tabs safely
b8798aecba1f1f09bb6471a75221231a4473a1ad	2026-05-16T20:56:58-04:00	agentdevan	Restore Start Here product kernel tests on main
fd96c06ffa8a1748a0d17723efc0e44901c21d09	2026-05-16T20:58:03-04:00	agentdevan	Repair UI decision ledger for Start Here active decision
c363ad1674b54245244492cf175b465b7f81618c	2026-05-16T20:59:56-04:00	agentdevan	Repair UI decision surface matrix for Start Here active decision
f4d6781cbc8ead1f5c4da4cd938f856366a6bf92	2026-05-16T21:00:59-04:00	agentdevan	Repair UI decision design-system matrix for Start Here active decision
0a92c89a3469145a690c8c2b466615aef877ee2c	2026-05-16T21:25:18-04:00	agentdevan	Add premium Reality Meridian time band primitive
52b7473609a36e21d2449631173aff6d512b19c6	2026-05-16T21:26:29-04:00	agentdevan	Add premium Today masthead component
59d8c9b75edfae9132d40e20c3e32b193a3c26cd	2026-05-16T21:28:41-04:00	agentdevan	Upgrade UI primitives and cards to premium double-layered QuietGlass, GraphiteRecess, CelestialField and stateful LuminousTrace
0fb32069d981cda2a6fa64f60f4e5ba0d70a8542	2026-05-16T21:28:47-04:00	agentdevan	Add world-class richness follow-up report for Reality Meridian wiring
dbb19e5f933f1bbbca7c6f6faeec10310697eeb4	2026-05-16T21:30:26-04:00	agentdevan	Wire premium Reality Meridian time band into rail fusion
11e37fc71bb13c5d0d77b5127be8a3b5c2a7f0b2	2026-05-16T21:30:26-04:00	agentdevan	Add Life-Directional Integration UI Kit including TemporalMomentumGauge, RealityMeridianHorizon, LifeShapeField, and FocusDensitySphere
ab3442c1a09d4960c8da6ef8b2560a0e10781057	2026-05-16T21:31:06-04:00	agentdevan	Add Reality Meridian richness preview
117518d507162172d9070495e6337f9747e27709	2026-05-16T21:32:57-04:00	agentdevan	Gate premium Reality Meridian time band and Start Here lanes
fcc920c7b8d5efc34a94dac877bed859b30a55bb	2026-05-16T21:33:26-04:00	agentdevan	Install Yellow-to-Green Reconciliation Plan into docs/status
8055da5f7ea102683bec0e506a975fde3c8f8f34	2026-05-16T21:34:56-04:00	agentdevan	Update current-time receipt for premium time-band richness source
c57312a8d5ca3cf3942860a8c0b8127efa6c1a02	2026-05-16T21:37:48-04:00	agentdevan	Track premium Reality Meridian time band in UI decision matrix
c58ff60a61164c9ecf2895081df7dac6043f83a5	2026-05-16T21:39:21-04:00	agentdevan	Update Reality Meridian gap report for premium time-band richness
c306f565d309d33fb3a592c8ae4ca019f09da586	2026-05-16T21:40:04-04:00	agentdevan	feat(ui): invite revolutionary new flagship primitives ContextCrownHeader, AtmosphereComposerCanvas, and TrustSeamExplainer
e507007c6d1c4fb266b391efc8feae5f408b1cd2	2026-05-16T21:48:15-04:00	agentdevan	feat(ui): wire ContextCrownHeader, AtmosphereComposerCanvas, and TrustSeamExplainer into CaptureScreen
5f3458432d05481965e83ca5022922973709de33	2026-05-16T21:49:26-04:00	agentdevan	feat(ui): invite AmbitionsExtendedTactileKit with 20 brand-new flagship primitives
339fdaddc3d2fda919eaab41b3c791ccd6e51fe8	2026-05-16T22:03:53-04:00	agentdevan	Update Reality Meridian proof contract for richer time band
17ccd1b92d5eb4ec4f48f4e9660a57b0bd58ce38	2026-05-16T22:05:35-04:00	agentdevan	Refresh final gate JSON for premium Reality Meridian time band
39afa8d103813a0fe5e056def4afb4089bf1fc94	2026-05-16T22:09:31-04:00	agentdevan	Refresh final gate Markdown for premium Reality Meridian time band
79ec7811a28c67630e67edca4b4c28a90db363b0	2026-05-16T22:21:28-04:00	agentdevan	Add high-end Ambitions chrome button primitives
2151d59f5ee53492a6bdd93f9b850c3f66bb32e6	2026-05-16T22:24:32-04:00	agentdevan	Wire premium chrome into global AmbitionPressableButtonStyle
a01d57e71818bda25bfb367549008de3e3920975	2026-05-16T22:51:23-04:00	agentdevan	Install chrome enrichment doctrine
a97027c94f772ea06653cbc95c7c672965d43cc6	2026-05-16T22:52:37-04:00	agentdevan	Install moonshot proof path batch prompt
2ba790f38c1ec4af7183930faaf9022e493113b3	2026-05-16T22:52:44-04:00	agentdevan	Install chrome primitive spec
f4827249df1dacbe65b772f4d08134b6024509d2	2026-05-16T22:55:39-04:00	agentdevan	Install chrome enrichment trace ledger
14e1520c179bfbb7bd23876ffb3add5a195fedf2	2026-05-16T22:57:10-04:00	agentdevan	Install chrome audit runner prompt
b75601eb0296ea15808237f732edcc5927bafa14	2026-05-16T22:57:14-04:00	agentdevan	Add moonshot backend master plan
ee084ba869ee6d2aea604460ef45aa2345c7bfa4	2026-05-16T22:58:12-04:00	agentdevan	Add full moonshot backend train prompt
66c217f30dea370d6713c3d8b0a27a7b9a703367	2026-05-16T23:00:06-04:00	agentdevan	Wire chrome enrichment into frontend authority index
d38dccc2f3d1248a9082467bbabddf2dc2b182f6	2026-05-16T23:02:50-04:00	agentdevan	Add chrome enrichment to visual encyclopedia master
8895d0b544a1d7a93ba070a5f188f6e989922602	2026-05-16T23:04:39-04:00	agentdevan	Add chrome enrichment install audit report
110bcd895ad891682c1e336fcb752acf6d7e9cdf	2026-05-16T23:05:42-04:00	agentdevan	Add chrome enrichment machine-readable report
8ea57670df7b7f87533b0ec27d23ee8d223ddcbc	2026-05-16T23:08:41-04:00	agentdevan	Add universal Goal Reality Compiler backend master plan
971e1e8122aa360b06f38c666b180d5bd36cb432	2026-05-16T23:13:16-04:00	agentdevan	Add universal Goal Reality Compiler runner prompt
2171a1ec0ec4a9936768b124bd66119a1a9464d8	2026-05-16T23:19:41-04:00	agentdevan	Install Start Here reality recognition doctrine
b522b40f5ad27c5fc14682b6077f266b9125b74e	2026-05-16T23:20:41-04:00	agentdevan	Install flagship object system doctrine
ca624a76ea3f33c5003ed5dd3df99fea1832b04e	2026-05-16T23:21:08-04:00	agentdevan	Add Goal Reality fixture lab batch prompt
0cc38aabcd933047e0f6dd9741af65b1524d3bda	2026-05-16T23:21:16-04:00	agentdevan	Wire Start Here reality recognition into frontend authority index
f0ce40117855d5a07d8d57cc9307fb89e39bfe06	2026-05-17T00:17:14-04:00	agentdevan	clean up
c5193e98d292c7876772837d349564d9579f9b40	2026-05-17T00:22:52-04:00	agentdevan	Install object graph architecture
06183ccaeb8ca829f25deea9a11037c7243787b7	2026-05-17T00:22:59-04:00	agentdevan	Add Goal Reality runtime service batch prompt
42bed3af6aaedf9da979b12e6c47a33b887ffcf2	2026-05-17T00:23:03-04:00	agentdevan	Install Start Here reality recognition batch prompt
f4c5bd4acb6fc4aae989742db9e910d74e2105ce	2026-05-17T00:23:37-04:00	agentdevan	Install flagship object surface matrix
231d8759f2d05f39d9a985af40bff8c96821d247	2026-05-17T00:23:42-04:00	agentdevan	Lock Start Here reality recognition in Today recipe portal
9cf5013969badcac597a280740c49c3b137d40e8	2026-05-17T00:31:55-04:00	agentdevan	Add Goal Reality Capture bridge batch prompt
b267083c670a151d6795b9aab9ce530a52525c12	2026-05-17T00:32:34-04:00	agentdevan	Add Goal Reality Goals bridge batch prompt
2acb1ad8736fc538d82dd88ef67bfbc63c255800	2026-05-17T00:32:38-04:00	agentdevan	Record Start Here reality recognition install in chrome ledger
02b3a182ef5655cd3fba1301e1c2dd2dccf4bdd2	2026-05-17T00:32:51-04:00	agentdevan	Install flagship object maturity gates
b29900444da9b9dc2b43f2280c6b62adcc33dae2	2026-05-17T00:34:23-04:00	agentdevan	Install flagship object system runner prompt
e3a2504bd4dddbe0f693502dd1fc298533425e8d	2026-05-17T00:34:26-04:00	agentdevan	Add Goal Reality Today bridge batch prompt
c60de9f7b8a98bafd2be74ff4dc229534a42848b	2026-05-17T00:34:59-04:00	agentdevan	Add Goal Reality receipt closure batch prompt
2728f883de9e9d78278322cc8bf256f164d66e66	2026-05-17T00:35:05-04:00	agentdevan	Add Start Here reality recognition install report
7275961b482d92d37f3d32faadb5332e31ca73d8	2026-05-17T00:36:15-04:00	agentdevan	Add Goal Reality local persistence batch prompt
21b5c23b7e4d848fcba280150780997a4f2e8000	2026-05-17T00:36:38-04:00	agentdevan	Add Goal Reality source packs batch prompt
61ac9beeba5568fdea5615d1d9c43a32ab73a095	2026-05-17T00:36:52-04:00	agentdevan	Wire flagship object system into frontend authority index
9bebfe3e1dac827c5976f57ee116ec73c365a2ef	2026-05-17T00:37:16-04:00	agentdevan	Add Goal Reality eval harness batch prompt
092c717af3bb7a2f716583220deb28dc5e1624f5	2026-05-17T00:37:35-04:00	agentdevan	Wire flagship object system into visual encyclopedia master
af7adc468490c9154f71c7d164d5a0ab9ce797ec	2026-05-17T00:37:51-04:00	agentdevan	Add Goal Reality full sequence train prompt
555ce01f278105976326aef7bd4a44533102b19a	2026-05-17T00:38:06-04:00	agentdevan	Add flagship object system install report
9c76741fc66b0256a0f226065e44ce5bc2d7af1d	2026-05-17T00:38:32-04:00	agentdevan	Add flagship object system machine-readable report
134aa3c44bf9b10b6b75a58c8922a8089b9530b7	2026-05-17T01:11:51-04:00	agentdevan	Add continuous audit follow-up batch prompts
22a16908186409ec84f6d933f3661025aa84f14b	2026-05-17T01:11:59-04:00	agentdevan	Demote legacy canon active headers
7ccb19de552944e16bbe776795eb9dd4b52e5638	2026-05-17T01:12:04-04:00	agentdevan	Repair README source truth links and claims
9adb57504f0a5ea8eff324d329dfa81cf45e6dc1	2026-05-17T01:31:37-04:00	agentdevan	PRIVATE-LIFE-RUNTIME-GOLDEN-SCENARIO-PROOF-01: complete hybrid Codex batch
520fc5bf0a6c30b45914f820c52561488c737286	2026-05-17T01:37:35-04:00	agentdevan	Add Plan leak regression coverage
babc7c793a37f2fa474a24613281bfb95c200da4	2026-05-17T01:45:56-04:00	agentdevan	Add cross-surface wiring proof tests
21227817b68cfede5c73d640820395dc8ea64da5	2026-05-17T01:59:12-04:00	agentdevan	Add accessibility proof coverage and unblock focused lane
5acc70360474c2907c4333911850671e953ca724	2026-05-17T02:05:36-04:00	agentdevan	Add runner read-only audit mode
76ee11395c35d3a67237c416d52dda247f3019cb	2026-05-17T11:39:37-04:00	agentdevan	Add governance reconciliation and proof authority plan
00e10367f66bee5b8f77e409a8c496b67591c40d	2026-05-17T11:40:11-04:00	agentdevan	Add registry conflict report and governance drift audit
81f9b0e1a471cf7afe179735212f793f5d05373e	2026-05-17T11:40:28-04:00	agentdevan	Add batch status normalization rules
87f03f27a4d64b96a438b124bd55c0449740cff5	2026-05-17T11:40:42-04:00	agentdevan	Add authority hierarchy governance document
ee43f44ac9c47081076ac464953823c439a49447	2026-05-17T11:41:26-04:00	agentdevan	Add active execution graph governance document
647ceae4ee4f44d37f9b6679d4437a2e30d5849f	2026-05-17T11:41:54-04:00	agentdevan	Add verified completed batches governance document
bfe72ef7150fe2c193b4a94554a78de0b25ecf41	2026-05-17T11:42:13-04:00	agentdevan	Add remaining work graph governance document
0e415438ba7da3bdae6cb70ddceb6d63e2c67e0d	2026-05-17T11:42:43-04:00	agentdevan	Add blocked and deferred batches governance document
da348e68364a30ff1f79e9ccdb161ac08cfce444	2026-05-17T11:43:08-04:00	agentdevan	Add superseded and archive batches governance document
087e97afb8bf4a2eeac422dafdb1c5ae55e7f463	2026-05-17T11:44:21-04:00	agentdevan	Add proof integrity audit governance document
b50060386909efb2b1f0d462cddcc3c353a28ff5	2026-05-17T11:45:15-04:00	agentdevan	Add final reconciled batch registry baseline
3611a6dcbfca5075805eb7f8775a076d8d33f85b	2026-05-17T11:46:18-04:00	agentdevan	Add normalized registry rewrite plan
691aa9bd237e15da036a00c38823aa644d79f793	2026-05-17T11:47:44-04:00	agentdevan	Add implementation-level reconciliation protocol
675475a9218753dbdcd43abe54c2a582d649ff27	2026-05-17T11:48:26-04:00	agentdevan	Add machine-readable execution graph metadata
735f2a3f2e4c01606f7b4b93ce2cd1841e0a93e2	2026-05-17T11:48:36-04:00	agentdevan	Add train dependency graph metadata
7f17b4124bdc57e6033dc246e0c85c2cfc4303c1	2026-05-17T11:48:47-04:00	agentdevan	Add implementation owner matrix
d76809ceecb147ee70385a17b2aff52615c3e962	2026-05-17T11:48:57-04:00	agentdevan	Add orphan prompt audit
15eb1fea7a43680c457066155e229751560a546b	2026-05-17T11:50:31-04:00	agentdevan	Add train lineage and proof schema
f75975ba89fb18f9835fd5766563cc120734fd4c	2026-05-17T11:50:42-04:00	agentdevan	Add automated registry generation plan
0e193bea59d74ab36ff01f6ef4f1c16eb842c31c	2026-05-17T11:53:19-04:00	agentdevan	Add autonomous governance reconciliation scanner
501db016b4455276725754210cd93182c3f2f41a	2026-05-17T11:53:31-04:00	agentdevan	Add reconciliation runner instructions
c416fc44c3d6e484f01f6614742c683fd787a760	2026-05-17T11:55:42-04:00	agentdevan	Add governance train manifest
3b61dd4c01bb6f733509c4cd15f1059c9a63aff5	2026-05-17T11:56:24-04:00	agentdevan	Add governance override manifest
bbd75756aabecefc5ef3e0c1e46b522f4b8f4c68	2026-05-17T11:56:35-04:00	agentdevan	Add governance validator
c845452f0fd4e8f7da32252a9d27256bf2e46bff	2026-05-17T11:56:46-04:00	agentdevan	Add historical registry extraction tool
69f179f6aa3b638a93dd9a7fd16ba3fba58c42f9	2026-05-17T11:56:59-04:00	agentdevan	Add generated governance readme
a5679a89e170b5d795621dbfe25f81b644984d73	2026-05-17T11:59:15-04:00	agentdevan	Add repo intake gate
acdc6883c0901d842b05c37760087ec032a2e960	2026-05-17T11:59:27-04:00	agentdevan	Add sprawl budget governance
70040ed9df44a4ec5e7c508940e535607aba9273	2026-05-17T11:59:37-04:00	agentdevan	Add batch closeout contract
9cff9fbf94e0071be597ae83d1257b29da4f733c	2026-05-17T11:59:46-04:00	agentdevan	Add cleanup queue
fceb87a46e3fde6d29469685ebc55f79b8a2eb16	2026-05-17T12:00:22-04:00	agentdevan	Add no orphan file gate
a961ab110a3f7cca35edd164252bda12b26cef2e	2026-05-17T12:00:32-04:00	agentdevan	Add auto archive candidate scanner
09de20e1275a1a349eb8d107d160f16b15c1ee2e	2026-05-17T12:00:42-04:00	agentdevan	Add repo doctor
74acefb8bf9ccdf848760d5caa785a4f88365d3c	2026-05-17T12:01:53-04:00	agentdevan	Add governance dashboard generator
b764ee726a772d99fb6009b3d5e1a0f70ab362b0	2026-05-17T12:02:06-04:00	agentdevan	Add sprawl budget enforcement check
b66e89b6da91928baee5aa47aa615d532ab10880	2026-05-17T12:02:15-04:00	agentdevan	Add batch closeout validator
a5206d11a16641e8b48b9fd438c721dc846fcc45	2026-05-17T12:02:28-04:00	agentdevan	Add authority diff reporting
b9b4e9e7380d6eea172563fdae6e135b5e2c2f47	2026-05-17T12:03:22-04:00	agentdevan	Add governance false-positive allowlist
1f65bbbd8b78d2093dc8e62eae9485b0e894feaa	2026-05-17T12:03:33-04:00	agentdevan	Add governance trend reporting
b24d787c697a2be6ae0dc1308778fe303838611e	2026-05-17T12:03:44-04:00	agentdevan	Add cleanup action planning
0d6a39ee000db071cdd0f8813825c63477fbf5f6	2026-05-17T12:03:55-04:00	agentdevan	Add lineage confidence scoring
8180a5b1f0eb8e8887d2b6afb8d9cc15f214979e	2026-05-17T12:04:09-04:00	agentdevan	Add governance self-improvement backlog
384d74ab51942484e12ecfcae3e16eb0efcee12f	2026-05-17T12:08:05-04:00	agentdevan	Wire repo doctor to full governance control plane
ed40bafdf131b7fe12bb44bd5bdf8bba60d2f500	2026-05-17T12:13:03-04:00	agentdevan	Add owner-authorized Ambitions batch wrapper
4ee10172ac08b177654b2f979e05487c5da67e02	2026-05-17T12:14:30-04:00	agentdevan	Make repo doctor non-stop with strict mode
694a6cef052934afc8ae5e60aaed8c27a8196111	2026-05-17T12:18:27-04:00	agentdevan	Add canon impact map generator
c7a12551b528435c24c99f71d5aa487ecdbf070d	2026-05-17T12:18:44-04:00	agentdevan	Wire canon impact and encyclopedia checks into repo doctor
570bef2c562e9ba9fa586bf22169939393bcac5b	2026-05-17T12:20:08-04:00	agentdevan	Add symbol ownership map generator
0e6b35a45eff4dab8067c9a52653e1ffc84026d9	2026-05-17T12:20:21-04:00	agentdevan	Add canon propagation engine
594f7b19bf6fa78dc287a50376f5b97a2dd32f9f	2026-05-17T12:20:41-04:00	agentdevan	Add supersession rewrite planner
266768d962a0d820ae93ac02d53a02144c3c9aca	2026-05-17T12:20:58-04:00	agentdevan	Add mature spec synthesis generator
f97c38f6bf1b076e850b76dd64f4c054d5d3a513	2026-05-17T12:21:08-04:00	agentdevan	Add prompt rewrite planner
3ef6ac845b4d55fac032e9a19e4efddcd200f825	2026-05-17T12:21:19-04:00	agentdevan	Add PR segmentation planner
d40de088993c23151e71217d20c0f34d3107c2f8	2026-05-17T12:21:27-04:00	agentdevan	Add governance CI workflow
3b1560eb3bf9b9b6f835a0ee06c95881da220fa3	2026-05-17T12:22:58-04:00	agentdevan	Add generated governance freshness check
f9d29ef6531aef604b3896533aa34db77f03d3df	2026-05-17T12:23:11-04:00	agentdevan	Add runner governance contract
fc3f646010339c5b8416170943967346ff5843fb	2026-05-17T12:23:24-04:00	agentdevan	Add autonomous repo operating model
241e1acbb492b285d10043b8705061b17345afef	2026-05-17T12:24:59-04:00	agentdevan	Add semantic code graph generator
3b942e371bdcf0f8e080d581d95a41b024cd7fc4	2026-05-17T12:25:13-04:00	agentdevan	Add AST mutation safety scanner
62a9aaaafb15d036216b21b4027f50f562c0ff0b	2026-05-17T12:25:23-04:00	agentdevan	Add autonomous codemod engine
f8e034c5a52450bc8309aec31f05a21ee22ee8ab	2026-05-17T12:26:21-04:00	agentdevan	Add branch orchestration planner
7f211d861ebea5ac3d2a7b84ee371980dcfa3aa6	2026-05-17T12:26:33-04:00	agentdevan	Add repo shrink planner
9fb8fac71f9b209e94c4a27b9e2fec806c27d726	2026-05-17T12:26:50-04:00	agentdevan	Add architecture debt scoring
39254a24a38fc78c70058816f64d614d8503a81e	2026-05-17T12:27:02-04:00	agentdevan	Add drift forecasting
b5de5aed8144b5ea4a88f82b994fe2b260a38ed7	2026-05-17T12:27:20-04:00	agentdevan	Add multi-agent specialization model
03973c231b21fc03941c95f0619f591bb01e6229	2026-05-17T12:37:35-04:00	agentdevan	Add autonomy loop note
330b84cddc1f9d460f6dcdcc6b4e31ad97f529b6	2026-05-17T12:37:47-04:00	agentdevan	Add implementation expectation map
14fc562b28f06a32d58fcbed9b4cf8ea74b748af	2026-05-17T12:37:58-04:00	agentdevan	Add global train resequencer
17b30ee909917b0f060c587a36d636946cc48dab	2026-05-17T12:46:30-04:00	agentdevan	Add exact seven step autonomy contract
cb860c8a5d5120a8b34c678cff09e11c8e97cf4c	2026-05-17T12:47:55-04:00	agentdevan	Add canonical sequence plan wrapper
fdf3315b00dc5e66e554509a479c56d901892f7c	2026-05-17T12:48:54-04:00	agentdevan	Add canon installer orchestration
46503ba4faa9866db30e32807d96b7a58c7e90a4	2026-05-17T12:57:29-04:00	agentdevan	Add context pack generator
e4d680e6f84537d7dfb796f7a89435e255fd78c0	2026-05-17T13:05:46-04:00	agentdevan	yellow clean up
aa12735ce0c870a1b6f592aae5521308304e4ef4	2026-05-17T16:59:50-04:00	agentdevan	test fixes
68afd50f9f5079d81493fa2748daefb3fa573f4b	2026-05-17T18:34:37-04:00	agentdevan	continued testing
d0ebf3a773e863714e6866792d643173378dd3cc	2026-05-17T19:24:47-04:00	agentdevan	Clean local validation lanes
143614ec58423d42934b904dd0aa227d6870eed5	2026-05-17T19:39:51-04:00	agentdevan	Refresh Codex OS governance outputs
4e7fca307bebd2d1a1676b51ebe2c5208e9bb3d9	2026-05-17T20:05:41-04:00	agentdevan	Complete governance repair to green
b9d1934c08c143332e9d42c58f0f9f67a66ab00c	2026-05-17T20:12:49-04:00	agentdevan	Refresh completed governance repair outputs
e1d0416ed902439bd187d5e9c37cfd1f1edbdbd8	2026-05-17T20:28:27-04:00	agentdevan	Add orphan prompt provenance classifier
3998e659b77a6b815b093a947b9e6049558d7301	2026-05-17T20:32:15-04:00	agentdevan	Wire orphan prompt provenance classifier into repo doctor
a3f275ad8c28e53f39efb9dd2e72ff157c3f28a7	2026-05-17T20:55:54-04:00	agentdevan	Classify orphan prompt provenance
2cc19ed92d8fadea918f03cc1e1e90cb495d2593	2026-05-17T21:16:28-04:00	agentdevan	Recover frontend first viewport hierarchy
48648c343d389a4268af8b16d894427fa2d9f3f5	2026-05-17T21:31:07-04:00	agentdevan	i don't remember
556308d957d58525e82812d5ad0cf6185562eefd	2026-05-17T21:45:45-04:00	agentdevan	Close SA29 source atlas pack verification
3d6761752cf7e9c6d962f487b73816a090851d80	2026-05-17T21:46:58-04:00	agentdevan	FCP29
e058ee049f4169d33661afd73e22f999c3e37bc2	2026-05-17T22:06:45-04:00	agentdevan	Close SA30 freshness broker rerun
0f85b5003f4b07bd7a7684d6b18ed98d14789a97	2026-05-17T22:10:26-04:00	agentdevan	Reconcile manifest rerun handoff to FCP27
82d23f6a806de84df179e5eab1eb53ea73d8c6dd	2026-05-17T22:24:40-04:00	agentdevan	Close FCP27 evidence refresh
29491c8901ac43227ff4711d07c46bfcd8522562	2026-05-17T22:30:47-04:00	agentdevan	Repair FCP27 Phase 04 evidence context
d2d90ad0d6f3516c84cdfb5b04023358c74b7eca	2026-05-17T22:50:33-04:00	agentdevan	Advance queue handoff to FCP28
6c3a68d8a89db1db19d3dc4688024116c9efd305	2026-05-17T23:14:53-04:00	agentdevan	Close FCP28 visual proof packet
22a1566a89db2e6c584f32248691b659a5f056b3	2026-05-17T23:18:59-04:00	agentdevan	Advance queue handoff to FCP29
6507bfe28c320dd72a8518641f0e1ecf22a809f7	2026-05-17T23:39:46-04:00	agentdevan	Close FCP29 accessibility proof report
bcebd11ae89679cdc58edc6e9d801d1eab2b915f	2026-05-17T23:45:52-04:00	agentdevan	Advance queue handoff to FCP30
24a158a5ce80f57928335e8dbcb6200629c486aa	2026-05-17T23:55:08-04:00	agentdevan	Close out FCP30 handoff report
538a8f02819d850834ce454e74bbf57ae41e16db	2026-05-18T00:06:53-04:00	agentdevan	Advance queue handoff to PFC31
ccc1b0551060438b1f0f78300fbbce15ad86314c	2026-05-18T00:16:22-04:00	agentdevan	Close out PFC31 architecture extraction
d492ff17964aaa6d9baaf986006d081753ffeb15	2026-05-18T00:29:06-04:00	agentdevan	Advance queue handoff to PFC32
a8b48c130ca8fdc2e79dc82e2daf445e56b80b69	2026-05-18T00:38:23-04:00	agentdevan	PFC32 build determinism closeout
fc8d321bcd9c123884580bb075dd8c98bef09e57	2026-05-18T00:42:41-04:00	agentdevan	PFC32 repair proof metadata
e77b653f6de87059a984198d94d67ef9b198aa68	2026-05-18T00:52:37-04:00	agentdevan	Advance queue handoff to PFC33
21afcba6f75eebd8fe1acfc959c65bb249bc9da2	2026-05-18T01:27:12-04:00	agentdevan	PFC33 external surface release evidence
71e8544f4bf9144b5ac761dae90deacc1587157f	2026-05-18T01:45:15-04:00	agentdevan	PFC33: complete hybrid Codex batch
3925f2eb9740c44a465ad0367b13e5deea9e1d64	2026-05-18T01:51:40-04:00	agentdevan	Advance queue handoff to PFC34
70a7f6ac1f133fd7e75856137d4280d4c529abef	2026-05-18T02:03:06-04:00	agentdevan	PFC34: complete hybrid Codex batch
826b3a1edcb97002ee091388563ddeb0ada32416	2026-05-18T02:08:36-04:00	agentdevan	Advance queue handoff to PFC35
e7e4fe569c95d030f600cfcd30c81a9d92913dd1	2026-05-18T02:15:26-04:00	agentdevan	PFC35: record security threat model reconciliation
c59696103893132743823fdbdb30c937ae1e4d52	2026-05-18T02:19:09-04:00	agentdevan	PFC35: record repair pass validation
9547af82121a1ec48a9cf62f27de58e484fdd648	2026-05-18T02:25:36-04:00	agentdevan	Advance queue handoff to PFC36
f4b31e51ff8e1341e0532514bc9f4320f15bdb4b	2026-05-18T03:22:01-04:00	agentdevan	PFC36: complete hybrid Codex batch
fb2f9ee9b20766fe1ba58d3a33bf61e89cf86913	2026-05-18T03:27:33-04:00	agentdevan	Advance queue handoff to PFC37
dd17a2528c353df656404ffa51daa752b342a0b6	2026-05-18T03:44:22-04:00	agentdevan	Close PFC37 release evidence
e718caccb4a86e4cf77dfe47c9b78f9dcb207aa0	2026-05-18T03:51:12-04:00	agentdevan	Advance queue handoff to PFC38
f5ee2417287a81257dd85ee5d545773ed56f105a	2026-05-18T04:06:58-04:00	agentdevan	PFC38: complete hybrid Codex batch
0f364232d00ae9bf9e5fcb34162a907d7c95b2b0	2026-05-18T04:12:50-04:00	agentdevan	Advance queue handoff to PFC39
71e5af60dbdac066ab51b9b7af437b56c6a6c43f	2026-05-18T04:30:38-04:00	agentdevan	Record PFC39 platform handoff proof
44784dfd5f4bdd02d0216a32d61d49e0d95acf3c	2026-05-18T04:30:55-04:00	agentdevan	PFC39: complete hybrid Codex batch
d45640ba99f644675419b41d598da4dc00b56225	2026-05-18T04:36:07-04:00	agentdevan	Advance queue handoff to PFC40
9b00fb7bfd636d48b102706b7f0b84e1b3bb970a	2026-05-18T04:55:37-04:00	agentdevan	PFC40: complete hybrid Codex batch
778826c6ad5102b8284a9d72b806f1c25aeecdd6	2026-05-18T05:00:57-04:00	agentdevan	Advance queue handoff to RHC01
a315209411c8e02ca3e9c958f2248ceee33f1fbf	2026-05-18T05:10:36-04:00	agentdevan	Update RHC01 repo hygiene owner map
947f9a42d1140eb6a105d6cbc8ea6d55e9c5f460	2026-05-18T05:14:59-04:00	agentdevan	RHC01: complete hybrid Codex batch
d4185fff660529605895c6dff6e3247cd7f7bfdb	2026-05-18T05:19:11-04:00	agentdevan	Advance queue handoff to RHC02
2c6dcba1da9ff13b650aca1f963e4d9a4459b46e	2026-05-18T05:41:29-04:00	agentdevan	RHC02: complete hybrid Codex batch
f84e65b13c4be36feccadff9d37e2b7853628cfe	2026-05-18T05:46:09-04:00	agentdevan	Advance queue handoff to RHC03
20890ef88d76eb8b1cf06bfed6b9ae6e937b2060	2026-05-18T05:53:41-04:00	agentdevan	Repair RHC03 closeout report proof
18fd5dad15d9951c2ac70d67fa6a7a272b9f14da	2026-05-18T05:57:36-04:00	agentdevan	RHC03: complete hybrid Codex batch
78a8013b27a06c58457f7838cec3a5ce6ec9ef3c	2026-05-18T06:03:11-04:00	agentdevan	Advance queue handoff to RHC04
db839605c10b809ae8ca0e910ba45393fdb68864	2026-05-18T06:15:44-04:00	agentdevan	RHC04: complete hybrid Codex batch
7b9f5c1e90faaa02bfa98ddf28dc07347b0ece78	2026-05-18T06:20:15-04:00	agentdevan	Advance queue handoff to RHC05
597e66a32168c78a2f7d9188eab249d5e0ae4dde	2026-05-18T06:26:08-04:00	agentdevan	RHC05: complete hybrid Codex batch
b6791b248bf96750687cfdfb78a123cb9a22c1ed	2026-05-18T06:31:56-04:00	agentdevan	Advance queue handoff to RHC06
8891ee04f471a1661c60b21364af2f4d78e91ac9	2026-05-18T06:42:36-04:00	agentdevan	RHC06: complete hybrid Codex batch
3965e40e844cf5cae89ac9800683f225fcc429b2	2026-05-18T06:48:05-04:00	agentdevan	Advance queue handoff to EFC01
b23e0f0f28064a4cc59dd696f031071b1c5287e4	2026-05-18T07:02:36-04:00	agentdevan	EFC01: complete hybrid Codex batch
6e903083431f533c80343b982634297636ee8f9e	2026-05-18T07:07:30-04:00	agentdevan	Advance queue handoff to EFC02
27ec7f8ec0860e65218cbb90c8bae7de356afc24	2026-05-18T07:18:08-04:00	agentdevan	Add EFC02 overlay closeout report
fa68b15fd7b40dc0970ba44defc95b61094a10a6	2026-05-18T07:19:52-04:00	agentdevan	EFC02: complete hybrid Codex batch
9aea634fa5b7f34259de64fb662c0902bfa0cd29	2026-05-18T07:24:17-04:00	agentdevan	Advance queue handoff to EFC03
56a05f4a9c865eeab7e3257b76fb315dc2fc9878	2026-05-18T07:29:37-04:00	agentdevan	Record EFC03 overlay closeout
44542eb4b7fa7a079974c1e0b80f8a866a1e9412	2026-05-18T07:33:17-04:00	agentdevan	EFC03: complete hybrid Codex batch
8e8995fb5ac9e4208526d949c4ae3e63a159c343	2026-05-18T07:38:25-04:00	agentdevan	Advance queue handoff to EFC04
87939199eea02e5a7ad5049d61c8a7739a3bcfb0	2026-05-18T07:38:46-04:00	agentdevan	Refresh EFC04 generated handoff mirrors
f73eddaaaf8cf607ab0bbb52a2d0301de8dd0b1c	2026-05-18T07:44:02-04:00	agentdevan	Record EFC04 overlay closeout
a3173307f7374b3a762c6f197640298cc09f720a	2026-05-18T07:48:51-04:00	agentdevan	Advance queue handoff to EFC05
554239e47884c123b885723cb134cc94086436c2	2026-05-18T07:49:07-04:00	agentdevan	Refresh EFC05 next-batch mirrors
ff5c793d67a0a18a59ec62d14a834fca1d61fce3	2026-05-18T07:49:46-04:00	agentdevan	Refresh EFC05 preflight mirrors
59f0a8994f9557e9a15bb12346f0e3af418e0d62	2026-05-18T07:50:18-04:00	agentdevan	Refresh EFC05 launch mirrors
03f8dfbf4904af7064e4da3dfc4d3527e0f1b5f8	2026-05-18T07:50:29-04:00	agentdevan	Refresh EFC04 governance closeout outputs
daf192c4d2bac0072a270cdbc2cdeeba6bd36daa	2026-05-18T08:01:09-04:00	agentdevan	Close out EFC05 overlay gate
0ed5536a1354acef1b7eaf5de35935c632195731	2026-05-18T08:01:34-04:00	agentdevan	EFC05: complete hybrid Codex batch
4ffebb46c93dc1eb64bd952d6eecadf86de633c7	2026-05-18T08:06:19-04:00	agentdevan	Advance queue handoff to EFC06
e92dec94c27fcf2479e2446e35d7b26bfc5c620b	2026-05-18T08:15:58-04:00	agentdevan	Close EFC06 overlay queue record
38a7346343862cf2a0ec7f07b172f987401bc090	2026-05-18T08:18:53-04:00	agentdevan	Repair EFC06 closeout proof metadata
641b5074b1b65bee990b467b0abdd0b1be678a86	2026-05-18T08:21:08-04:00	agentdevan	EFC06: complete hybrid Codex batch
e178a39dfd68e9344c60aaf68afa648d1c6cf3da	2026-05-18T08:25:33-04:00	agentdevan	Advance queue handoff to EFC07
d8daa654d2fc818d66f60163ff79c8a525fb232b	2026-05-18T08:33:11-04:00	agentdevan	EFC07: complete hybrid Codex batch
37cc76ae68291779126bbab1662a5b273cf6d275	2026-05-18T08:37:42-04:00	agentdevan	Advance queue handoff to EFC08
455e126e24d75bac6d1766b55e5758722219a593	2026-05-18T08:47:25-04:00	agentdevan	Close out EFC08 overlay metadata
ca06d0ff034ffc0433ea5808b47eb109c40c6ab6	2026-05-18T08:50:04-04:00	agentdevan	Repair EFC08 closeout metadata
5449848f1982aa492a67f32d88ff7b661888f823	2026-05-18T08:52:33-04:00	agentdevan	EFC08: complete hybrid Codex batch
c92252e63c5543a5276b943bcc929b6c9a298e0e	2026-05-18T08:56:31-04:00	agentdevan	Advance queue handoff to EFC09
1b86f1f403b526ed375abfe84e650472160d982d	2026-05-18T09:04:56-04:00	agentdevan	Close EFC09 overlay metadata
347d39e77ff819bc79712a2fc9d43d4d66a0ecec	2026-05-18T09:10:41-04:00	agentdevan	Repair EFC09 remaining batch metadata
ef15c8ae56b33bccdc8630c0b1c4240507a7d6e6	2026-05-18T09:13:30-04:00	agentdevan	EFC09: complete hybrid Codex batch
a59746e5a94fceb65a3c5c284dbc70033c650970	2026-05-18T09:17:21-04:00	agentdevan	Advance queue handoff to EFC10
3bf54028665f4689afa32846af148fe622ee5697	2026-05-18T09:25:23-04:00	agentdevan	EFC10: close overlay proof lab coverage
b7a921c714fad15cd6e3ad2be9e737ce49f10c8d	2026-05-18T09:27:45-04:00	agentdevan	EFC10: complete hybrid Codex batch
3076d16c62b5fa925a0cf3a5ea62d38d1149be68	2026-05-18T09:32:17-04:00	agentdevan	Advance queue handoff to EFC11
16a61b01ad6b8dee2b83ddbeb19695bf30cceb3a	2026-05-18T09:46:18-04:00	agentdevan	EFC11: close overlay support coverage
9bb4a00e9ddf35d60fe9fe8b02bdafd923a517dc	2026-05-18T09:46:47-04:00	agentdevan	EFC11: complete hybrid Codex batch
8a0434eed0bf2058e5eeecef4d45e26ca2f0ed48	2026-05-18T09:53:41-04:00	agentdevan	Advance queue handoff to EFC12
66afc0a348c9201c7f67e09b4c8ba22a9f1ee3dd	2026-05-18T10:03:25-04:00	agentdevan	EFC12: complete hybrid Codex batch
d57968e6d01048ed6c24ed4626b9b1b3f4e24064	2026-05-18T10:08:29-04:00	agentdevan	Advance queue handoff to EFC13
216be778fb19d8aa38e73f728ebea68f8b3260b8	2026-05-18T10:22:56-04:00	agentdevan	EFC13: complete hybrid Codex batch
89f4bd570f76c9c50f44e29681f7ced3d8838456	2026-05-18T10:27:37-04:00	agentdevan	Advance queue handoff to EFC14
d9a4137aa338571afc768d4f6a8bc95ac6dd0b9d	2026-05-18T10:46:34-04:00	agentdevan	EFC14: complete hybrid Codex batch
8a4c45e7aac016d3dc1d25f247d5c2e3c41f3ade	2026-05-18T10:52:47-04:00	agentdevan	Advance queue handoff to EFC15
1eaf414dba7064d9b7793753ed7231d6ceca3cff	2026-05-18T11:07:53-04:00	agentdevan	EFC15: complete hybrid Codex batch
bbab0de37af40f8c3cc3f25e81320f7037c2cf87	2026-05-18T11:14:26-04:00	agentdevan	Advance queue handoff to EFC16
ee3ca82bc15766762b281903ab5d3f004f8e0f0b	2026-05-18T11:25:47-04:00	agentdevan	Close EFC16 overlay metadata
edce201315627deeb911be6f7b5c1f07bd188c08	2026-05-18T11:30:41-04:00	agentdevan	Record EFC16 repair pass validation
5e5b69bee824829d1095444ca3d340ed8da0ba3b	2026-05-18T11:33:11-04:00	agentdevan	EFC16: complete hybrid Codex batch
4f2ef7fd7ab6c02fcc5457c648778ebe33254ccf	2026-05-18T11:38:07-04:00	agentdevan	Advance queue handoff to EFC17
571df82d2f09423eff07079b0729de26bf6fec5d	2026-05-18T11:49:43-04:00	agentdevan	Close EFC17 overlay coverage
73fa2dbd3188b92aab1f44bcd506f661d696c64b	2026-05-18T11:51:43-04:00	agentdevan	EFC17: complete hybrid Codex batch
152e9fe28d469c2a2f0dbc312ba47e821815e8fb	2026-05-18T11:57:05-04:00	agentdevan	Advance queue handoff to EFC18
5169917123303529862514421e7b0ea110b0c5c6	2026-05-18T12:09:23-04:00	agentdevan	Close EFC18 overlay coverage
65b90675eb7d5db9ac5c148413bac895847842bd	2026-05-18T12:13:56-04:00	agentdevan	EFC18: complete hybrid Codex batch
0d86ec5c9516d58f17b03e0e5bb87b4d08a7f332	2026-05-18T12:29:39-04:00	agentdevan	Close global train terminal state
db96e0e73a4398661f798e5bd1052a3bbe013ab5	2026-05-18T12:50:16-04:00	agentdevan	Install AMB FE BE implementation train
38a79b182edbe8a6b84fb8ac660c8f662ee5a3e5	2026-05-18T13:02:30-04:00	agentdevan	AMB-FE-BE-PREFLIGHT-00: complete hybrid Codex batch
d59c4925e9f5ebb0ef1fa9f4f01d9642fe400424	2026-05-18T13:11:11-04:00	agentdevan	AMB-FE-BE-CONTRACT-FREEZE-01: complete hybrid Codex batch
24996a7392469a42ecf2a40a3cb8d2e2980cd20b	2026-05-18T13:24:49-04:00	agentdevan	BE-01-RUNTIME-BASELINE: name private runtime boundary
ba70fada55d72f8d4a9064334ff4e5a0db89804b	2026-05-18T13:45:13-04:00	agentdevan	Document safe Xcode validation policy
6973d5dfe60b73fd1391d0ce72d5310f07c6b614	2026-05-18T13:52:42-04:00	agentdevan	Allow wrapper-mediated Xcode validation
8d3f170bee8579afc54deb12fa256d5f275da67d	2026-05-18T13:53:13-04:00	agentdevan	Allow safe Xcode wrapper commands
1692663a867326ab677f49aabe335787a5098db4	2026-05-18T13:53:30-04:00	agentdevan	Fix quote self-check runner metadata
30c1fb053e0768c8bdbcaaaa5696828604c6fabd	2026-05-18T14:13:18-04:00	agentdevan	Add wrapper-native Xcode proof MCP tools
ec7abbe61c01ac104bc393f01ebc4012a65a79b9	2026-05-18T14:13:48-04:00	agentdevan	Document wrapper-native Xcode proof validations
c26927897b72fcf8ec8cb46ef099075e3b0507cc	2026-05-18T14:14:39-04:00	agentdevan	Test wrapper-native Xcode MCP validations
ac7d81562983db020a6c6cc4c7db8a59055f5d5a	2026-05-18T14:16:24-04:00	agentdevan	Update MCP02 Xcode validation docs
dd24279efe0dea51a68edff279a8b0f7592199e5	2026-05-18T14:27:28-04:00	agentdevan	Add autonomy control tools for repo MCP
69141a358cc1f7c5dcb9ac4bcaf643691f225efb	2026-05-18T14:27:47-04:00	agentdevan	BE-02-LEDGER-REPLAY: complete hybrid Codex batch
49de0e93f3b392b708164d317a9aaf4ec7cfaf04	2026-05-18T14:29:00-04:00	agentdevan	Expose autonomy control tools through repo MCP
7b62f945dfdf465ba802ffacb4c4a6c7ef8d373b	2026-05-18T14:29:19-04:00	agentdevan	Merge branch 'main' of https://github.com/agentdevan/ambitions
e747004b7233100ad1f47dcc5636c9be8d00c882	2026-05-18T14:29:28-04:00	agentdevan	Test repo MCP autonomy tools
b600c6a622b183053ee27cffdc276607bdec54c7	2026-05-18T14:29:51-04:00	agentdevan	Document repo MCP autonomy tools
6318fa93288b12cb670fc951fe656f1724cc4a68	2026-05-18T14:30:21-04:00	agentdevan	Update MCP local production autonomy plan
a853b81f30368c03c745d7f9ece6039df9b2a053	2026-05-18T15:02:54-04:00	agentdevan	BE-03-REALITY-MERIDIAN-CAPACITY: complete hybrid Codex batch
848f05273663c63b485575ed1787dbf42176947e	2026-05-18T15:55:16-04:00	agentdevan	BE-04-RECOMMENDATION-DETERMINISM: complete hybrid Codex batch
6ec8ad0de25e8a94636a9361e6aafab34f3e0665	2026-05-18T16:30:41-04:00	agentdevan	BE-05-PROOF-FRESHNESS-RECEIPTS: complete proof freshness receipts
069d38ad2ae50704186c33c0c2f757c592215884	2026-05-18T16:36:02-04:00	agentdevan	Refresh Ambitions AGENTS contract
ba40c7d674157da1fe5ab1725a639b87cc9f1634	2026-05-18T16:38:30-04:00	agentdevan	Clarify bounded patch model fallback
9e8a28e921a0973a5d1baeaf7a797b671e8d1029	2026-05-18T16:49:11-04:00	agentdevan	Install flagship Codex OS upgrade layer
c5b3500dec9810b604d3a21d08517fbd9e42da1b	2026-05-18T16:49:27-04:00	agentdevan	Merge branch 'main' of https://github.com/agentdevan/ambitions
0d90ad8270f0caadcd556f543549ae3d26d244f9	2026-05-18T16:56:19-04:00	agentdevan	Trim AGENTS header whitespace
c739b0a9b167d1ae387a462777ffd49a25849d60	2026-05-18T17:09:18-04:00	agentdevan	Install ChatGPT repo OS handoff layer
32a28f3c3c74701104342227e6f7a4f0bb84279c	2026-05-18T17:23:03-04:00	agentdevan	Install Ambitions UI Studio control plane
b2540edfbb36a95e51bf4d001864c5c3bc362545	2026-05-18T17:50:45-04:00	agentdevan	BE-06-PROTECTED-TIME-PRIVACY: complete protected time privacy
1ff05ad07986f03b891b1384af8a67f7606b3fb5	2026-05-18T18:29:06-04:00	agentdevan	Install blocked post-23 truth audit train README
2e50f9517cc7fe2643d08df40caa79f41cfb5a5c	2026-05-18T18:29:41-04:00	agentdevan	Install post-23 truth audit manifest
9dd86efe8747eda0fd609014e6809eb9aa8c8217	2026-05-18T18:30:02-04:00	agentdevan	Install post-23 truth audit status
27b807b6d2b9df2e96d0113e1663edb5c8966344	2026-05-18T18:30:22-04:00	agentdevan	Install post-23 eligibility gate
e0e77550dfc5a07aaa66b922f4702fcc2e21dc5d	2026-05-18T18:31:18-04:00	agentdevan	Install post-23 classification rubric
8ef80c2534b6cef76b3657e8c4e406927e7cf781	2026-05-18T18:31:54-04:00	agentdevan	Install post-23 repair routing
dd7ddd91bfd33a13cecfcd95ea787808f0ada4a5	2026-05-18T18:33:44-04:00	agentdevan	Install post-23 auto pickup note
94e8908b2f089ff99fe7ded9b1951de868df772a	2026-05-18T18:34:11-04:00	agentdevan	Install post-23 completion sentinel prompt
296feef533ab54e18aab9c6a3ab00281c2591925	2026-05-18T18:34:50-04:00	agentdevan	Install post-23 truth audit prompt
2761d64bd11826efd46c06ebc47a110c918d3ee4	2026-05-18T18:35:10-04:00	agentdevan	Install post-23 underdelivery repair prompt
44bdb222404f61205828cffc029e83ff9c396a85	2026-05-18T18:38:21-04:00	agentdevan	Install post-23 authority cleanup prompt
8634f132b46f2875a42eafe22c643b78834c6e67	2026-05-18T18:38:54-04:00	agentdevan	Install post-23 next train recommendation prompt
812c906e4af8efb3b659839a48bb6a02847b49f9	2026-05-18T18:38:54-04:00	agentdevan	BE-07-VERTICAL-SLICE-PROOF: complete vertical slice proof
f7ff918cdaea6e0763153bd4ea0fea7cb30b19c1	2026-05-18T18:39:57-04:00	agentdevan	Normalize post-23 sentinel runner header
7fdb35aba1ff969262535a35df23698ebccd3a55	2026-05-18T18:47:43-04:00	agentdevan	Install post-23 truth audit install report
8cff6d5a4a4ec7ce0a5e74ea4e27c9c950f8df1e	2026-05-18T18:56:48-04:00	agentdevan	Merge branch 'main' of https://github.com/agentdevan/ambitions
fbd111c1beae00fa2656f02752c6cd8ee01e5e3c	2026-05-18T19:49:51-04:00	agentdevan	BE-08-DIAGNOSTICS-MIGRATION-HARDENING: complete migration diagnostics
9ca790e8c1e2771b2c55f138171c688aa6a5efdd	2026-05-18T20:01:28-04:00	agentdevan	FE-01-CANON-FREEZE: freeze frontend canon
fd1607e11f7efdbfe2f2a5ec75658d2e4dbfc162	2026-05-18T20:12:28-04:00	agentdevan	FE-02-DESIGN-LANGUAGE: freeze design language
27af4e477424aa43833b2c18c6be368862595088	2026-05-18T20:29:17-04:00	agentdevan	FE-03-TOKENS: make token architecture durable
70b96e3a5835f425ced38d87063cba1d3c43cf92	2026-05-18T21:07:35-04:00	agentdevan	FE-04-PRIMITIVES: install shared visual primitives
0a1470fbee270db7332572bd3e56f3fb1cb1dbff	2026-05-18T21:21:28-04:00	agentdevan	FE-05-GEOMETRY-REALITY-MERIDIAN: connect Today meridian geometry
35a58d352cdce9854856f6ebe216b02b35a3877f	2026-05-18T21:57:15-04:00	agentdevan	Complete FE-06 shell migration proof
d5bec1860961710dd2d2438d06fff33f5f7f5092	2026-05-18T22:13:22-04:00	agentdevan	Complete FE-07 root surface proof
f788dc407090e9c7cafa6e31cf1ee0853ee45bc1	2026-05-18T22:40:32-04:00	agentdevan	Complete FE-08 trust receipt surfaces
355e0cff3a4e7896500a78e28faf1037abef84b0	2026-05-18T23:09:58-04:00	agentdevan	Complete FE-09 component system proof
78c53ad0024908da68dffb284e52dbc2d0a4a0bf	2026-05-18T23:38:57-04:00	agentdevan	Complete FE-10 interaction accessibility proof
72e4cdba6d35e4902f99240a35a79df81c60f231	2026-05-18T23:55:10-04:00	agentdevan	Complete FE-11 preview visual QA proof
91693809c4b8413fb6d4ddcaa965fce5ba83ce28	2026-05-19T00:01:19-04:00	agentdevan	Complete FE-12 chrome contracts hardening
51b678578374324e23c67cd9814159029543999f	2026-05-19T00:06:35-04:00	agentdevan	Complete AMB FE BE integrated proof report
cdc84b2aceb118e7dc708e6d7a83ed70952e04e8	2026-05-19T00:48:41-04:00	agentdevan	Refresh repo doctor generated outputs
f4a0d1a36e5702aaeff4ce4eff30c0fad09e5e4a	2026-05-19T06:20:18-04:00	agentdevan	Close FE09-FE11 visual QA batches
f75876e487ccc86b3966fbdda4adc107c03b56bb	2026-05-19T06:27:58-04:00	agentdevan	Install AmbitionsOS moat governance
f68a7614d271be9e47fc0e06eb3652cd1da1800c	2026-05-19T07:20:33-04:00	agentdevan	Classify timed-out XCTest proof as recoverable
8d01d17eef7440cac136a9c9ac51c4d07719ebae	2026-05-19T07:32:54-04:00	agentdevan	Track XcodeBuildMCP simulator config
5fdb5f1cb857b84169cd8016d9efb76e63567ad9	2026-05-19T07:33:30-04:00	agentdevan	Add timeout-safe XcodeBuildMCP registration script
2a9126216db0602995095d8922d63e39dff5fb17	2026-05-19T07:35:09-04:00	agentdevan	Add XcodeBuildMCP registration make target
0bd7616e851d581485dff4973b13b9ee401d1a5e	2026-05-19T07:39:21-04:00	agentdevan	Document timeout-safe XcodeBuildMCP setup
92d76530de29c6ab289bdfe3c54ac692d2c53f20	2026-05-19T08:20:33-04:00	agentdevan	Make FE-11 preview visual QA green
4ff9a0355e9bece7b77cf71c6902362823d4572d	2026-05-19T10:05:34-04:00	agentdevan	Add FE BE moat scenario proof
42df40595f3d58154417ecfe8b803701b8fbbbf0	2026-05-19T10:13:33-04:00	agentdevan	Mark FE BE integrated proof green
3fa45d9a6fc8f50993f377bab5e16f25c605b69f	2026-05-19T10:20:43-04:00	agentdevan	Add post-23 completion sentinel report
c6d7a703617531c392227b0856900c1df075ed67	2026-05-19T12:01:33-04:00	agentdevan	Record post-23 truth audit repairs
abe8c5e65a765d4b072b90be4fa8cfc9fff3dcd9	2026-05-19T12:16:31-04:00	agentdevan	Record post-23 next train recommendation
99ae658d0f6c900f478086c03d82bdbf87f8fbf9	2026-05-19T12:50:02-04:00	agentdevan	Add moat scenario proof 98 review evidence
19b3ca76ab3989bfa01984ea797b5182fafd8e8f	2026-05-19T13:20:59-04:00	agentdevan	Refresh repo doctor generated outputs
da45b35b22708b31486d06186d86de8b71050a25	2026-05-19T13:32:55-04:00	agentdevan	Install POST99 UI Suite activation train
b31cafafe79fb103b2697ac9e2314fb83edae7bd	2026-05-19T13:33:33-04:00	agentdevan	Install POST99 UI Suite activation prompt
8a73f7c73d68668c817a212472eb6eded98bbd79	2026-05-19T13:33:54-04:00	agentdevan	Register POST99 UI Suite activation state
44fa9a5ff41c940dbbdcdbb7c03869e6039202f7	2026-05-19T13:51:54-04:00	agentdevan	Activate POST99 UI suite routing
fdb8d11f4d113198080d7d07545849865a70b177	2026-05-19T14:27:50-04:00	agentdevan	Make UI Studio surface brief gate green
ac351cdbdef054fed05d24087d85faec531b5d9a	2026-05-19T14:38:04-04:00	agentdevan	Refresh repo doctor outputs
b8398a79e90fcee63093d91fd921ba1f1fb198d3	2026-05-19T14:51:35-04:00	agentdevan	Add UI Studio tokens and materials review
9d08842bbc11ade2573743918cbb2a8704871e6c	2026-05-19T15:09:15-04:00	agentdevan	Tighten Reality Meridian Start Here aperture
c83b73a274b9316673efe99bcfe7b457055e25b5	2026-05-19T15:23:05-04:00	agentdevan	Define Start Here command object contract
ec900d9d0c84037cb66f846d9f0a04eae5729e31	2026-05-19T16:16:45-04:00	agentdevan	Apply five-surface composition identity
3d6d819ca11a1a8bade1f35d607f9a3c032201d0	2026-05-19T16:38:46-04:00	agentdevan	Define closure recovery interaction grammar
0a1943ae4cbee8124fae1fd1cb66e7fb1da03d4a	2026-05-19T17:46:09-04:00	agentdevan	Tighten You trust continuity copy
ba2a3db46f80deddcebca9a3151c36913087b169	2026-05-19T18:02:31-04:00	agentdevan	Refine onboarding category UX
a8a42b9fbae110bba39f7dc540cb82e0152a248e	2026-05-19T18:13:16-04:00	agentdevan	Add UI Studio preview screenshot matrix
3f072eba6391a4cf72efc99089bf812180e15e7a	2026-05-19T18:25:49-04:00	agentdevan	Add UI Studio red-team trace
3f1afb2cdc57c079bdcde21598f2b2b37d6b3f56	2026-05-19T18:33:37-04:00	agentdevan	Close POST99 UI Studio train
c9af4904996d6ace1d57dace67cfd64cad2d25fb	2026-05-19T20:04:52-04:00	agentdevan	Repair global queue resolver
4d6e5888e42774e6da111b4d43159a296a9e1659	2026-05-19T20:15:41-04:00	agentdevan	Tighten global queue runnable classification
69d048192d9797ce77597b95c659dc4a90d85ed7	2026-05-19T20:40:34-04:00	agentdevan	Accept post-23 truth audit yellow
c7e7bc29f8580044507a2dd318a5c8e4da2c4867	2026-05-19T20:42:49-04:00	agentdevan	Add frontend authority to post-23 repair prompt
fae19028903c0b708f83e15add53e1c8dd097be8	2026-05-19T20:58:05-04:00	agentdevan	Repair post-23 frontend source bindings
2b3bba3c01dd10ca1056542eefe6d2b50558e1c2	2026-05-19T20:59:51-04:00	agentdevan	Add frontend authority to post-23 recommendation prompt
e5c31d96dd1236009249cbe3fb0806c398804394	2026-05-19T21:05:48-04:00	agentdevan	Accept post-23 next-train recommendation yellow
bdb6f3dfd5f345614a4d9e70b439c6ab3b0152bc	2026-05-19T21:07:41-04:00	agentdevan	Add frontend authority to FE-BE integrated proof prompt
796cc819e6b607d06038fd3ed447eaf44b2e5a8c	2026-05-19T21:20:06-04:00	agentdevan	AMB-FE-BE-INTEGRATED-PROOF-99: complete hybrid Codex batch
82d833c8c8a05576345bad63c901813c3781a96f	2026-05-19T21:20:24-04:00	agentdevan	Remove tracked global train lock
da22274477c8d1d26faadc8d54d30b63f481b50d	2026-05-19T21:23:08-04:00	agentdevan	Teach resolver runner report closeouts
e7ddc8c6122106df3b79bb41e6c72394e01a3f98	2026-05-19T21:24:58-04:00	agentdevan	Add frontend authority to FE-BE contract prompt
4cae250727f7bedddb671ca1a645879d8191f311	2026-05-19T21:37:47-04:00	agentdevan	AMB-FE-BE-CONTRACT-FREEZE-01: complete hybrid Codex batch
e1d6f08e2c49d0bcc6bd21266dd6f362e8885a6b	2026-05-19T21:38:00-04:00	agentdevan	Remove tracked global train lock after contract batch
8f396919d4f2dc4e1d28b8ef95840940f104c145	2026-05-19T21:39:06-04:00	agentdevan	Recognize runner status closeouts in resolver
367eb1b8be641541e58b00c8733bd9d7ad28147e	2026-05-19T21:48:40-04:00	agentdevan	Skip completed FE BE train commits in resolver
2937bcbbb4f344f58a12274ffb0890fd0f9c2b4c	2026-05-19T22:28:59-04:00	agentdevan	UI-STUDIO-08: complete onboarding category UX
4de2a6edd1980b60ac041cb1f5e0ad027c5d7030	2026-05-19T22:54:23-04:00	agentdevan	Close repo authority and CS metadata cleanup
24f137bdec030e84266b2a9ecacbd53010c64514	2026-05-19T23:07:57-04:00	agentdevan	Add post24 truth authority audit
bb964e7237950353280242d42a7ab4a29a0c8f04	2026-05-19T23:15:21-04:00	agentdevan	AMB-CATEGORY-PERSONAL-LIFE-OS-CANON-01: complete hybrid Codex batch
70233766db932de4567fa40177f8a51dfe063128	2026-05-19T23:21:12-04:00	agentdevan	AMB-RUNTIME-PRIVATE-LIFE-RUNTIME-L0L1-02: install runtime ownership contracts
449cf1aa91b44b3a13c9fc53b4c617f8b2636ccc	2026-05-19T23:30:33-04:00	agentdevan	AMB-BRIDGE-RUNTIME-FRONTEND-PROJECTION-CONTRACTS-03: fix memory lens contract field
d93b9762a607298637ea44d7236e880b37ecb2fe	2026-05-19T23:39:21-04:00	agentdevan	AMB-INTELLIGENCE-DETERMINISTIC-CANDIDATE-COMPETITION-04: complete hybrid Codex batch
a211eeb0efece785e3e64ee6f43bced16ee0c9b5	2026-05-19T23:47:59-04:00	agentdevan	Document closure learning memory controls
e27664ed0332146ed66ba3e53b8c6bc3a9c7f6c5	2026-05-19T23:49:53-04:00	agentdevan	Add file-by-file repo audit prompt
0add0d1caac64bdb485622a5de5c698f73484594	2026-05-20T00:10:20-04:00	agentdevan	Add file-by-file repo audit
085083d30cfee7ed586fdf74f642c74e8b6c1fab	2026-05-20T01:52:50-04:00	agentdevan	Install Source Atlas coverage universe
2fd97820aa7dd75d5daec28752a9c5c18bed1061	2026-05-20T08:01:21-04:00	agentdevan	Add green flagship reset train scaffold
2340f1dfb73e8ade06b128dc6020f9d5cb6b9faa	2026-05-20T08:07:16-04:00	agentdevan	Add reset master train prompts
e9a83afaca33e48a949d211dcf56c1e90f6cfa4a	2026-05-20T08:23:01-04:00	agentdevan	Refresh reset master train 00 snapshot
6148d416b9c4cc1fc4d1122da2d656cfa4da04ae	2026-05-20T08:47:54-04:00	agentdevan	Calibrate repo audit reports
240a0477cf585ee698393c44d8c1b1946617f4be	2026-05-20T09:34:55-04:00	agentdevan	Clarify authority boundaries in reset master reports
0e86b1da16b44a918cc435e0bc3c593c593eea54	2026-05-20T13:06:06-04:00	agentdevan	Commit reset trains T04 through T08
06f3f97728907777b1b7a03d5bf19895c747550c	2026-05-20T13:26:15-04:00	agentdevan	Install IOS26 flagship train prompt system
ca7982699c5877edc8a53ac0fa7d1c0cad61035f	2026-05-20T13:44:24-04:00	agentdevan	Install IOS26 train execution tooling
6f6ac4d0944e2bd9404b241cb69f8a02d16ffb5a	2026-05-20T14:30:08-04:00	agentdevan	Allow approval prompts for Codex git commands
10cceeff920cc174b3191461baa6fa83ddb0e8df	2026-05-20T14:33:10-04:00	agentdevan	Complete reset train T09 goals extraction
43ed5818652c5d4468e157214879b24fc67c50f4	2026-05-20T15:00:37-04:00	agentdevan	Route Xcode validation through fast trust wrapper
530119f6526e3c22d00ca582d76e9d0867f8c611	2026-05-20T15:30:01-04:00	agentdevan	Make Codex OS validator scope-aware
c9f7b783ef116db1e23bed28ae31aad23983c008	2026-05-20T15:36:47-04:00	agentdevan	Complete reset train T10 capture extraction
3c2f5c23549becd54b95efd48b685badb98d1a64	2026-05-20T16:22:25-04:00	agentdevan	Consolidate Ambitions script hygiene controls
843b8a42c3c89e6e4163fd3c34815d13f1c1db86	2026-05-20T16:27:53-04:00	agentdevan	Restore Ambitions skill hygiene consolidation
157a367208bbe2044a92b60bf746680c0dfd71f6	2026-05-20T16:34:35-04:00	agentdevan	Complete reset train T11 time extraction
3111498a2c6e2ae8ed627673d02731a7c47801ae	2026-05-20T20:08:04-04:00	agentdevan	Complete T12 You extraction
d1767b4d9b71d4fa36e05a743f8cb7e8ebc85f52	2026-05-20T20:26:32-04:00	agentdevan	Complete T13 runtime proof alignment
b6284626408a22904d5f2ffdcaa2458ac69eb1e4	2026-05-20T21:07:55-04:00	agentdevan	Complete T14 tests previews a11y alignment
bd3cc745ba69d15a7d5b1fbaade878b0b5799c7a	2026-05-20T21:21:40-04:00	agentdevan	Complete T15 docs historical pruning
7800986a2ddda248bc7f1511782385809bb44a30	2026-05-20T21:54:31-04:00	agentdevan	Complete T16 validation harness
a67af6a71d38e6eb70ec201a18ff1024b0e32034	2026-05-20T22:07:19-04:00	agentdevan	Complete T17 final IA scan
516d788a125a3fa0e06b9fc824b40a38ce8beae6	2026-05-20T22:08:05-04:00	agentdevan	pngs
21a32580ffccc69f3e752ec03ddc8063198c5e0b	2026-05-20T22:26:44-04:00	agentdevan	Complete T18 final green report